annees	O2_fraction	CO2_Pa	CH4_ppb	pression_Pa	temperature_K	glace	ocean	biomasse_molC	lignees	guildes	etape_photosynthese	O2_production	O2_liberation	O2_puits	enfouissement_C	accelerateur
0	0.0000e0	9.9980e3	0.0000e0	9.0001e4	273.59	0.289	0.397	-0.0000e0	0	0	0	0.000e0	0.000e0	0.000e0	0.000e0	0
1000000	0.0000e0	1.5027e4	4.0955e0	9.6917e4	275.56	0.292	0.393	1.7621e5	3	3	2	0.000e0	0.000e0	0.000e0	1.122e5	0
2000000	0.0000e0	1.4599e4	1.8263e1	9.6338e4	275.40	0.293	0.388	1.4156e5	9	9	3	0.000e0	0.000e0	0.000e0	1.192e5	0
3000000	0.0000e0	1.4574e4	1.4043e3	9.6305e4	275.48	0.295	0.382	6.6635e6	15	14	3	0.000e0	0.000e0	0.000e0	3.424e6	0
4000000	0.0000e0	1.4685e4	9.3888e4	9.6459e4	278.99	0.296	0.377	2.1726e8	35	24	3	0.000e0	0.000e0	0.000e0	8.171e8	0
5000000	0.0000e0	1.5077e4	1.2600e4	9.6984e4	277.82	0.297	0.373	2.1825e7	28	25	3	0.000e0	0.000e0	0.000e0	1.890e8	0
6000000	0.0000e0	1.5553e4	4.3028e3	9.7627e4	276.33	0.299	0.368	1.5088e7	22	24	3	0.000e0	0.000e0	0.000e0	1.814e7	0
7000000	0.0000e0	1.6005e4	1.9199e4	9.8235e4	277.57	0.302	0.360	5.5180e7	37	30	3	0.000e0	0.000e0	0.000e0	9.225e7	0
8000000	0.0000e0	1.6013e4	3.3646e4	9.8245e4	278.30	0.303	0.352	4.5090e7	29	32	3	0.000e0	0.000e0	0.000e0	3.359e8	0
9000000	0.0000e0	1.8438e4	2.4982e4	1.0148e5	278.41	0.304	0.347	4.0890e7	30	36	3	0.000e0	0.000e0	0.000e0	7.525e7	0
10000000	0.0000e0	1.8404e4	8.4193e3	1.0143e5	277.52	0.307	0.342	1.1533e7	49	45	3	0.000e0	0.000e0	0.000e0	2.736e7	0
11000000	0.0000e0	1.8918e4	1.4000e4	1.0211e5	279.01	0.307	0.338	2.9375e8	23	36	3	0.000e0	0.000e0	0.000e0	2.130e8	0
12000000	0.0000e0	1.8403e4	1.0539e5	1.0143e5	278.96	0.308	0.336	3.5371e11	100	56	3	0.000e0	0.000e0	0.000e0	7.227e10	0
13000000	0.0000e0	1.7575e4	5.4247e5	1.0036e5	280.74	0.310	0.332	2.7839e12	76	59	3	0.000e0	0.000e0	0.000e0	3.379e11	0
14000000	0.0000e0	1.5908e4	2.7345e6	9.8271e4	281.52	0.311	0.324	5.2050e12	91	68	3	0.000e0	0.000e0	0.000e0	6.292e11	0
15000000	0.0000e0	1.6079e4	2.0437e6	9.8458e4	281.33	0.313	0.322	6.6986e12	79	70	3	0.000e0	0.000e0	0.000e0	7.272e11	0
16000000	0.0000e0	1.5067e4	5.4163e6	9.7300e4	281.60	0.314	0.317	1.1270e13	61	69	3	0.000e0	0.000e0	0.000e0	1.475e12	0
17000000	0.0000e0	1.4170e4	8.5366e6	9.6268e4	282.10	0.314	0.313	1.3419e13	53	69	3	0.000e0	0.000e0	0.000e0	1.655e12	0
18000000	0.0000e0	1.2926e4	4.4651e6	9.4319e4	280.88	0.318	0.313	1.0509e13	61	65	3	0.000e0	0.000e0	0.000e0	8.539e11	0
19000000	0.0000e0	1.3283e4	2.9898e6	9.4722e4	280.54	0.319	0.306	7.3011e12	69	63	3	0.000e0	0.000e0	0.000e0	7.451e11	0
20000000	0.0000e0	1.3790e4	2.1486e6	9.5366e4	280.21	0.320	0.303	5.0941e12	83	65	3	0.000e0	0.000e0	0.000e0	7.607e11	0
21000000	0.0000e0	1.5758e4	1.6652e6	9.8004e4	280.93	0.321	0.303	3.8308e12	75	59	3	0.000e0	0.000e0	0.000e0	3.018e11	0
22000000	0.0000e0	1.5217e4	1.3063e6	9.7253e4	280.38	0.323	0.298	2.7045e12	76	61	3	0.000e0	0.000e0	0.000e0	2.679e11	0
23000000	0.0000e0	1.7349e4	1.1355e6	1.0010e5	281.06	0.323	0.295	2.3039e12	80	60	3	0.000e0	0.000e0	0.000e0	2.731e11	0
24000000	0.0000e0	1.7541e4	1.9021e6	1.0040e5	281.50	0.323	0.290	2.8392e12	79	63	3	0.000e0	0.000e0	0.000e0	6.710e11	0
25000000	0.0000e0	1.7345e4	2.8528e6	1.0020e5	281.92	0.325	0.283	3.2798e12	98	68	3	0.000e0	0.000e0	0.000e0	7.934e11	0
26000000	0.0000e0	1.6744e4	2.5927e6	9.9384e4	281.67	0.327	0.280	2.7028e12	100	65	3	0.000e0	0.000e0	0.000e0	8.161e11	0
27000000	0.0000e0	1.6391e4	1.2945e6	9.8831e4	281.10	0.328	0.279	2.0074e12	92	61	3	0.000e0	0.000e0	0.000e0	4.917e11	0
28000000	0.0000e0	1.7624e4	1.1175e5	1.0040e5	279.19	0.333	0.276	9.8721e11	89	63	3	0.000e0	0.000e0	0.000e0	6.940e10	0
29000000	0.0000e0	2.0266e4	6.5764e3	1.0388e5	276.90	0.343	0.275	4.5980e11	106	64	3	0.000e0	0.000e0	0.000e0	5.455e8	0
30000000	0.0000e0	2.1463e4	1.0575e4	1.0544e5	277.16	0.344	0.274	2.1278e11	98	66	3	0.000e0	0.000e0	0.000e0	2.642e9	0
31000000	0.0000e0	2.3306e4	1.3194e4	1.0782e5	278.14	0.345	0.277	9.3451e10	88	68	3	0.000e0	0.000e0	0.000e0	1.931e9	0
32000000	0.0000e0	2.3433e4	4.2959e4	1.0799e5	278.40	0.343	0.273	2.5909e11	86	63	3	0.000e0	0.000e0	0.000e0	2.283e10	0
33000000	0.0000e0	2.5608e4	1.1793e5	1.1078e5	280.89	0.345	0.277	7.1703e11	71	59	3	0.000e0	0.000e0	0.000e0	5.360e10	0
34000000	0.0000e0	2.5869e4	5.3729e3	1.1110e5	277.99	0.348	0.275	2.9391e11	67	55	3	0.000e0	1.187e11	1.187e11	2.235e8	0
35000000	0.0000e0	2.6027e4	8.9477e3	1.1130e5	277.97	0.346	0.275	1.7087e11	68	53	3	0.000e0	0.000e0	0.000e0	3.350e9	0
36000000	0.0000e0	2.6283e4	6.4815e4	1.1163e5	280.39	0.345	0.274	1.3962e11	65	44	3	0.000e0	0.000e0	0.000e0	8.775e9	0
37000000	0.0000e0	2.6489e4	1.5146e4	1.1189e5	279.97	0.344	0.273	9.7449e10	77	51	3	0.000e0	0.000e0	0.000e0	2.531e9	0
38000000	0.0000e0	2.8003e4	2.9366e4	1.1381e5	279.89	0.344	0.271	8.7982e10	58	52	3	0.000e0	0.000e0	0.000e0	6.974e9	0
39000000	0.0000e0	2.8778e4	6.4516e4	1.1478e5	281.11	0.342	0.269	7.8331e10	61	47	3	0.000e0	0.000e0	0.000e0	8.248e9	0
40000000	0.0000e0	2.8374e4	1.7925e4	1.1427e5	279.98	0.343	0.267	5.9051e10	63	47	3	0.000e0	0.000e0	0.000e0	1.736e9	0
41000000	0.0000e0	2.9025e4	1.7282e4	1.1509e5	280.08	0.344	0.268	3.1576e10	61	48	3	0.000e0	0.000e0	0.000e0	2.034e9	0
42000000	0.0000e0	2.8302e4	5.0123e4	1.1419e5	280.88	0.346	0.268	1.4252e11	54	43	3	0.000e0	0.000e0	0.000e0	1.523e10	0
43000000	0.0000e0	2.7819e4	1.9800e4	1.1357e5	280.19	0.345	0.268	1.0572e11	60	44	3	0.000e0	0.000e0	0.000e0	4.856e9	0
44000000	0.0000e0	2.7850e4	3.5867e4	1.1361e5	280.29	0.346	0.266	8.6636e10	58	45	3	0.000e0	0.000e0	0.000e0	1.095e10	0
45000000	0.0000e0	2.8170e4	1.7114e4	1.1402e5	280.24	0.347	0.263	5.7162e10	45	44	3	0.000e0	0.000e0	0.000e0	2.497e9	0
46000000	0.0000e0	2.8195e4	2.4492e4	1.1405e5	280.19	0.346	0.263	6.8996e10	49	42	3	0.000e0	3.387e10	3.387e10	4.514e9	0
47000000	0.0000e0	2.9473e4	1.2435e4	1.1565e5	280.22	0.347	0.262	3.5487e10	55	43	3	0.000e0	8.956e10	8.956e10	7.720e8	0
48000000	0.0000e0	2.9516e4	1.6285e4	1.1571e5	279.94	0.350	0.260	2.7684e10	25	39	3	0.000e0	0.000e0	0.000e0	1.434e9	0
49000000	0.0000e0	3.0428e4	1.9377e4	1.1685e5	280.37	0.350	0.257	5.4711e10	21	35	3	0.000e0	0.000e0	0.000e0	3.785e9	0
50000000	0.0000e0	3.0374e4	2.6385e4	1.1678e5	280.54	0.351	0.257	6.9135e10	31	37	3	0.000e0	0.000e0	0.000e0	5.714e9	0
51000000	0.0000e0	3.1126e4	1.7091e4	1.1772e5	280.93	0.350	0.262	4.0621e10	32	37	3	0.000e0	2.495e10	2.495e10	4.681e8	0
52000000	0.0000e0	3.1055e4	2.4650e4	1.1763e5	280.84	0.348	0.265	4.4231e10	28	35	3	0.000e0	0.000e0	0.000e0	4.010e9	0
53000000	0.0000e0	2.9894e4	1.4851e4	1.1618e5	280.17	0.349	0.265	1.0440e11	48	36	3	0.000e0	0.000e0	0.000e0	3.077e9	0
54000000	0.0000e0	2.9951e4	1.3617e4	1.1625e5	280.13	0.352	0.264	4.7786e10	52	37	3	0.000e0	0.000e0	0.000e0	1.460e9	0
55000000	0.0000e0	2.9407e4	2.7256e4	1.1557e5	280.53	0.350	0.259	5.5481e10	59	40	3	0.000e0	0.000e0	0.000e0	5.755e9	0
56000000	0.0000e0	2.9760e4	1.5993e4	1.1601e5	280.48	0.352	0.257	3.0587e10	45	36	3	0.000e0	0.000e0	0.000e0	1.370e9	0
57000000	0.0000e0	3.0614e4	2.4116e4	1.1708e5	280.78	0.351	0.265	4.7046e10	53	37	3	0.000e0	0.000e0	0.000e0	5.465e9	0
58000000	0.0000e0	3.0826e4	1.8058e4	1.1734e5	280.56	0.350	0.266	6.5130e10	42	37	3	0.000e0	0.000e0	0.000e0	2.026e9	0
59000000	0.0000e0	3.1642e4	2.0038e4	1.1836e5	280.97	0.349	0.261	4.1229e10	47	38	3	0.000e0	0.000e0	0.000e0	2.508e9	0
60000000	0.0000e0	3.1107e4	1.8293e4	1.1769e5	280.44	0.350	0.262	1.6864e10	36	35	3	0.000e0	0.000e0	0.000e0	1.104e9	0
61000000	0.0000e0	3.0953e4	1.7339e4	1.1750e5	280.62	0.349	0.264	1.3150e10	43	38	3	0.000e0	0.000e0	0.000e0	3.759e9	0
62000000	0.0000e0	3.1180e4	2.6336e4	1.1779e5	281.40	0.348	0.263	4.2289e10	43	35	3	0.000e0	0.000e0	0.000e0	8.406e9	0
63000000	0.0000e0	3.1571e4	1.9999e4	1.1827e5	281.14	0.348	0.267	5.5341e10	38	36	3	0.000e0	0.000e0	0.000e0	2.777e9	0
64000000	0.0000e0	3.1534e4	2.3078e4	1.1823e5	281.57	0.348	0.264	6.0753e10	43	36	3	0.000e0	2.157e11	2.157e11	3.330e9	0
65000000	0.0000e0	3.1885e4	3.2423e4	1.1866e5	281.53	0.347	0.265	4.7124e10	37	35	3	0.000e0	1.052e11	1.052e11	1.003e9	0
66000000	0.0000e0	3.1737e4	3.2059e4	1.1848e5	281.20	0.346	0.267	6.6894e10	35	34	3	0.000e0	0.000e0	0.000e0	5.728e9	0
67000000	0.0000e0	3.1137e4	4.0257e4	1.1773e5	281.40	0.346	0.266	1.3351e11	50	40	3	0.000e0	0.000e0	0.000e0	1.931e10	0
68000000	0.0000e0	2.9891e4	3.3010e3	1.1617e5	280.00	0.347	0.263	7.9656e10	70	41	3	0.000e0	6.468e11	6.468e11	1.499e9	0
69000000	0.0000e0	3.0075e4	3.0248e4	1.1641e5	280.76	0.350	0.261	6.0044e10	34	34	3	0.000e0	0.000e0	0.000e0	4.130e9	0
70000000	0.0000e0	2.9564e4	2.1642e4	1.1577e5	280.93	0.348	0.264	8.0695e10	48	37	3	0.000e0	0.000e0	0.000e0	6.080e9	0
71000000	0.0000e0	3.0601e4	1.2685e4	1.1706e5	280.95	0.345	0.261	4.1332e10	57	42	3	0.000e0	1.224e11	1.224e11	8.373e8	0
72000000	0.0000e0	3.1771e4	2.7245e4	1.1852e5	281.60	0.345	0.261	2.5204e10	41	36	3	0.000e0	0.000e0	0.000e0	4.440e9	0
73000000	0.0000e0	3.0989e4	6.0586e4	1.1755e5	282.66	0.344	0.257	1.2122e11	41	36	3	0.000e0	0.000e0	0.000e0	3.287e10	0
74000000	0.0000e0	3.0291e4	5.0928e3	1.1668e5	280.45	0.342	0.253	5.3900e10	60	40	3	0.000e0	1.396e11	1.396e11	7.741e8	0
75000000	0.0000e0	3.0637e4	2.1834e4	1.1711e5	281.70	0.341	0.255	2.2043e10	43	36	3	0.000e0	3.038e10	3.038e10	1.078e9	0
76000000	0.0000e0	3.1058e4	2.4390e4	1.1763e5	282.04	0.340	0.250	2.5088e10	32	31	3	0.000e0	7.597e10	7.597e10	1.682e9	0
77000000	0.0000e0	3.2084e4	2.4716e4	1.1891e5	282.03	0.339	0.249	1.0293e10	32	30	3	0.000e0	3.023e10	3.023e10	1.100e9	0
78000000	0.0000e0	3.0383e4	3.5876e4	1.1679e5	282.17	0.339	0.252	8.2080e10	31	34	3	0.000e0	0.000e0	0.000e0	5.284e9	0
79000000	0.0000e0	2.8948e4	7.1842e4	1.1500e5	281.77	0.338	0.254	9.3627e10	31	34	3	0.000e0	1.557e11	1.557e11	1.277e10	0
80000000	0.0000e0	2.8634e4	2.6897e4	1.1460e5	281.21	0.339	0.253	4.3155e10	32	34	3	0.000e0	0.000e0	0.000e0	1.061e9	0
81000000	0.0000e0	3.0093e4	2.8656e4	1.1643e5	281.63	0.340	0.251	1.9344e10	32	34	3	0.000e0	2.466e10	2.466e10	1.196e9	0
82000000	0.0000e0	3.1227e4	3.6175e4	1.1784e5	282.04	0.340	0.252	4.2399e10	32	33	3	0.000e0	0.000e0	0.000e0	5.862e9	0
83000000	0.0000e0	3.0487e4	4.0073e4	1.1692e5	282.39	0.338	0.252	4.0545e10	38	33	3	0.000e0	0.000e0	0.000e0	1.380e10	0
84000000	0.0000e0	2.8939e4	1.6627e4	1.1498e5	281.21	0.336	0.246	1.9390e10	45	37	3	0.000e0	5.558e10	5.558e10	1.418e9	0
85000000	0.0000e0	2.9475e4	2.4889e4	1.1566e5	281.62	0.338	0.249	7.6516e9	36	33	3	0.000e0	8.523e10	8.523e10	1.123e9	0
86000000	0.0000e0	3.0157e4	1.4590e4	1.1651e5	282.14	0.337	0.248	8.0691e10	36	32	3	0.000e0	5.626e11	5.626e11	2.150e9	0
87000000	0.0000e0	3.2520e4	1.1536e4	1.1945e5	280.65	0.337	0.246	3.9019e10	35	31	3	0.000e0	2.185e11	2.185e11	7.758e8	0
88000000	0.0000e0	3.1757e4	3.0431e4	1.1850e5	282.47	0.334	0.247	9.3247e10	31	28	3	0.000e0	0.000e0	0.000e0	6.995e9	0
89000000	0.0000e0	3.0704e4	4.0450e4	1.1719e5	282.30	0.333	0.253	8.4647e10	37	31	3	0.000e0	0.000e0	0.000e0	1.655e10	0
90000000	0.0000e0	3.0281e4	5.5813e4	1.1667e5	282.59	0.332	0.250	7.3441e10	48	37	3	0.000e0	0.000e0	0.000e0	2.803e10	0
91000000	0.0000e0	3.1512e4	3.0636e4	1.1820e5	282.69	0.330	0.253	5.9633e10	37	34	3	0.000e0	0.000e0	0.000e0	9.354e9	0
92000000	0.0000e0	3.2544e4	2.8628e4	1.1948e5	282.82	0.331	0.246	4.6653e10	44	35	3	0.000e0	1.238e11	1.238e11	4.281e9	0
93000000	0.0000e0	3.2676e4	2.1073e4	1.1964e5	282.85	0.333	0.244	3.4563e10	41	35	3	0.000e0	2.715e11	2.715e11	1.058e9	0
94000000	0.0000e0	3.1210e4	2.6660e4	1.1782e5	282.55	0.333	0.245	8.0664e10	44	36	3	0.000e0	0.000e0	0.000e0	6.582e9	0
95000000	0.0000e0	3.0194e4	2.8486e3	1.1655e5	281.27	0.330	0.245	3.5968e10	51	37	3	0.000e0	4.203e11	4.203e11	6.804e8	0
96000000	0.0000e0	3.0986e4	4.8626e4	1.1755e5	282.89	0.330	0.251	5.0480e10	32	33	3	0.000e0	0.000e0	0.000e0	4.724e9	0
97000000	0.0000e0	3.2352e4	1.3483e4	1.1924e5	281.50	0.327	0.251	2.5570e10	39	33	3	0.000e0	1.202e11	1.202e11	7.852e8	0
98000000	0.0000e0	3.1594e4	6.5306e4	1.1830e5	283.38	0.329	0.246	1.8208e11	23	30	3	0.000e0	0.000e0	0.000e0	2.444e10	0
99000000	0.0000e0	3.1173e4	1.7118e4	1.1778e5	282.72	0.328	0.250	1.2773e11	41	32	3	0.000e0	3.841e11	3.841e11	6.568e9	0
100000000	0.0000e0	3.1031e4	1.0163e3	1.1760e5	280.34	0.329	0.245	5.9730e10	52	33	3	0.000e0	1.866e11	1.866e11	4.039e8	0
101000000	0.0000e0	3.2001e4	1.9417e4	1.1880e5	282.71	0.328	0.244	7.3225e10	38	30	3	0.000e0	0.000e0	0.000e0	3.424e9	0
102000000	0.0000e0	3.1303e4	1.3667e4	1.1794e5	282.48	0.328	0.242	4.6888e10	51	33	3	0.000e0	1.735e11	1.735e11	7.051e8	0
103000000	0.0000e0	3.2490e4	3.0745e4	1.1941e5	283.34	0.326	0.242	4.3409e10	37	31	3	0.000e0	1.352e11	1.352e11	8.430e8	0
104000000	0.0000e0	3.3099e4	3.7628e4	1.2017e5	283.58	0.326	0.245	4.7155e10	45	31	3	0.000e0	1.219e11	1.219e11	1.017e9	0
105000000	0.0000e0	3.2679e4	5.8285e4	1.1965e5	283.97	0.324	0.244	1.8126e11	45	32	3	0.000e0	0.000e0	0.000e0	2.279e10	0
106000000	0.0000e0	3.3486e4	4.4804e2	1.2064e5	281.19	0.327	0.244	8.7578e10	52	35	3	0.000e0	4.082e11	4.082e11	3.635e8	0
107000000	0.0000e0	3.3267e4	5.1381e4	1.2038e5	283.64	0.328	0.243	5.5014e10	29	28	3	0.000e0	0.000e0	0.000e0	3.498e9	0
108000000	0.0000e0	3.2598e4	2.5454e4	1.1955e5	283.24	0.329	0.239	3.9783e10	34	31	3	0.000e0	0.000e0	0.000e0	2.962e9	0
109000000	0.0000e0	3.2639e4	2.3747e4	1.1960e5	282.98	0.328	0.240	2.9141e10	36	31	3	0.000e0	0.000e0	0.000e0	1.767e9	0
110000000	0.0000e0	3.3038e4	1.2628e4	1.2009e5	283.33	0.327	0.237	6.5955e10	48	30	3	0.000e0	4.207e11	4.207e11	7.545e8	0
111000000	0.0000e0	3.3484e4	4.0239e4	1.2064e5	283.68	0.328	0.233	5.4169e10	45	32	3	0.000e0	2.344e11	2.344e11	2.149e9	0
112000000	0.0000e0	3.4782e4	1.5481e4	1.2224e5	282.13	0.330	0.234	2.7133e10	46	30	3	0.000e0	1.373e11	1.373e11	6.268e8	0
113000000	0.0000e0	3.5071e4	7.7647e4	1.2260e5	284.24	0.329	0.234	2.4498e11	45	28	3	0.000e0	0.000e0	0.000e0	2.817e10	0
114000000	0.0000e0	3.4560e4	5.4036e3	1.2196e5	283.36	0.326	0.234	1.4764e11	57	32	3	0.000e0	4.537e11	4.537e11	7.397e8	0
115000000	0.0000e0	3.5555e4	1.5263e4	1.2319e5	283.44	0.325	0.234	6.9292e10	41	27	3	0.000e0	3.171e11	3.171e11	6.508e8	0
116000000	0.0000e0	3.4635e4	5.0158e4	1.2206e5	284.46	0.323	0.229	1.3556e11	50	30	3	0.000e0	0.000e0	0.000e0	9.525e9	0
117000000	0.0000e0	3.3122e4	3.6759e4	1.2020e5	283.82	0.321	0.235	9.4956e10	45	30	3	0.000e0	0.000e0	0.000e0	1.246e10	0
118000000	0.0000e0	3.2729e4	1.8541e4	1.1971e5	283.41	0.319	0.233	4.5371e10	52	30	3	0.000e0	5.909e10	5.909e10	6.363e8	0
119000000	0.0000e0	3.2906e4	2.8823e4	1.1993e5	283.98	0.318	0.235	8.9807e10	39	28	3	0.000e0	0.000e0	0.000e0	5.290e9	0
120000000	0.0000e0	3.2927e4	5.3670e4	1.1996e5	284.73	0.315	0.233	1.2655e11	47	29	3	0.000e0	0.000e0	0.000e0	1.008e10	0
121000000	0.0000e0	3.3593e4	2.7267e4	1.2078e5	284.30	0.314	0.231	7.8343e10	56	31	3	0.000e0	0.000e0	0.000e0	1.463e9	0
122000000	0.0000e0	3.4715e4	3.4358e4	1.2216e5	284.51	0.315	0.226	7.7396e10	50	32	3	0.000e0	2.213e11	2.213e11	2.280e9	0
123000000	0.0000e0	3.5466e4	1.6152e4	1.2308e5	282.97	0.317	0.228	3.5459e10	41	28	3	0.000e0	1.019e11	1.019e11	5.289e8	0
124000000	0.0000e0	3.4837e4	5.2540e4	1.2231e5	284.46	0.315	0.223	8.2216e10	36	26	3	0.000e0	0.000e0	0.000e0	1.239e10	0
125000000	0.0000e0	3.3995e4	3.0289e4	1.2127e5	284.04	0.317	0.227	4.9890e10	37	26	3	0.000e0	0.000e0	0.000e0	7.700e9	0
126000000	0.0000e0	3.3146e4	2.0569e4	1.2022e5	283.56	0.320	0.229	5.5429e10	44	29	3	0.000e0	9.367e10	9.367e10	1.625e9	0
127000000	0.0000e0	3.4044e4	3.5964e4	1.2133e5	283.78	0.320	0.229	5.8842e10	34	27	3	0.000e0	0.000e0	0.000e0	3.669e9	0
128000000	0.0000e0	3.3477e4	9.6825e4	1.2064e5	284.85	0.321	0.230	8.6814e10	30	23	3	0.000e0	0.000e0	0.000e0	1.089e10	0
129000000	0.0000e0	3.2486e4	3.4964e4	1.1941e5	283.40	0.321	0.228	3.0215e10	29	22	3	0.000e0	6.179e9	6.179e9	2.208e9	0
130000000	0.0000e0	3.2914e4	2.6758e4	1.1994e5	283.56	0.317	0.237	2.6358e10	31	22	3	0.000e0	3.051e10	3.051e10	7.366e8	0
131000000	0.0000e0	3.2973e4	5.1501e4	1.2001e5	284.77	0.315	0.235	1.4294e11	39	23	3	0.000e0	0.000e0	0.000e0	1.042e10	0
132000000	0.0000e0	3.2261e4	1.3843e3	1.1913e5	282.50	0.317	0.231	6.1689e10	46	27	3	0.000e0	5.476e11	5.476e11	4.394e8	0
133000000	0.0000e0	3.2042e4	8.1331e4	1.1886e5	284.72	0.319	0.235	1.6606e11	39	23	3	0.000e0	0.000e0	0.000e0	3.132e10	0
134000000	0.0000e0	3.1280e4	3.3745e4	1.1791e5	282.96	0.322	0.240	5.8176e10	37	23	3	0.000e0	3.931e10	3.931e10	1.797e9	0
135000000	0.0000e0	3.2109e4	3.3235e4	1.1894e5	283.82	0.323	0.235	5.2514e10	34	21	3	0.000e0	0.000e0	0.000e0	1.788e9	0
136000000	0.0000e0	3.2578e4	2.4520e4	1.1952e5	283.32	0.323	0.237	2.4723e10	32	22	3	0.000e0	3.651e9	3.651e9	6.083e8	0
137000000	0.0000e0	3.2354e4	7.9747e4	1.1925e5	284.38	0.322	0.238	1.2601e11	26	23	3	0.000e0	0.000e0	0.000e0	1.900e10	0
138000000	0.0000e0	3.1678e4	5.7485e4	1.1841e5	283.92	0.322	0.241	9.8541e10	45	29	3	0.000e0	1.919e11	1.919e11	8.900e9	0
139000000	0.0000e0	3.1962e4	1.7406e4	1.1876e5	283.57	0.318	0.240	4.0505e10	36	24	3	0.000e0	2.994e10	2.994e10	5.382e8	0
140000000	0.0000e0	3.3309e4	2.0422e4	1.2042e5	284.21	0.316	0.239	4.4675e10	31	22	3	0.000e0	3.858e8	3.858e8	8.675e8	0
141000000	0.0000e0	3.2810e4	3.6192e4	1.1981e5	284.29	0.316	0.240	5.5942e10	32	25	3	0.000e0	0.000e0	0.000e0	5.211e9	0
142000000	0.0000e0	3.1682e4	1.9473e4	1.1841e5	283.70	0.316	0.241	5.4968e10	34	24	3	0.000e0	1.380e10	1.380e10	5.752e8	0
143000000	0.0000e0	3.1616e4	2.0385e4	1.1833e5	283.68	0.318	0.238	2.9855e10	33	25	3	0.000e0	0.000e0	0.000e0	1.149e9	0
144000000	0.0000e0	3.0648e4	1.8288e4	1.1712e5	283.34	0.318	0.238	1.7245e10	36	24	3	0.000e0	0.000e0	0.000e0	5.823e8	0
145000000	0.0000e0	3.1040e4	1.8513e4	1.1761e5	283.39	0.317	0.236	1.7088e10	40	23	3	0.000e0	1.374e10	1.374e10	5.828e8	0
146000000	0.0000e0	3.2757e4	2.4453e4	1.1974e5	284.34	0.315	0.229	3.3049e10	32	20	3	0.000e0	0.000e0	0.000e0	4.135e9	0
147000000	0.0000e0	3.3505e4	2.3767e4	1.2067e5	284.66	0.317	0.237	4.0853e10	40	22	3	0.000e0	3.305e11	3.305e11	7.833e8	0
148000000	0.0000e0	3.3160e4	2.0650e4	1.2024e5	285.07	0.315	0.234	8.4490e10	32	24	3	0.000e0	5.244e11	5.244e11	2.037e9	0
149000000	0.0000e0	3.2861e4	1.8815e4	1.1987e5	283.19	0.316	0.230	4.3600e10	29	23	3	0.000e0	1.868e11	1.868e11	6.366e8	0
150000000	0.0000e0	3.3364e4	2.4046e4	1.2049e5	284.78	0.314	0.231	4.5543e10	23	22	3	0.000e0	2.104e10	2.104e10	5.697e8	0
151000000	0.0000e0	3.1728e4	2.0948e4	1.1847e5	284.57	0.312	0.234	5.2572e10	24	22	3	0.000e0	0.000e0	0.000e0	9.566e8	0
152000000	0.0000e0	2.8633e4	2.4573e4	1.1460e5	283.69	0.311	0.237	8.2564e10	26	22	3	0.000e0	0.000e0	0.000e0	3.099e9	0
153000000	0.0000e0	2.6640e4	8.1054e3	1.1208e5	282.05	0.312	0.233	3.4417e10	21	24	3	0.000e0	5.748e10	5.748e10	3.795e8	0
154000000	0.0000e0	2.5855e4	1.0879e4	1.1109e5	282.43	0.311	0.233	1.5182e10	24	25	3	0.000e0	5.756e10	5.756e10	3.398e8	0
155000000	0.0000e0	2.5011e4	5.0949e4	1.1001e5	283.14	0.312	0.233	1.6168e11	21	24	3	0.000e0	0.000e0	0.000e0	2.870e10	0
156000000	0.0000e0	2.4929e4	4.6487e4	1.0991e5	283.83	0.311	0.234	2.1841e11	16	23	3	0.000e0	3.404e11	3.404e11	2.719e10	0
157000000	0.0000e0	2.7335e4	1.3606e2	1.1296e5	280.90	0.313	0.239	7.5371e10	17	21	3	0.000e0	5.034e11	5.034e11	8.488e7	0
158000000	0.0000e0	2.9065e4	3.4474e4	1.1514e5	284.14	0.311	0.239	4.7502e10	11	20	3	0.000e0	2.768e11	2.768e11	1.861e9	0
159000000	0.0000e0	2.8773e4	2.9084e4	1.1478e5	284.02	0.310	0.248	8.7783e10	13	20	3	0.000e0	0.000e0	0.000e0	5.712e9	0
160000000	0.0000e0	2.8698e4	3.2786e4	1.1468e5	284.00	0.309	0.245	9.0861e10	19	19	3	0.000e0	0.000e0	0.000e0	8.290e9	0
161000000	0.0000e0	2.8238e4	1.5083e4	1.1410e5	283.58	0.308	0.244	6.3642e10	21	21	3	0.000e0	0.000e0	0.000e0	7.939e8	0
162000000	0.0000e0	2.9449e4	1.1518e4	1.1562e5	283.39	0.309	0.242	2.9022e10	22	23	3	0.000e0	4.055e10	4.055e10	3.902e8	0
163000000	0.0000e0	2.9849e4	1.7760e4	1.1612e5	283.77	0.307	0.241	3.9085e10	22	24	3	0.000e0	0.000e0	0.000e0	2.619e9	0
164000000	0.0000e0	2.9513e4	5.0511e4	1.1571e5	285.30	0.306	0.247	3.3946e10	11	21	3	0.000e0	0.000e0	0.000e0	5.188e9	0
165000000	0.0000e0	2.9119e4	1.4107e4	1.1521e5	283.63	0.306	0.252	1.4666e10	14	20	3	0.000e0	0.000e0	0.000e0	3.755e8	0
166000000	0.0000e0	2.8755e4	4.1137e4	1.1476e5	284.23	0.304	0.251	1.0442e11	17	18	3	0.000e0	0.000e0	0.000e0	1.012e10	0
167000000	0.0000e0	2.8860e4	9.3116e4	1.1489e5	285.11	0.302	0.249	1.1757e11	15	19	3	0.000e0	0.000e0	0.000e0	1.455e10	0
168000000	0.0000e0	2.8381e4	1.4306e4	1.1428e5	283.81	0.301	0.244	5.6670e10	15	20	3	0.000e0	0.000e0	0.000e0	2.873e8	0
169000000	0.0000e0	2.8373e4	1.6477e4	1.1427e5	283.63	0.300	0.242	1.3618e10	17	21	3	0.000e0	1.068e9	1.068e9	4.002e8	0
170000000	0.0000e0	2.8975e4	3.2182e4	1.1503e5	284.31	0.298	0.240	1.0472e11	18	20	3	0.000e0	0.000e0	0.000e0	1.099e10	0
171000000	0.0000e0	2.8735e4	1.4398e4	1.1473e5	283.81	0.297	0.245	5.2585e10	13	20	3	0.000e0	0.000e0	0.000e0	2.614e8	0
172000000	0.0000e0	2.9507e4	2.8227e4	1.1570e5	284.76	0.297	0.241	1.6595e11	12	20	3	0.000e0	0.000e0	0.000e0	1.097e10	0
173000000	0.0000e0	2.9260e4	1.1516e4	1.1539e5	284.59	0.296	0.243	1.4873e11	12	20	3	0.000e0	4.876e11	4.876e11	3.436e9	0
174000000	0.0000e0	2.9612e4	3.1356e2	1.1583e5	282.84	0.298	0.237	8.7719e10	13	20	3	0.000e0	5.850e11	5.850e11	4.760e7	0
175000000	0.0000e0	2.9761e4	2.4998e4	1.1601e5	284.48	0.298	0.236	7.6793e10	8	20	3	0.000e0	0.000e0	0.000e0	1.004e9	0
176000000	0.0000e0	2.9644e4	3.1444e4	1.1587e5	285.25	0.298	0.235	1.5516e11	11	21	3	0.000e0	0.000e0	0.000e0	8.762e9	0
177000000	0.0000e0	3.0057e4	1.2490e4	1.1638e5	284.16	0.297	0.237	7.9646e10	10	21	3	0.000e0	0.000e0	0.000e0	2.773e8	0
178000000	0.0000e0	3.0698e4	1.2601e4	1.1719e5	284.25	0.296	0.238	3.9860e10	9	20	3	0.000e0	0.000e0	0.000e0	4.506e8	0
179000000	0.0000e0	3.1165e4	5.1159e4	1.1777e5	285.40	0.296	0.239	1.3163e11	10	20	3	0.000e0	0.000e0	0.000e0	1.605e10	0
180000000	0.0000e0	2.8967e4	2.7345e4	1.1502e5	284.83	0.298	0.247	7.2096e10	8	19	3	0.000e0	1.243e10	1.243e10	4.887e9	0
181000000	0.0000e0	2.8110e4	5.2469e3	1.1394e5	283.04	0.301	0.241	3.8025e10	10	19	3	0.000e0	5.288e10	5.288e10	3.808e8	0
182000000	0.0000e0	2.7687e4	2.0101e4	1.1341e5	283.98	0.299	0.246	6.1480e10	10	20	3	0.000e0	0.000e0	0.000e0	6.513e9	0
183000000	0.0000e0	2.7806e4	2.5067e4	1.1356e5	284.38	0.299	0.244	1.0364e11	13	21	3	0.000e0	0.000e0	0.000e0	6.164e9	0
184000000	0.0000e0	2.8288e4	1.2468e4	1.1416e5	284.17	0.299	0.244	4.3726e10	11	19	3	0.000e0	1.777e9	1.777e9	8.607e8	0
185000000	0.0000e0	2.7823e4	1.5090e4	1.1358e5	283.94	0.298	0.244	3.7379e10	7	19	3	0.000e0	6.048e10	6.048e10	1.350e9	0
186000000	0.0000e0	2.8143e4	4.3616e4	1.1399e5	284.75	0.300	0.238	1.0597e11	9	20	4	5.678e1	0.000e0	0.000e0	1.021e10	0
187000000	0.0000e0	2.8000e4	1.2003e4	1.1380e5	283.84	0.299	0.236	3.7719e10	10	21	4	1.739e2	0.000e0	0.000e0	3.352e8	0
188000000	0.0000e0	2.6941e4	1.9036e4	1.1246e5	284.04	0.299	0.240	6.3230e10	13	22	4	5.153e2	0.000e0	0.000e0	3.390e9	0
189000000	0.0000e0	2.7096e4	1.8506e4	1.1266e5	284.09	0.302	0.241	1.1010e11	7	20	3	5.625e1	0.000e0	0.000e0	5.912e9	0
190000000	0.0000e0	2.8363e4	2.5772e4	1.1426e5	284.38	0.302	0.243	7.4958e10	7	21	3	0.000e0	0.000e0	0.000e0	5.275e9	0
191000000	0.0000e0	2.8770e4	1.5955e4	1.1477e5	284.42	0.303	0.251	4.4227e10	10	21	3	0.000e0	0.000e0	0.000e0	1.907e9	0
192000000	0.0000e0	2.8099e4	1.3146e4	1.1393e5	283.87	0.301	0.245	3.5272e10	11	21	3	0.000e0	1.120e11	1.120e11	4.957e8	0
193000000	0.0000e0	2.7946e4	1.9386e4	1.1373e5	283.56	0.302	0.242	2.2368e10	8	20	3	0.000e0	0.000e0	0.000e0	1.210e9	0
194000000	0.0000e0	2.7034e4	2.4671e4	1.1258e5	284.30	0.302	0.244	9.7899e10	10	20	3	0.000e0	0.000e0	0.000e0	8.251e9	0
195000000	0.0000e0	2.6246e4	1.1957e4	1.1158e5	283.56	0.303	0.245	4.1141e10	8	20	3	0.000e0	0.000e0	0.000e0	3.932e8	0
196000000	0.0000e0	2.7368e4	1.9593e4	1.1300e5	284.14	0.305	0.241	1.0268e11	7	20	3	0.000e0	0.000e0	0.000e0	1.624e9	0
197000000	0.0000e0	2.8025e4	1.4673e4	1.1383e5	283.99	0.302	0.241	5.6202e10	7	20	3	0.000e0	0.000e0	0.000e0	1.386e9	0
198000000	0.0000e0	2.7695e4	2.0172e4	1.1342e5	284.16	0.302	0.243	7.5738e10	8	20	3	0.000e0	0.000e0	0.000e0	2.386e9	0
199000000	0.0000e0	2.8725e4	1.4360e4	1.1471e5	284.13	0.305	0.238	3.3972e10	10	20	3	0.000e0	1.147e10	1.147e10	5.268e8	0
200000000	0.0000e0	2.7473e4	3.4599e4	1.1314e5	284.07	0.306	0.237	7.9267e10	12	22	4	0.000e0	0.000e0	0.000e0	1.090e10	0
201000000	0.0000e0	2.7030e4	5.0940e4	1.1258e5	284.58	0.306	0.237	6.3309e10	14	21	3	0.000e0	0.000e0	0.000e0	9.395e9	0
202000000	0.0000e0	2.6005e4	7.7664e4	1.1128e5	284.86	0.305	0.239	5.5809e10	16	23	3	0.000e0	0.000e0	0.000e0	7.618e9	0
203000000	0.0000e0	2.6887e4	1.4470e4	1.1240e5	283.58	0.306	0.239	2.7734e10	13	21	3	0.000e0	0.000e0	0.000e0	6.097e8	0
204000000	0.0000e0	2.7265e4	1.8156e4	1.1287e5	284.04	0.307	0.242	3.4825e10	16	22	3	0.000e0	2.521e11	2.521e11	7.319e8	0
205000000	0.0000e0	2.6859e4	4.9748e4	1.1236e5	284.45	0.308	0.242	7.0925e10	10	19	3	0.000e0	0.000e0	0.000e0	1.760e10	0
206000000	0.0000e0	2.5993e4	5.2727e4	1.1126e5	284.78	0.307	0.238	8.3693e10	13	22	3	0.000e0	0.000e0	0.000e0	2.614e10	0
207000000	0.0000e0	2.5136e4	3.3885e4	1.1017e5	283.66	0.309	0.238	6.8786e10	13	21	3	0.000e0	2.511e11	2.511e11	6.281e9	0
208000000	0.0000e0	2.5819e4	7.6472e3	1.1104e5	281.93	0.312	0.237	3.7091e10	9	19	3	0.000e0	1.801e11	1.801e11	1.294e9	0
209000000	0.0000e0	2.6349e4	1.9449e4	1.1171e5	283.50	0.311	0.236	2.4756e10	13	25	3	0.000e0	5.633e10	5.633e10	6.207e8	0
210000000	0.0000e0	2.6442e4	3.0909e4	1.1183e5	284.19	0.310	0.235	1.2249e11	12	25	3	0.000e0	0.000e0	0.000e0	7.809e9	0
211000000	0.0000e0	2.6334e4	4.1422e3	1.1169e5	282.96	0.312	0.244	6.1024e10	10	23	3	0.000e0	3.793e11	3.793e11	1.366e9	0
212000000	0.0000e0	2.6917e4	2.5874e4	1.1243e5	284.37	0.310	0.244	1.3404e11	10	22	3	0.000e0	0.000e0	0.000e0	3.202e9	0
213000000	0.0000e0	2.6935e4	1.2666e4	1.1246e5	283.47	0.312	0.248	5.3505e10	10	23	3	0.000e0	8.154e10	8.154e10	3.801e8	0
214000000	0.0000e0	2.6111e4	1.4236e4	1.1141e5	283.87	0.312	0.239	8.5015e10	12	21	3	0.000e0	0.000e0	0.000e0	1.386e9	0
215000000	0.0000e0	2.5408e4	1.3215e4	1.1052e5	282.53	0.315	0.234	3.6588e10	11	20	3	0.000e0	5.218e9	5.218e9	4.572e8	0
216000000	0.0000e0	2.6195e4	1.9349e4	1.1152e5	282.91	0.315	0.234	6.4321e10	7	18	3	0.000e0	0.000e0	0.000e0	5.257e9	0
217000000	0.0000e0	2.6562e4	1.3994e4	1.1198e5	283.44	0.314	0.235	4.8583e10	10	21	3	0.000e0	5.330e10	5.330e10	4.632e8	0
218000000	0.0000e0	2.7965e4	1.7968e4	1.1376e5	283.37	0.316	0.243	1.9446e10	8	17	3	0.000e0	1.696e10	1.696e10	6.378e8	0
219000000	0.0000e0	2.7612e4	9.1365e4	1.1332e5	284.68	0.317	0.239	3.5196e11	9	18	3	0.000e0	0.000e0	0.000e0	3.219e10	0
220000000	0.0000e0	2.6455e4	1.2433e5	1.1186e5	285.15	0.320	0.239	3.6186e11	12	19	3	0.000e0	0.000e0	0.000e0	2.705e10	0
221000000	0.0000e0	2.5450e4	1.9646e5	1.1058e5	284.95	0.319	0.240	2.2185e11	13	20	3	0.000e0	0.000e0	0.000e0	2.236e10	0
222000000	0.0000e0	2.5422e4	1.9826e4	1.1053e5	283.69	0.321	0.232	1.2705e11	12	18	3	0.000e0	0.000e0	0.000e0	2.672e9	0
223000000	0.0000e0	2.6403e4	1.3135e4	1.1178e5	282.69	0.322	0.232	3.2746e10	11	16	3	0.000e0	1.560e10	1.560e10	6.194e8	0
224000000	0.0000e0	2.7294e4	2.2367e4	1.1291e5	283.69	0.322	0.233	4.2171e10	10	18	3	0.000e0	0.000e0	0.000e0	2.321e9	0
225000000	0.0000e0	2.6468e4	2.4913e4	1.1187e5	283.14	0.320	0.230	6.8785e10	12	19	3	0.000e0	0.000e0	0.000e0	6.983e9	0
226000000	0.0000e0	2.7861e4	2.4811e4	1.1363e5	283.62	0.321	0.228	4.7677e10	9	17	3	0.000e0	8.968e10	8.968e10	2.640e9	0
227000000	0.0000e0	2.8616e4	1.1211e4	1.1458e5	283.34	0.323	0.224	2.6446e10	9	18	3	0.000e0	7.260e10	7.260e10	5.007e8	0
228000000	0.0000e0	2.8497e4	1.8526e4	1.1443e5	283.65	0.324	0.223	4.5873e10	9	16	3	0.000e0	0.000e0	0.000e0	4.540e9	0
229000000	0.0000e0	2.8299e4	1.1145e4	1.1418e5	283.03	0.323	0.218	1.2983e10	12	17	3	0.000e0	2.245e10	2.245e10	4.731e8	0
230000000	0.0000e0	2.9113e4	1.3412e4	1.1520e5	283.31	0.325	0.214	4.4094e9	9	16	3	0.000e0	7.078e9	7.078e9	5.166e8	0
231000000	0.0000e0	2.8731e4	1.6533e4	1.1472e5	283.44	0.326	0.229	5.3044e10	5	15	3	0.000e0	2.622e11	2.622e11	3.124e9	0
232000000	0.0000e0	2.9612e4	3.1843e4	1.1583e5	283.97	0.327	0.222	5.8260e10	7	15	3	0.000e0	0.000e0	0.000e0	6.385e9	0
233000000	0.0000e0	2.9320e4	1.9533e4	1.1546e5	284.14	0.327	0.223	3.9435e10	7	16	3	0.000e0	0.000e0	0.000e0	2.138e9	0
234000000	0.0000e0	3.0445e4	1.6457e4	1.1687e5	283.97	0.326	0.223	2.5840e10	5	14	3	0.000e0	0.000e0	0.000e0	6.453e8	0
235000000	0.0000e0	3.0803e4	1.5734e4	1.1732e5	283.83	0.325	0.219	2.3747e10	4	14	3	0.000e0	0.000e0	0.000e0	1.959e9	0
236000000	0.0000e0	3.0475e4	2.4628e4	1.1691e5	284.05	0.325	0.225	2.9233e10	4	14	3	0.000e0	0.000e0	0.000e0	8.558e9	0
237000000	0.0000e0	2.9839e4	1.5237e4	1.1611e5	283.70	0.324	0.220	4.4096e10	7	17	3	0.000e0	0.000e0	0.000e0	3.303e9	0
238000000	0.0000e0	3.0572e4	1.2044e4	1.1703e5	282.58	0.325	0.224	1.4151e10	6	15	3	0.000e0	4.231e10	4.231e10	3.307e8	0
239000000	0.0000e0	3.0249e4	4.7109e4	1.1663e5	284.66	0.324	0.222	1.4610e11	4	15	3	0.000e0	0.000e0	0.000e0	1.545e10	0
240000000	0.0000e0	2.9757e4	1.7955e4	1.1601e5	284.15	0.325	0.221	1.0216e11	5	15	3	0.000e0	0.000e0	0.000e0	5.127e9	0
241000000	0.0000e0	3.0391e4	1.2377e4	1.1680e5	283.34	0.325	0.224	2.9457e10	3	14	3	0.000e0	6.688e9	6.688e9	4.685e8	0
242000000	0.0000e0	3.0266e4	1.9010e4	1.1665e5	283.83	0.325	0.221	4.6810e10	4	14	3	0.000e0	0.000e0	0.000e0	3.085e9	0
243000000	0.0000e0	3.1282e4	1.2707e4	1.1791e5	283.45	0.325	0.215	1.9732e10	4	14	3	0.000e0	0.000e0	0.000e0	4.816e8	0
244000000	0.0000e0	3.2794e4	1.5282e4	1.1979e5	284.07	0.323	0.215	1.1260e10	4	14	3	0.000e0	0.000e0	0.000e0	1.024e9	0
245000000	0.0000e0	3.2705e4	2.6939e4	1.1968e5	284.46	0.322	0.217	6.8046e10	3	14	3	0.000e0	0.000e0	0.000e0	1.093e10	0
246000000	0.0000e0	3.2220e4	1.3100e4	1.1908e5	284.13	0.323	0.218	4.2169e10	3	14	3	0.000e0	0.000e0	0.000e0	4.950e8	0
247000000	0.0000e0	3.1753e4	1.2919e4	1.1850e5	283.76	0.323	0.219	1.8442e10	4	14	3	0.000e0	0.000e0	0.000e0	5.332e8	0
248000000	0.0000e0	3.1515e4	1.3299e4	1.1820e5	283.68	0.324	0.221	1.4549e10	4	14	3	0.000e0	0.000e0	0.000e0	5.474e8	0
249000000	0.0000e0	3.1616e4	1.4589e4	1.1833e5	283.75	0.324	0.219	7.9436e9	4	14	3	0.000e0	0.000e0	0.000e0	1.334e9	0
250000000	0.0000e0	3.2038e4	2.2107e4	1.1885e5	284.28	0.324	0.219	3.5033e10	4	14	3	0.000e0	0.000e0	0.000e0	7.005e9	0
251000000	0.0000e0	3.1801e4	2.6908e4	1.1856e5	284.58	0.326	0.215	5.1593e10	5	15	4	5.583e1	0.000e0	0.000e0	1.507e9	0
252000000	0.0000e0	3.1157e4	1.2558e4	1.1776e5	283.52	0.327	0.221	2.2595e10	6	16	4	4.938e1	0.000e0	0.000e0	4.311e8	0
253000000	0.0000e0	3.0231e4	1.4083e4	1.1660e5	283.62	0.329	0.216	7.9332e10	8	17	4	3.642e7	0.000e0	3.482e-1	3.006e9	0
254000000	0.0000e0	2.9960e4	1.1622e4	1.1626e5	282.98	0.329	0.214	4.6377e10	7	16	4	3.447e7	0.000e0	7.578e-1	1.104e9	0
255000000	0.0000e0	2.9916e4	5.1802e3	1.1621e5	283.57	0.327	0.214	5.7853e10	6	16	4	9.742e7	6.853e11	6.853e11	2.959e8	0
256000000	0.0000e0	3.1566e4	2.0253e4	1.1826e5	284.11	0.326	0.216	3.9226e10	4	15	4	2.885e8	1.955e11	1.955e11	2.687e8	0
257000000	0.0000e0	3.1176e4	4.4731e4	1.1778e5	284.06	0.328	0.219	9.0989e10	5	16	4	1.302e9	0.000e0	1.103e1	1.442e10	0
258000000	0.0000e0	3.0811e4	1.6534e4	1.1733e5	284.58	0.327	0.218	6.8443e10	4	15	4	2.358e10	0.000e0	1.200e2	3.346e9	0
259000000	0.0000e0	3.1297e4	1.4005e4	1.1793e5	282.63	0.329	0.218	3.5577e10	5	16	4	3.649e11	1.486e10	1.486e10	9.138e9	0
260000000	0.0000e0	3.1202e4	2.3631e4	1.1781e5	284.42	0.329	0.218	8.9268e10	4	15	4	1.702e12	2.754e11	2.754e11	1.664e10	0
261000000	6.6495e-9	3.0081e4	1.9977e4	1.1641e5	283.34	0.330	0.216	5.1151e10	4	15	4	2.055e12	4.891e11	4.892e11	2.562e10	0
262000000	0.0000e0	2.8974e4	3.0328e4	1.1503e5	286.24	0.304	0.219	1.8750e11	10	20	4	9.867e12	2.633e11	2.633e11	4.057e10	0
263000000	8.7396e-9	2.8189e4	6.3325e4	1.1404e5	285.22	0.306	0.215	2.8836e11	6	16	4	2.129e13	1.832e12	1.832e12	1.292e11	0
264000000	1.5716e-6	2.7974e4	2.1789e4	1.1377e5	284.43	0.305	0.218	3.6564e11	14	20	4	1.730e13	2.640e12	2.640e12	1.412e11	0
265000000	3.9539e-7	2.7290e4	3.8732e4	1.1291e5	284.58	0.306	0.219	6.4793e11	13	22	4	1.844e13	2.466e12	2.465e12	1.441e11	0
266000000	0.0000e0	2.5985e4	3.1821e4	1.1125e5	284.85	0.309	0.216	7.2980e11	14	21	4	1.338e13	6.947e11	6.947e11	5.220e10	0
267000000	3.4415e-7	2.4687e4	2.8613e4	1.0960e5	283.49	0.308	0.216	6.3936e11	13	21	4	1.280e13	1.792e12	1.793e12	1.020e11	0
268000000	3.2260e-8	2.5409e4	2.0952e4	1.1052e5	283.96	0.312	0.215	4.2785e11	16	24	4	7.538e12	7.593e11	7.593e11	4.428e10	0
269000000	9.1706e-8	2.5496e4	2.7945e4	1.1063e5	283.57	0.312	0.213	3.7798e11	11	22	4	7.637e12	1.123e12	1.123e12	6.379e10	0
270000000	1.3852e-8	2.5851e4	3.0961e4	1.1108e5	284.07	0.313	0.210	4.1041e11	9	21	4	7.549e12	8.583e11	8.583e11	5.450e10	0
271000000	0.0000e0	2.7263e4	2.5042e3	1.1287e5	282.43	0.312	0.211	1.0905e11	6	17	4	2.119e12	6.628e11	6.628e11	3.389e10	0
272000000	0.0000e0	2.7705e4	2.9371e4	1.1343e5	284.47	0.313	0.209	1.5199e10	4	16	4	1.576e12	2.438e11	2.438e11	1.321e10	0
273000000	0.0000e0	2.7618e4	1.0011e5	1.1333e5	285.11	0.312	0.207	4.4779e11	4	16	4	1.407e13	0.000e0	1.277e5	6.282e10	0
274000000	0.0000e0	2.7092e4	1.1530e5	1.1266e5	286.01	0.305	0.206	2.2441e11	4	16	4	3.681e12	0.000e0	1.459e6	8.004e10	0
275000000	0.0000e0	2.6760e4	9.8024e4	1.1224e5	285.30	0.306	0.202	1.6336e11	3	16	4	1.645e12	1.835e11	1.835e11	2.440e10	0
276000000	0.0000e0	2.6517e4	1.6622e4	1.1193e5	283.60	0.307	0.204	1.6414e11	3	16	4	5.211e12	0.000e0	2.316e4	6.821e9	0
277000000	0.0000e0	2.6117e4	1.0492e5	1.1143e5	285.09	0.307	0.205	5.2919e11	7	20	4	1.270e13	0.000e0	5.990e5	6.895e10	0
278000000	0.0000e0	2.6697e4	1.3221e4	1.1215e5	284.50	0.308	0.205	4.9482e11	5	20	4	4.468e12	2.047e11	2.047e11	1.311e10	0
279000000	2.7493e-8	2.7038e4	1.9409e4	1.1259e5	284.17	0.311	0.205	3.4655e11	5	20	4	6.944e12	6.375e11	6.375e11	3.401e10	0
280000000	0.0000e0	2.7173e4	7.4604e4	1.1276e5	284.98	0.314	0.204	2.9642e11	4	20	4	5.254e12	0.000e0	2.109e5	4.959e10	0
281000000	0.0000e0	2.6802e4	4.1714e4	1.1229e5	283.91	0.312	0.205	2.8231e11	5	21	4	4.460e12	2.140e11	2.140e11	3.251e10	0
282000000	0.0000e0	2.6033e4	5.4023e4	1.1131e5	285.09	0.312	0.200	5.0523e11	4	20	4	1.145e13	7.914e11	7.914e11	7.467e10	0
283000000	2.3611e-7	2.7138e4	1.7815e4	1.1271e5	283.90	0.312	0.201	3.8310e11	4	20	4	6.155e12	1.058e12	1.058e12	5.511e10	0
284000000	0.0000e0	2.7422e4	3.7777e3	1.1307e5	283.00	0.313	0.203	3.5579e11	6	22	4	5.139e12	2.874e11	2.874e11	1.495e10	0
285000000	0.0000e0	2.6979e4	4.5174e4	1.1251e5	284.94	0.313	0.202	4.1990e11	6	21	4	7.388e12	6.893e11	6.893e11	5.616e10	0
286000000	0.0000e0	2.7660e4	4.2990e4	1.1337e5	284.79	0.314	0.199	3.2988e11	6	23	4	5.517e12	7.935e11	7.935e11	5.526e10	0
287000000	9.5224e-9	2.8066e4	1.8755e4	1.1388e5	284.24	0.315	0.203	2.1741e11	6	22	4	3.745e12	5.206e11	5.206e11	2.744e10	0
288000000	0.0000e0	2.7897e4	3.5902e3	1.1367e5	283.68	0.315	0.197	1.0258e11	5	21	4	1.910e12	2.706e11	2.706e11	1.430e10	0
289000000	0.0000e0	2.7616e4	1.2867e4	1.1332e5	284.03	0.315	0.199	1.0251e10	3	13	3	0.000e0	0.000e0	1.470e5	7.673e9	0
290000000	0.0000e0	2.8103e4	6.8678e3	1.1393e5	283.14	0.316	0.197	1.3780e9	3	13	3	0.000e0	0.000e0	1.262e1	8.052e7	0
291000000	0.0000e0	2.8884e4	2.1312e4	1.1492e5	284.04	0.317	0.193	6.7943e10	2	12	3	0.000e0	0.000e0	6.676e0	9.972e9	0
292000000	0.0000e0	2.8581e4	8.0142e4	1.1454e5	285.44	0.314	0.194	5.5097e10	2	12	3	0.000e0	0.000e0	3.318e0	1.260e10	0
293000000	0.0000e0	2.7921e4	6.7910e4	1.1371e5	285.28	0.314	0.193	2.8022e10	2	12	3	0.000e0	0.000e0	2.458e0	6.698e9	0
294000000	0.0000e0	2.8921e4	8.7694e3	1.1496e5	283.93	0.313	0.193	2.0871e10	3	13	3	0.000e0	0.000e0	1.229e0	3.648e8	0
295000000	0.0000e0	2.9630e4	8.0916e3	1.1585e5	283.67	0.315	0.194	3.1354e9	2	13	3	0.000e0	0.000e0	7.987e-1	3.389e8	0
296000000	0.0000e0	2.9928e4	1.0813e4	1.1622e5	283.90	0.315	0.194	1.3614e10	2	13	3	0.000e0	0.000e0	6.349e-1	1.053e9	0
297000000	0.0000e0	2.8264e4	9.7089e3	1.1414e5	283.75	0.316	0.197	6.5516e9	2	12	3	0.000e0	0.000e0	4.506e-1	3.544e9	0
298000000	0.0000e0	2.8828e4	1.2497e4	1.1484e5	283.52	0.318	0.191	3.4790e10	2	12	3	0.000e0	0.000e0	2.458e-1	3.973e9	0
299000000	0.0000e0	2.8484e4	6.5610e3	1.1441e5	283.04	0.319	0.194	1.5444e10	3	13	4	5.067e0	0.000e0	1.024e-1	1.642e8	0
300000000	0.0000e0	2.9283e4	1.2954e4	1.1542e5	283.79	0.320	0.192	2.7047e10	2	12	3	0.000e0	0.000e0	8.192e-2	4.962e9	0
301000000	0.0000e0	2.8167e4	6.3125e3	1.1401e5	283.15	0.319	0.198	1.1512e10	3	13	4	1.686e1	5.738e9	5.738e9	1.408e8	0
302000000	0.0000e0	2.4476e4	5.6046e3	1.0933e5	281.63	0.321	0.196	3.2793e10	3	13	3	0.000e0	0.000e0	2.048e-2	2.979e9	0
303000000	0.0000e0	2.2480e4	2.3889e3	1.0676e5	280.86	0.324	0.196	1.6511e10	4	16	4	4.719e1	0.000e0	0.000e0	9.697e7	0
304000000	0.0000e0	2.2175e4	1.6920e4	1.0636e5	282.18	0.323	0.200	4.3169e10	5	15	4	1.038e2	0.000e0	2.048e-2	3.275e9	0
305000000	0.0000e0	2.2678e4	4.6440e3	1.0701e5	281.68	0.323	0.200	3.0541e10	5	15	4	1.309e2	0.000e0	2.048e-2	1.898e8	0
306000000	0.0000e0	2.3552e4	1.5028e4	1.0814e5	281.95	0.323	0.204	2.4109e10	5	15	4	4.472e1	0.000e0	2.048e-2	6.064e9	0
307000000	0.0000e0	2.3292e4	1.2630e4	1.0781e5	282.08	0.325	0.208	2.8065e10	5	15	4	5.500e1	0.000e0	0.000e0	2.465e9	0
308000000	0.0000e0	2.4099e4	5.8661e3	1.0884e5	281.70	0.324	0.206	1.7849e10	8	17	4	1.025e3	0.000e0	0.000e0	7.256e8	0
309000000	0.0000e0	2.4813e4	6.6137e3	1.0976e5	282.56	0.322	0.207	4.4516e10	7	17	4	8.166e1	5.320e10	5.320e10	1.500e9	0
310000000	0.0000e0	2.5576e4	1.0528e4	1.1073e5	282.17	0.324	0.214	2.7694e10	6	14	4	4.165e3	4.171e9	4.171e9	1.297e9	0
311000000	0.0000e0	2.5314e4	1.5713e4	1.1040e5	282.98	0.324	0.214	7.3456e10	5	15	4	7.592e7	0.000e0	3.543e0	7.771e9	0
312000000	0.0000e0	2.4580e4	2.7538e4	1.0946e5	283.12	0.326	0.208	7.9580e10	13	20	4	1.158e8	0.000e0	7.741e0	8.522e9	0
313000000	0.0000e0	2.3757e4	5.9758e4	1.0841e5	283.32	0.325	0.219	1.3957e11	11	23	4	1.751e9	0.000e0	1.487e1	2.672e10	0
314000000	0.0000e0	2.3426e4	1.6413e3	1.0798e5	281.39	0.327	0.211	5.7702e10	14	22	4	2.626e9	1.654e11	1.654e11	9.306e7	0
315000000	0.0000e0	2.4041e4	5.5968e3	1.0877e5	281.40	0.328	0.207	2.4978e10	18	21	4	3.458e9	0.000e0	2.638e2	1.346e9	0
316000000	0.0000e0	2.4483e4	6.2686e4	1.0934e5	283.72	0.329	0.202	8.4129e10	11	18	4	5.737e9	0.000e0	9.798e1	3.815e10	0
317000000	0.0000e0	2.5303e4	2.7028e4	1.1038e5	283.13	0.330	0.214	6.7214e10	14	19	4	4.756e9	0.000e0	4.165e2	5.679e9	0
318000000	0.0000e0	2.4468e4	6.2796e3	1.0931e5	282.16	0.331	0.212	3.4652e10	14	19	4	1.944e9	0.000e0	8.985e2	1.066e9	0
319000000	0.0000e0	2.4295e4	6.7571e3	1.0909e5	282.34	0.332	0.221	2.7352e10	18	21	4	1.585e9	0.000e0	2.382e2	1.244e9	0
320000000	0.0000e0	2.4074e4	1.6142e4	1.0881e5	282.74	0.333	0.218	4.6692e10	24	25	4	1.703e9	0.000e0	1.652e2	3.467e9	0
321000000	0.0000e0	2.4330e4	1.2308e4	1.0914e5	282.43	0.334	0.237	4.7959e10	21	22	4	2.495e9	0.000e0	6.320e1	3.357e9	0
322000000	0.0000e0	2.3291e4	1.5142e4	1.0780e5	282.09	0.336	0.232	3.6817e10	23	23	4	4.125e9	0.000e0	8.532e1	2.144e9	0
323000000	0.0000e0	2.2022e4	8.3269e4	1.0617e5	283.30	0.333	0.249	6.6681e10	24	24	4	8.480e11	0.000e0	7.249e3	2.415e10	0
324000000	0.0000e0	2.0647e4	1.3354e4	1.0438e5	281.29	0.334	0.247	4.3041e10	21	25	4	6.929e11	0.000e0	3.050e3	4.162e9	0
325000000	0.0000e0	2.0873e4	8.7791e4	1.0468e5	282.82	0.333	0.256	1.3810e11	33	26	4	2.413e12	0.000e0	9.972e3	3.981e10	0
326000000	0.0000e0	1.9582e4	6.8368e4	1.0299e5	282.72	0.332	0.253	1.5351e11	36	27	4	5.220e12	0.000e0	6.628e4	5.455e10	0
327000000	1.0768e-7	1.8574e4	3.3115e4	1.0165e5	281.73	0.334	0.270	1.7590e11	32	30	4	7.448e12	1.275e12	1.275e12	8.178e10	0
328000000	0.0000e0	1.7857e4	1.3610e4	1.0070e5	282.68	0.334	0.269	2.4978e11	30	30	4	1.092e13	3.019e11	3.019e11	2.556e10	0
329000000	0.0000e0	1.5349e4	2.0696e5	9.7362e4	282.43	0.337	0.273	7.6284e11	43	33	4	2.191e13	0.000e0	2.717e5	1.852e11	0
330000000	0.0000e0	1.3806e4	4.2001e5	9.5286e4	282.13	0.338	0.272	1.5809e12	57	33	4	2.840e13	0.000e0	3.448e5	3.264e11	0
331000000	0.0000e0	1.3392e4	9.3521e5	9.4750e4	282.93	0.334	0.271	2.6459e12	58	32	4	2.978e13	0.000e0	3.953e5	4.110e11	0
332000000	0.0000e0	1.2044e4	2.0115e6	9.2959e4	283.03	0.333	0.267	4.4575e12	62	34	4	2.924e13	0.000e0	1.640e5	6.054e11	0
333000000	0.0000e0	1.1665e4	3.9364e6	9.2545e4	283.82	0.328	0.260	5.6175e12	68	34	4	2.664e13	0.000e0	3.741e4	7.743e11	0
334000000	0.0000e0	1.0432e4	4.5904e6	9.0860e4	283.56	0.327	0.262	5.6372e12	74	33	4	2.429e13	0.000e0	4.580e3	7.770e11	0
335000000	0.0000e0	9.2719e3	5.0839e6	8.9251e4	282.99	0.327	0.276	5.1881e12	70	31	4	2.151e13	0.000e0	6.202e3	7.831e11	0
336000000	0.0000e0	9.0708e3	5.2930e6	8.8978e4	282.76	0.325	0.274	5.1068e12	73	33	4	2.004e13	0.000e0	5.362e3	8.017e11	0
337000000	0.0000e0	9.5530e3	5.1903e6	8.9655e4	283.47	0.324	0.275	5.1549e12	66	31	4	1.989e13	0.000e0	7.183e3	7.857e11	0
338000000	0.0000e0	8.2249e3	4.7331e6	8.7741e4	282.36	0.325	0.271	5.2067e12	71	33	4	2.394e13	0.000e0	6.447e3	7.166e11	0
339000000	0.0000e0	8.7275e3	1.9162e6	8.8307e4	282.07	0.327	0.271	4.2893e12	64	34	4	2.550e13	0.000e0	9.055e3	4.479e11	0
340000000	0.0000e0	9.5060e3	7.8581e3	8.9306e4	279.59	0.340	0.273	2.9104e12	57	35	4	3.303e13	0.000e0	9.874e3	4.618e10	0
341000000	0.0000e0	1.1925e4	0.0000e0	9.2680e4	276.47	0.340	0.285	2.3283e12	64	34	4	3.994e13	3.339e7	3.340e7	3.970e7	0
342000000	0.0000e0	1.3911e4	3.9311e4	9.5406e4	279.34	0.339	0.276	2.5691e12	86	38	4	5.382e13	0.000e0	9.967e4	3.656e11	0
343000000	0.0000e0	1.4529e4	5.8203e4	9.6245e4	280.32	0.338	0.276	3.1725e12	104	38	4	7.572e13	0.000e0	7.387e4	4.977e11	0
344000000	0.0000e0	1.3538e4	4.9646e4	9.4898e4	280.81	0.337	0.280	3.9622e12	122	40	4	1.005e14	1.774e12	1.774e12	5.667e11	0
345000000	5.2163e-6	1.3137e4	1.2454e4	9.4347e4	279.39	0.338	0.295	4.3439e12	116	41	4	1.010e14	2.936e12	2.934e12	5.226e11	0
346000000	0.0000e0	1.3122e4	1.6809e5	9.4335e4	281.50	0.340	0.293	5.1973e12	124	40	4	1.407e14	1.390e12	1.390e12	8.500e11	0
347000000	4.5971e-8	1.1107e4	1.3297e5	9.1554e4	280.58	0.341	0.299	6.1762e12	147	40	4	1.515e14	7.170e12	7.170e12	1.011e12	0
348000000	5.1360e-6	9.9722e3	7.3403e4	8.9966e4	279.20	0.341	0.289	6.7591e12	147	42	4	1.666e14	1.335e13	1.335e13	1.123e12	0
349000000	3.1341e-5	1.0822e4	4.7475e4	9.1155e4	279.31	0.341	0.284	7.4275e12	165	39	4	1.757e14	2.050e13	2.050e13	1.276e12	0
350000000	5.9147e-7	1.1042e4	1.1145e5	9.1462e4	280.50	0.339	0.284	7.7233e12	192	39	4	1.631e14	9.931e12	9.931e12	9.626e11	0
351000000	2.4714e-7	1.1303e4	1.1456e5	9.1825e4	280.96	0.338	0.284	8.0242e12	212	46	4	1.577e14	8.483e12	8.483e12	8.996e11	0
352000000	3.0838e-6	1.0252e4	1.0579e5	9.0359e4	279.63	0.340	0.284	8.0780e12	194	45	4	1.552e14	1.579e13	1.579e13	1.152e12	0
353000000	4.4728e-6	9.9018e3	7.4008e4	8.9867e4	279.41	0.341	0.292	8.5297e12	193	51	4	1.603e14	1.329e13	1.329e13	9.640e11	0
354000000	2.2923e-5	1.1127e4	5.7485e4	9.1579e4	278.75	0.342	0.293	8.4122e12	179	50	4	1.620e14	2.136e13	2.144e13	1.233e12	0
355000000	1.9554e-5	1.0897e4	4.7803e4	9.1259e4	279.56	0.342	0.291	8.8186e12	181	48	4	1.745e14	1.682e13	1.681e13	1.068e12	0
356000000	2.1009e-5	1.0925e4	6.1125e4	9.1299e4	279.44	0.340	0.293	9.1199e12	170	50	4	1.827e14	2.164e13	2.166e13	1.344e12	0
357000000	4.1926e-5	1.0764e4	4.7494e4	9.1075e4	279.35	0.340	0.291	9.2418e12	181	57	4	1.878e14	2.385e13	2.385e13	1.403e12	0
358000000	4.5513e-5	1.0413e4	4.6585e4	9.0586e4	279.19	0.340	0.289	9.3507e12	164	53	4	1.885e14	2.434e13	2.434e13	1.438e12	0
359000000	3.9445e-5	1.0093e4	4.7195e4	9.0137e4	279.08	0.342	0.289	9.4924e12	176	53	4	1.887e14	2.292e13	2.292e13	1.372e12	0
360000000	3.5827e-5	9.6629e3	5.3158e4	8.9533e4	278.59	0.342	0.282	9.7615e12	168	53	4	2.009e14	2.433e13	2.435e13	1.429e12	0
361000000	4.8472e-5	1.0487e4	4.4621e4	9.0690e4	279.15	0.341	0.282	1.0015e13	168	58	4	2.071e14	2.433e13	2.431e13	1.427e12	0
362000000	3.7508e-5	1.1088e4	4.8585e4	9.1526e4	279.70	0.339	0.283	1.0124e13	173	59	4	2.032e14	2.356e13	2.356e13	1.399e12	0
363000000	4.4035e-5	1.0829e4	4.7930e4	9.1165e4	279.53	0.340	0.281	1.0253e13	170	56	4	2.072e14	2.524e13	2.524e13	1.480e12	0
364000000	4.9680e-5	1.0294e4	4.9638e4	9.0420e4	279.32	0.340	0.280	1.0907e13	183	59	4	2.135e14	2.762e13	2.762e13	1.594e12	0
365000000	4.7466e-5	9.9633e3	5.2234e4	8.9956e4	279.07	0.338	0.277	1.1290e13	172	58	4	2.170e14	2.796e13	2.797e13	1.629e12	0
366000000	4.5525e-5	1.0880e4	5.0487e4	9.1238e4	279.65	0.337	0.276	1.1118e13	175	59	4	2.083e14	2.678e13	2.678e13	1.577e12	0
367000000	5.7142e-5	1.1057e4	4.3866e4	9.1484e4	279.71	0.339	0.273	1.1207e13	183	59	4	2.062e14	2.667e13	2.666e13	1.542e12	0
368000000	4.3893e-5	1.0716e4	4.9580e4	9.1008e4	279.46	0.340	0.271	1.0872e13	162	53	4	1.988e14	2.604e13	2.605e13	1.558e12	0
369000000	4.7069e-5	1.0512e4	4.3222e4	9.0724e4	279.42	0.340	0.273	1.0970e13	145	55	4	1.896e14	2.379e13	2.378e13	1.404e12	0
370000000	4.1532e-5	1.0141e4	4.6811e4	9.0205e4	279.05	0.340	0.266	1.0842e13	148	56	4	1.848e14	2.397e13	2.399e13	1.435e12	0
371000000	4.8527e-5	1.0279e4	3.8686e4	9.0398e4	279.11	0.342	0.261	1.0435e13	151	56	4	1.717e14	2.194e13	2.193e13	1.271e12	0
372000000	3.2546e-5	1.0396e4	4.6044e4	9.0560e4	279.21	0.341	0.256	1.0101e13	142	56	4	1.757e14	2.127e13	2.128e13	1.269e12	0
373000000	3.9330e-5	1.0779e4	3.8687e4	9.1095e4	279.35	0.341	0.255	9.6846e12	134	54	4	1.510e14	2.007e13	2.007e13	1.140e12	0
374000000	2.9398e-5	1.1292e4	4.4353e4	9.1808e4	279.45	0.342	0.254	9.4288e12	148	55	4	1.474e14	1.973e13	1.974e13	1.180e12	0
375000000	4.5199e-6	1.1477e4	8.5735e4	9.2066e4	280.64	0.334	0.257	9.1673e12	151	59	4	1.458e14	1.635e13	1.635e13	1.052e12	0
376000000	1.9762e-5	1.1013e4	4.8698e4	9.1420e4	280.03	0.334	0.255	8.2998e12	166	56	4	1.318e14	1.876e13	1.876e13	1.050e12	0
377000000	3.5175e-5	1.0875e4	3.9359e4	9.1228e4	279.83	0.334	0.256	8.4073e12	158	58	4	1.461e14	2.062e13	2.061e13	1.048e12	0
378000000	1.6094e-5	1.0673e4	6.1071e4	9.0947e4	279.91	0.331	0.251	8.5973e12	155	59	4	1.379e14	1.981e13	1.981e13	1.147e12	0
379000000	1.3833e-5	1.0941e4	5.2505e4	9.1320e4	280.30	0.332	0.256	8.2218e12	161	62	4	1.197e14	1.624e13	1.624e13	9.403e11	0
380000000	2.8322e-5	1.0427e4	3.5724e4	9.0602e4	279.26	0.333	0.249	8.1516e12	160	62	4	1.184e14	1.563e13	1.564e13	8.756e11	0
381000000	2.0344e-5	1.1521e4	4.0867e4	9.2125e4	280.23	0.331	0.253	7.3384e12	168	66	4	1.134e14	1.636e13	1.636e13	8.751e11	0
382000000	1.3923e-5	1.1772e4	4.7971e4	9.2472e4	280.32	0.332	0.270	6.9619e12	185	69	4	1.164e14	1.670e13	1.670e13	8.774e11	0
383000000	1.0963e-7	1.1464e4	1.1303e5	9.2049e4	281.62	0.322	0.268	6.2704e12	178	63	4	8.886e13	1.142e13	1.142e13	6.515e11	0
384000000	0.0000e0	1.0561e4	1.1582e5	9.0792e4	281.47	0.321	0.265	5.9766e12	186	67	4	8.364e13	7.714e12	7.714e12	5.915e11	0
385000000	0.0000e0	9.8253e3	9.9209e4	8.9760e4	280.99	0.322	0.250	6.0124e12	189	64	4	8.809e13	7.145e12	7.145e12	4.835e11	0
386000000	5.5382e-6	9.5221e3	6.1577e4	8.9332e4	279.75	0.321	0.264	6.4208e12	204	61	4	1.050e14	1.345e13	1.345e13	7.400e11	0
387000000	1.1308e-6	9.9463e3	9.3414e4	8.9930e4	280.73	0.319	0.264	6.3834e12	218	60	4	8.572e13	1.115e13	1.115e13	6.917e11	0
388000000	1.8366e-6	1.0000e4	6.7350e4	9.0004e4	280.85	0.318	0.259	6.1119e12	242	60	4	8.394e13	9.635e12	9.634e12	5.864e11	0
389000000	2.1897e-5	9.5991e3	3.5218e4	8.9441e4	280.09	0.316	0.258	6.3988e12	234	58	4	9.037e13	1.411e13	1.410e13	7.360e11	0
390000000	1.5819e-5	9.2522e3	3.9655e4	8.8951e4	279.83	0.316	0.259	6.4331e12	215	57	4	9.115e13	1.372e13	1.372e13	7.414e11	0
391000000	1.0245e-5	1.0083e4	4.1683e4	9.0119e4	280.27	0.316	0.259	6.0238e12	224	61	4	9.161e13	1.453e13	1.453e13	6.524e11	0
392000000	9.1787e-7	9.9971e3	7.2330e4	9.0000e4	280.94	0.315	0.258	5.6613e12	226	60	4	7.716e13	9.846e12	9.847e12	5.435e11	0
393000000	9.5935e-6	1.0159e4	3.7448e4	9.0225e4	280.50	0.313	0.257	5.8473e12	239	56	4	8.614e13	1.329e13	1.329e13	6.036e11	0
394000000	0.0000e0	9.9838e3	9.8385e4	8.9983e4	281.56	0.312	0.256	6.1186e12	238	57	4	6.980e13	7.481e12	7.481e12	5.101e11	0
395000000	2.6179e-6	9.9656e3	6.4195e4	8.9955e4	280.99	0.310	0.256	5.9995e12	260	64	4	7.928e13	1.203e13	1.203e13	6.532e11	0
396000000	1.3989e-6	1.0449e4	8.8350e4	9.0633e4	281.28	0.309	0.259	6.4846e12	284	67	4	9.062e13	1.242e13	1.242e13	7.161e11	0
397000000	0.0000e0	9.8009e3	1.1233e5	8.9727e4	281.74	0.308	0.257	6.6530e12	296	67	4	7.716e13	1.011e13	1.011e13	6.390e11	0
398000000	8.4296e-8	9.0948e3	1.1797e5	8.8731e4	281.12	0.308	0.257	6.8828e12	301	69	4	8.206e13	1.309e13	1.309e13	7.587e11	0
399000000	0.0000e0	9.2962e3	1.3281e5	8.9017e4	281.46	0.308	0.256	7.0392e12	295	66	4	8.511e13	1.108e13	1.108e13	8.176e11	0
400000000	6.6129e-8	8.8743e3	1.0695e5	8.8418e4	280.99	0.308	0.253	6.5861e12	275	68	4	7.844e13	1.197e13	1.197e13	7.067e11	0
401000000	0.0000e0	9.0318e3	1.1100e5	8.8642e4	281.31	0.308	0.242	6.2419e12	271	67	4	7.311e13	1.146e13	1.146e13	6.705e11	0
402000000	2.5352e-6	8.6399e3	5.1761e4	8.8083e4	280.33	0.307	0.238	5.7806e12	259	67	4	8.561e13	1.132e13	1.132e13	5.732e11	0
403000000	1.8842e-5	9.1991e3	3.2386e4	8.8876e4	280.14	0.307	0.237	6.0676e12	269	69	4	8.261e13	1.292e13	1.292e13	6.739e11	0
404000000	4.3953e-6	1.0125e4	5.1758e4	9.0178e4	280.61	0.305	0.235	6.0279e12	240	60	4	8.240e13	1.172e13	1.173e13	5.948e11	0
405000000	9.0662e-7	1.1381e4	8.4344e4	9.1932e4	281.91	0.300	0.254	5.6237e12	260	63	4	7.938e13	1.125e13	1.125e13	5.984e11	0
406000000	4.4915e-7	1.0001e4	1.0008e5	9.0007e4	282.83	0.285	0.254	5.9406e12	277	64	4	9.325e13	1.084e13	1.084e13	6.439e11	0
407000000	8.0814e-7	9.3096e3	7.7553e4	8.9033e4	281.98	0.287	0.254	6.0799e12	274	69	4	7.640e13	8.922e12	8.922e12	5.718e11	0
408000000	4.7340e-6	1.0131e4	5.8959e4	9.0187e4	282.13	0.287	0.253	5.9221e12	296	62	4	8.738e13	1.351e13	1.351e13	7.162e11	0
409000000	7.4703e-6	9.9760e3	5.0247e4	8.9970e4	281.98	0.287	0.255	5.9732e12	282	60	4	8.639e13	1.314e13	1.314e13	6.812e11	0
410000000	1.6214e-6	9.4285e3	8.3517e4	8.9201e4	281.94	0.289	0.254	6.0916e12	311	66	4	8.967e13	1.215e13	1.215e13	6.906e11	0
411000000	3.8231e-6	9.8712e3	5.8440e4	8.9823e4	282.01	0.288	0.253	5.6837e12	332	68	4	8.269e13	1.166e13	1.166e13	6.307e11	0
412000000	5.4777e-6	9.5057e3	6.1701e4	8.9309e4	281.62	0.289	0.255	5.8652e12	341	72	4	8.967e13	1.268e13	1.268e13	7.179e11	0
413000000	5.6462e-7	8.8799e3	9.2305e4	8.8426e4	281.97	0.288	0.239	5.9089e12	366	77	4	8.043e13	8.941e12	8.941e12	5.721e11	0
414000000	9.2019e-6	9.0661e3	3.8461e4	8.8687e4	280.95	0.290	0.238	5.3505e12	346	71	4	7.911e13	1.094e13	1.094e13	5.603e11	0
415000000	1.3090e-5	1.0218e4	3.7262e4	9.0309e4	281.37	0.292	0.238	4.9669e12	341	75	4	7.573e13	1.149e13	1.149e13	6.449e11	0
416000000	1.0775e-5	1.0410e4	4.0680e4	9.0578e4	281.65	0.294	0.244	4.9718e12	335	71	4	7.306e13	1.216e13	1.217e13	6.253e11	0
417000000	6.9549e-6	9.9619e3	4.2563e4	8.9950e4	281.29	0.290	0.236	4.9729e12	343	77	4	7.682e13	9.860e12	9.862e12	5.636e11	0
418000000	3.5281e-6	1.0833e4	6.5215e4	9.1168e4	281.76	0.292	0.255	4.9800e12	355	77	4	7.729e13	1.079e13	1.080e13	6.271e11	0
419000000	0.0000e0	1.0150e4	1.0124e5	9.0216e4	283.62	0.271	0.255	4.9345e12	331	77	4	6.941e13	6.262e12	6.262e12	4.707e11	0
420000000	0.0000e0	9.8830e3	1.1160e5	8.9842e4	283.33	0.272	0.258	4.9318e12	335	68	4	7.908e13	9.496e12	9.496e12	5.585e11	0
421000000	0.0000e0	9.3976e3	9.5849e4	8.9158e4	283.19	0.272	0.256	4.9904e12	320	66	4	6.766e13	7.284e12	7.284e12	4.568e11	0
422000000	1.1250e-9	8.6696e3	1.0848e5	8.8128e4	282.81	0.271	0.238	4.6695e12	319	61	4	7.234e13	7.072e12	7.072e12	5.068e11	0
423000000	0.0000e0	8.4928e3	1.3477e5	8.7878e4	281.92	0.270	0.252	4.5223e12	315	59	4	7.224e13	8.810e12	8.812e12	5.548e11	0
424000000	7.2759e-8	8.0216e3	9.7861e4	8.7205e4	282.73	0.268	0.237	4.5777e12	312	65	4	6.361e13	6.185e12	6.185e12	4.395e11	0
425000000	3.3887e-6	7.7888e3	4.1710e4	8.6869e4	281.33	0.269	0.233	3.9531e12	275	65	4	6.120e13	7.752e12	7.751e12	4.254e11	0
426000000	7.0638e-7	8.5364e3	8.8366e4	8.7938e4	281.54	0.270	0.254	4.0572e12	273	63	4	6.381e13	8.549e12	8.555e12	4.827e11	0
427000000	0.0000e0	8.8826e3	8.4214e4	8.8429e4	282.85	0.271	0.235	4.0090e12	281	64	4	5.435e13	4.946e12	4.946e12	3.221e11	0
428000000	2.3375e-6	9.0040e3	5.0383e4	8.8599e4	281.95	0.272	0.236	3.7381e12	275	70	4	5.616e13	7.604e12	7.604e12	4.136e11	0
429000000	2.9352e-6	8.9320e3	4.9430e4	8.8497e4	282.13	0.273	0.238	3.5995e12	280	66	4	5.591e13	7.862e12	7.862e12	4.451e11	0
430000000	3.0137e-6	8.3575e3	4.9903e4	8.7682e4	281.80	0.272	0.238	3.4653e12	271	67	4	5.267e13	7.869e12	7.869e12	4.419e11	0
431000000	1.9765e-6	8.2761e3	5.4683e4	8.7566e4	281.61	0.273	0.234	3.3035e12	285	73	4	4.638e13	7.236e12	7.236e12	4.151e11	0
432000000	8.4449e-7	8.9398e3	6.0461e4	8.8509e4	282.11	0.274	0.234	3.2576e12	289	75	4	4.766e13	6.037e12	6.037e12	3.631e11	0
433000000	1.5899e-6	9.2425e3	5.3147e4	8.8937e4	282.27	0.274	0.236	2.9759e12	258	64	4	4.280e13	6.560e12	6.561e12	3.856e11	0
434000000	9.1042e-7	8.7607e3	5.0963e4	8.8255e4	281.98	0.275	0.236	2.8841e12	256	64	4	4.324e13	5.197e12	5.197e12	3.184e11	0
435000000	8.2862e-7	8.4475e3	5.1071e4	8.7810e4	281.44	0.276	0.229	2.5793e12	253	67	4	3.868e13	5.100e12	5.100e12	3.071e11	0
436000000	1.2821e-6	9.2843e3	4.6479e4	8.8995e4	281.96	0.276	0.231	2.4687e12	240	69	4	3.354e13	5.309e12	5.309e12	3.040e11	0
437000000	1.5773e-6	9.6899e3	4.3610e4	8.9567e4	282.01	0.276	0.231	2.4789e12	232	67	4	3.500e13	5.216e12	5.216e12	3.013e11	0
438000000	2.0414e-6	1.0077e4	3.9224e4	9.0110e4	282.44	0.274	0.235	2.4442e12	235	67	4	3.186e13	5.005e12	5.006e12	2.989e11	0
439000000	2.6629e-6	9.2996e3	3.6680e4	8.9016e4	281.98	0.273	0.237	2.4137e12	229	66	4	3.316e13	5.162e12	5.162e12	2.958e11	0
440000000	2.2054e-6	8.8582e3	3.7885e4	8.8392e4	281.59	0.274	0.235	2.4223e12	232	69	4	3.436e13	4.920e12	4.921e12	2.882e11	0
441000000	2.0956e-6	9.1047e3	3.6532e4	8.8741e4	281.69	0.276	0.233	2.1984e12	227	70	4	2.924e13	4.660e12	4.660e12	2.750e11	0
442000000	1.5444e-6	9.2560e3	3.6356e4	8.8955e4	281.70	0.276	0.234	2.1694e12	212	66	4	2.985e13	4.217e12	4.217e12	2.447e11	0
443000000	0.0000e0	9.2929e3	9.5947e4	8.9011e4	284.06	0.267	0.229	2.8374e12	192	65	4	5.308e13	0.000e0	3.228e5	2.015e11	0
444000000	0.0000e0	8.8526e3	1.8601e5	8.8392e4	283.51	0.261	0.233	4.5915e12	191	60	4	5.596e13	2.831e12	2.831e12	6.499e11	0
445000000	0.0000e0	7.7462e3	1.0599e5	8.6811e4	282.66	0.263	0.235	4.4230e12	180	65	4	4.667e13	4.399e12	4.399e12	4.385e11	0
446000000	9.1714e-8	7.4464e3	8.9654e4	8.6381e4	282.01	0.262	0.232	4.3707e12	182	60	4	4.185e13	5.976e12	5.976e12	4.315e11	0
447000000	2.9173e-7	8.0626e3	6.7526e4	8.7262e4	282.21	0.262	0.232	4.3556e12	174	56	4	4.293e13	5.807e12	5.807e12	3.429e11	0
448000000	7.8033e-7	8.3702e3	5.1023e4	8.7700e4	282.28	0.263	0.236	3.8335e12	184	61	4	4.330e13	6.418e12	6.418e12	3.271e11	0
449000000	2.3374e-6	7.6500e3	3.9722e4	8.6670e4	281.55	0.264	0.235	3.5672e12	175	65	4	3.988e13	6.290e12	6.289e12	3.270e11	0
450000000	1.6380e-6	7.4059e3	4.6213e4	8.6320e4	281.07	0.266	0.228	3.2990e12	176	68	4	3.861e13	6.365e12	6.366e12	3.240e11	0
451000000	2.1133e-6	7.7450e3	4.2205e4	8.6807e4	281.85	0.266	0.241	3.1949e12	179	61	4	3.468e13	6.283e12	6.284e12	3.199e11	0
452000000	7.6121e-7	5.6254e3	3.9889e4	8.3739e4	280.43	0.266	0.241	3.0551e12	177	61	4	3.231e13	4.265e12	4.265e12	2.171e11	0
453000000	1.6570e-6	4.0858e3	3.4517e4	8.1467e4	278.60	0.271	0.237	2.7431e12	161	61	4	3.039e13	4.413e12	4.413e12	2.354e11	0
454000000	6.5558e-6	3.5095e3	3.2201e4	8.0607e4	277.85	0.272	0.237	2.5431e12	164	60	4	3.099e13	6.994e12	6.994e12	3.649e11	0
455000000	1.4407e-6	3.2085e3	3.9207e4	8.0155e4	277.29	0.278	0.235	2.5054e12	171	63	4	2.794e13	4.746e12	4.747e12	2.365e11	0
456000000	1.7101e-6	3.5875e3	3.7731e4	8.0724e4	277.57	0.278	0.232	2.3110e12	164	66	4	2.738e13	4.926e12	4.926e12	2.448e11	0
457000000	1.4093e-6	4.2673e3	3.7231e4	8.1737e4	278.34	0.280	0.232	2.2400e12	162	59	4	2.577e13	4.377e12	4.377e12	2.311e11	0
458000000	1.3962e-6	4.6114e3	3.8200e4	8.2247e4	278.49	0.280	0.230	2.0958e12	167	66	4	2.179e13	4.487e12	4.488e12	2.191e11	0
459000000	6.0657e-7	5.2103e3	3.7120e4	8.3130e4	279.15	0.281	0.232	2.0153e12	153	67	4	2.190e13	3.658e12	3.658e12	1.695e11	0
460000000	1.3843e-6	5.1359e3	3.0983e4	8.3021e4	279.10	0.281	0.231	1.8663e12	146	68	4	2.214e13	3.732e12	3.732e12	1.856e11	0
461000000	1.4608e-6	4.6439e3	3.0211e4	8.2295e4	278.39	0.281	0.231	1.7611e12	145	65	4	1.701e13	3.668e12	3.669e12	1.876e11	0
462000000	1.9991e-6	4.7381e3	2.9445e4	8.2434e4	278.52	0.281	0.228	1.6933e12	132	57	4	1.938e13	4.328e12	4.328e12	1.946e11	0
463000000	3.6018e-7	5.0527e3	3.1242e4	8.2898e4	278.77	0.281	0.224	1.5920e12	133	57	4	1.613e13	3.186e12	3.186e12	1.577e11	0
464000000	2.7525e-6	5.5529e3	2.7616e4	8.3633e4	279.19	0.281	0.224	1.6247e12	134	61	4	1.658e13	4.518e12	4.518e12	2.026e11	0
465000000	1.8905e-6	5.5477e3	2.5626e4	8.3625e4	279.14	0.285	0.225	1.6721e12	137	61	4	1.795e13	3.613e12	3.613e12	1.639e11	0
466000000	2.7462e-6	4.9594e3	2.2510e4	8.2761e4	278.41	0.285	0.222	1.6076e12	147	60	4	1.669e13	3.814e12	3.814e12	1.610e11	0
467000000	3.4003e-6	4.7643e3	2.1879e4	8.2473e4	278.25	0.285	0.223	1.6389e12	157	63	4	1.974e13	4.063e12	4.063e12	1.841e11	0
468000000	2.2977e-6	4.9503e3	2.5155e4	8.2747e4	278.12	0.286	0.219	1.6935e12	139	61	4	1.789e13	3.875e12	3.875e12	1.666e11	0
469000000	3.8691e-6	5.8714e3	2.3329e4	8.4098e4	279.03	0.287	0.220	1.6950e12	142	64	4	1.671e13	4.407e12	4.406e12	1.947e11	0
470000000	0.0000e0	5.7226e3	1.5560e5	8.3887e4	280.54	0.287	0.222	2.1879e12	116	53	4	3.817e13	3.208e11	3.208e11	2.280e11	0
471000000	0.0000e0	4.8894e3	1.1723e5	8.2662e4	279.99	0.287	0.220	3.2573e12	124	54	4	4.266e13	3.517e12	3.517e12	3.386e11	0
472000000	4.2345e-8	4.6055e3	1.0458e5	8.2242e4	279.35	0.287	0.215	3.6901e12	137	55	4	3.034e13	6.013e12	6.013e12	4.049e11	0
473000000	1.7508e-8	4.7376e3	7.3884e4	8.2435e4	279.32	0.288	0.219	3.4549e12	134	57	4	2.865e13	4.188e12	4.188e12	2.531e11	0
474000000	1.3903e-7	4.7650e3	4.6135e4	8.2475e4	278.54	0.288	0.214	2.9766e12	139	56	4	2.641e13	5.621e12	5.621e12	2.200e11	0
475000000	9.6739e-7	5.6086e3	3.7874e4	8.3714e4	279.39	0.286	0.217	2.7109e12	136	58	4	2.591e13	6.448e12	6.448e12	2.196e11	0
476000000	8.1637e-7	5.6088e3	4.1681e4	8.3715e4	279.20	0.287	0.225	2.6673e12	143	55	4	2.723e13	6.770e12	6.771e12	2.314e11	0
477000000	0.0000e0	5.5160e3	6.9142e4	8.3580e4	279.79	0.288	0.215	2.2868e12	125	57	4	2.324e13	5.597e12	5.597e12	2.409e11	0
478000000	5.2548e-7	5.5771e3	4.2593e4	8.3668e4	279.32	0.289	0.225	2.2868e12	130	56	4	2.350e13	5.206e12	5.206e12	1.948e11	0
479000000	2.0540e-7	5.4713e3	5.4625e4	8.3514e4	279.72	0.290	0.217	2.1731e12	130	57	4	2.237e13	5.165e12	5.165e12	2.040e11	0
480000000	0.0000e0	4.7170e3	4.1123e4	8.2404e4	278.29	0.292	0.222	2.0091e12	125	54	4	2.204e13	3.883e12	3.883e12	1.198e11	0
481000000	0.0000e0	4.9945e3	4.4555e4	8.2813e4	278.82	0.295	0.222	1.7287e12	133	57	4	2.005e13	3.474e12	3.474e12	1.524e11	0
482000000	0.0000e0	4.9135e3	5.1617e4	8.2694e4	279.00	0.296	0.212	1.7470e12	144	59	4	2.083e13	3.314e12	3.314e12	1.454e11	0
483000000	0.0000e0	4.7981e3	4.2016e4	8.2523e4	278.53	0.297	0.223	1.7203e12	146	64	4	1.907e13	2.853e12	2.853e12	1.161e11	0
484000000	0.0000e0	5.2162e3	4.6253e4	8.3139e4	278.81	0.299	0.222	1.7339e12	144	62	4	2.214e13	2.791e12	2.791e12	1.240e11	0
485000000	0.0000e0	5.8549e3	4.5969e4	8.4075e4	279.28	0.298	0.223	1.8234e12	132	59	4	2.318e13	3.313e12	3.313e12	1.313e11	0
486000000	0.0000e0	6.1834e3	5.2259e4	8.4554e4	279.71	0.297	0.224	1.7783e12	128	58	4	1.676e13	4.128e12	4.128e12	1.609e11	0
487000000	4.3493e-7	6.0658e3	3.8167e4	8.4382e4	279.41	0.299	0.222	1.6312e12	131	58	4	2.059e13	4.346e12	4.346e12	1.638e11	0
488000000	1.0234e-6	5.7237e3	3.2944e4	8.3882e4	278.82	0.299	0.223	1.6780e12	125	56	4	1.683e13	3.989e12	3.989e12	1.783e11	0
489000000	9.8143e-7	5.8390e3	3.0843e4	8.4051e4	278.90	0.301	0.221	1.6284e12	127	55	4	2.013e13	4.368e12	4.368e12	1.598e11	0
490000000	1.9138e-8	5.3924e3	4.4861e4	8.3398e4	278.71	0.304	0.222	1.5947e12	135	53	4	1.725e13	3.338e12	3.338e12	1.296e11	0
491000000	0.0000e0	5.0407e3	3.2853e4	8.2881e4	278.51	0.306	0.212	1.5610e12	141	56	4	1.564e13	2.330e12	2.330e12	8.611e10	0
492000000	5.8167e-7	4.6229e3	3.1662e4	8.2264e4	277.20	0.307	0.217	1.6881e12	129	55	4	2.531e13	3.610e12	3.610e12	1.345e11	0
493000000	0.0000e0	4.9915e3	1.0517e5	8.2812e4	280.24	0.305	0.215	2.9777e12	129	57	4	4.280e13	0.000e0	3.227e5	2.102e11	0
494000000	0.0000e0	4.6654e3	9.8043e4	8.2330e4	278.64	0.305	0.215	3.5574e12	126	56	4	3.155e13	5.477e12	5.477e12	3.492e11	0
495000000	0.0000e0	5.1647e3	5.8994e4	8.3064e4	278.77	0.308	0.216	3.7227e12	131	59	4	3.199e13	4.570e12	4.570e12	2.261e11	0
496000000	0.0000e0	5.2997e3	2.0848e4	8.3261e4	278.20	0.309	0.216	3.4281e12	125	60	4	2.586e13	4.154e12	4.154e12	1.045e11	0
497000000	0.0000e0	5.1094e3	5.0830e4	8.2983e4	278.06	0.311	0.217	2.8631e12	123	55	4	2.808e13	8.193e12	8.193e12	2.100e11	0
498000000	0.0000e0	5.4857e3	4.6397e4	8.3535e4	278.48	0.312	0.215	2.9359e12	141	62	4	3.869e13	5.325e12	5.325e12	1.680e11	0
499000000	0.0000e0	5.1753e3	4.5177e4	8.3079e4	278.85	0.313	0.214	3.1755e12	127	59	4	3.085e13	3.232e12	3.232e12	1.452e11	0
500000000	0.0000e0	4.7935e3	4.9809e4	8.2517e4	277.70	0.314	0.214	3.0341e12	134	61	4	2.934e13	6.675e12	6.675e12	2.312e11	0
501000000	0.0000e0	5.1029e3	3.2624e4	8.2972e4	278.45	0.314	0.213	3.0019e12	129	60	4	2.531e13	4.059e12	4.059e12	1.301e11	0
502000000	0.0000e0	4.8858e3	5.1261e4	8.2653e4	277.71	0.313	0.217	2.8560e12	131	60	4	3.045e13	7.056e12	7.056e12	2.190e11	0
503000000	0.0000e0	5.0839e3	5.1774e4	8.2945e4	278.07	0.313	0.216	2.9813e12	132	62	4	3.194e13	7.127e12	7.127e12	2.154e11	0
504000000	0.0000e0	5.3206e3	5.0289e4	8.3293e4	278.52	0.315	0.214	3.0366e12	142	61	4	2.571e13	6.601e12	6.601e12	2.093e11	0
505000000	0.0000e0	6.0221e3	4.8925e4	8.4319e4	278.87	0.315	0.213	3.0740e12	142	59	4	3.364e13	8.810e12	8.810e12	2.400e11	0
506000000	0.0000e0	5.8845e3	3.4546e4	8.4117e4	278.94	0.316	0.213	3.1163e12	142	55	4	2.840e13	6.633e12	6.633e12	1.364e11	0
507000000	0.0000e0	5.6077e3	3.7004e4	8.3713e4	278.40	0.316	0.214	3.0627e12	142	59	4	2.848e13	9.373e12	9.373e12	1.963e11	0
508000000	0.0000e0	5.1795e3	5.1882e4	8.3086e4	278.02	0.317	0.212	3.0182e12	156	60	4	2.803e13	1.028e13	1.028e13	2.584e11	0
509000000	0.0000e0	5.6927e3	2.8187e4	8.3837e4	278.55	0.316	0.214	2.7942e12	140	54	4	2.718e13	6.944e12	6.944e12	1.370e11	0
510000000	1.9916e-7	5.8722e3	4.3140e4	8.4100e4	278.50	0.317	0.214	2.6789e12	132	56	4	2.444e13	1.186e13	1.186e13	2.193e11	0
511000000	0.0000e0	6.0986e3	3.6669e4	8.4429e4	278.74	0.317	0.213	2.6263e12	143	54	4	2.523e13	1.149e13	1.149e13	1.890e11	0
512000000	3.0651e-7	5.9958e3	3.9570e4	8.4280e4	278.58	0.318	0.213	2.6206e12	143	56	4	2.909e13	1.124e13	1.124e13	2.063e11	0
513000000	1.4532e-7	5.9904e3	4.5705e4	8.4272e4	278.72	0.317	0.212	2.7469e12	130	55	4	2.507e13	9.130e12	9.131e12	2.057e11	0
514000000	2.3340e-7	5.5801e3	4.2629e4	8.3673e4	278.44	0.317	0.212	2.6932e12	137	54	4	2.765e13	9.574e12	9.574e12	2.043e11	0
515000000	7.8870e-7	5.3817e3	4.3778e4	8.3382e4	278.30	0.317	0.212	2.7864e12	136	55	4	3.094e13	9.896e12	9.896e12	2.473e11	0
516000000	8.9654e-7	5.1542e3	4.0806e4	8.3048e4	277.93	0.319	0.213	2.8858e12	125	51	4	2.995e13	7.627e12	7.627e12	2.283e11	0
517000000	0.0000e0	4.9682e3	5.7821e4	8.2775e4	278.27	0.320	0.210	2.8303e12	117	49	4	2.831e13	7.475e12	7.475e12	2.389e11	0
518000000	0.0000e0	4.4160e3	4.9811e4	8.1958e4	277.33	0.321	0.210	2.7071e12	121	53	4	3.010e13	6.668e12	6.668e12	2.401e11	0
519000000	4.8776e-7	4.3380e3	4.9402e4	8.1843e4	277.17	0.323	0.209	2.9104e12	131	55	4	3.569e13	7.427e12	7.427e12	2.471e11	0
520000000	1.6354e-6	4.7562e3	4.1103e4	8.2462e4	277.26	0.325	0.208	2.8612e12	144	49	4	2.714e13	9.004e12	9.004e12	2.778e11	0
521000000	0.0000e0	5.2656e3	4.9623e4	8.3212e4	278.00	0.325	0.207	2.5936e12	143	49	4	2.943e13	7.948e12	7.948e12	2.027e11	0
522000000	7.5535e-7	5.3930e3	4.0879e4	8.3399e4	277.71	0.327	0.207	2.6244e12	144	52	4	2.295e13	6.890e12	6.890e12	2.192e11	0
523000000	3.4424e-7	5.8305e3	3.5444e4	8.4038e4	278.00	0.328	0.207	2.5689e12	131	50	4	2.521e13	6.878e12	6.878e12	1.730e11	0
524000000	1.9804e-6	5.7429e3	2.9128e4	8.3910e4	277.67	0.329	0.208	2.5721e12	136	50	4	2.630e13	8.280e12	8.279e12	2.065e11	0
525000000	4.5328e-7	5.6656e3	3.6512e4	8.3798e4	277.82	0.330	0.207	2.5417e12	133	50	4	2.282e13	6.187e12	6.188e12	1.772e11	0
526000000	9.0451e-7	5.0597e3	3.5460e4	8.2909e4	277.33	0.331	0.206	2.5033e12	131	52	4	2.620e13	6.144e12	6.144e12	1.973e11	0
527000000	1.3096e-6	4.6724e3	3.2087e4	8.2337e4	276.76	0.331	0.206	2.5320e12	127	51	4	2.578e13	6.467e12	6.467e12	1.893e11	0
528000000	2.7117e-6	5.4034e3	2.8375e4	8.3413e4	277.05	0.332	0.206	2.3024e12	123	50	4	2.470e13	6.731e12	6.730e12	2.291e11	0
529000000	1.6220e-6	6.3564e3	2.9626e4	8.4804e4	278.20	0.332	0.207	2.2896e12	123	48	4	2.163e13	5.515e12	5.515e12	1.889e11	0
530000000	1.9622e-6	5.9199e3	3.1365e4	8.4169e4	277.62	0.334	0.208	2.2969e12	127	49	4	2.377e13	5.881e12	5.881e12	2.126e11	0
531000000	2.1632e-6	6.5278e3	3.0779e4	8.5053e4	278.19	0.334	0.208	2.3114e12	122	48	4	2.355e13	5.949e12	5.949e12	2.170e11	0
532000000	3.1671e-6	6.6664e3	3.1306e4	8.5253e4	278.06	0.333	0.208	2.4609e12	111	46	4	2.585e13	6.524e12	6.525e12	2.532e11	0
533000000	1.7758e-6	7.4384e3	3.1525e4	8.6366e4	278.91	0.333	0.211	2.3790e12	104	43	4	2.449e13	6.638e12	6.638e12	2.098e11	0
534000000	0.0000e0	6.7300e3	9.3457e4	8.5348e4	279.39	0.332	0.211	2.7965e12	100	43	4	2.692e13	5.408e12	5.408e12	3.111e11	0
535000000	0.0000e0	6.1932e3	4.3820e4	8.4567e4	278.59	0.330	0.206	2.7943e12	103	45	4	2.359e13	4.586e12	4.586e12	1.822e11	0
536000000	0.0000e0	5.8890e3	5.1289e4	8.4125e4	278.25	0.329	0.204	2.4871e12	103	46	4	1.956e13	5.225e12	5.225e12	1.759e11	0
537000000	0.0000e0	6.2158e3	3.5303e4	8.4600e4	278.34	0.329	0.205	2.3758e12	97	42	4	2.107e13	5.764e12	5.764e12	1.444e11	0
538000000	0.0000e0	5.9560e3	5.2025e4	8.4222e4	278.15	0.330	0.214	2.3666e12	89	40	4	2.159e13	5.643e12	5.643e12	1.793e11	0
539000000	0.0000e0	6.2665e3	3.4120e4	8.4673e4	278.66	0.329	0.205	2.3955e12	90	39	4	2.172e13	3.390e12	3.390e12	1.110e11	0
540000000	1.7443e-7	5.9753e3	4.5066e4	8.4250e4	278.41	0.327	0.205	2.2102e12	92	40	4	2.058e13	5.456e12	5.456e12	1.848e11	0
541000000	1.6282e-7	5.9060e3	4.7499e4	8.4149e4	278.09	0.328	0.216	2.2098e12	90	39	4	2.233e13	5.178e12	5.178e12	1.870e11	0
542000000	0.0000e0	6.0209e3	4.6979e4	8.4317e4	278.85	0.327	0.209	2.2840e12	85	39	4	2.277e13	3.240e12	3.240e12	1.475e11	0
543000000	0.0000e0	5.4700e3	4.3222e4	8.3512e4	277.77	0.329	0.217	2.2204e12	92	44	4	2.003e13	5.551e12	5.551e12	1.552e11	0
544000000	0.0000e0	6.1806e3	3.0359e4	8.4548e4	278.36	0.330	0.207	2.2130e12	94	42	4	2.118e13	3.335e12	3.335e12	9.700e10	0
545000000	2.3126e-8	6.0685e3	4.9261e4	8.4386e4	278.41	0.329	0.209	1.9589e12	89	42	4	1.857e13	5.304e12	5.304e12	1.801e11	0
546000000	0.0000e0	6.1583e3	4.2159e4	8.4517e4	278.21	0.329	0.206	1.9428e12	80	40	4	1.807e13	5.613e12	5.613e12	1.536e11	0
547000000	5.9711e-8	6.3302e3	4.3631e4	8.4766e4	278.56	0.328	0.206	1.9316e12	87	44	4	1.855e13	5.415e12	5.415e12	1.619e11	0
548000000	3.0949e-7	6.1070e3	4.0960e4	8.4442e4	278.34	0.327	0.206	1.9087e12	84	44	4	1.815e13	5.592e12	5.592e12	1.769e11	0
549000000	5.1945e-7	6.1840e3	3.9477e4	8.4554e4	278.32	0.325	0.205	1.8501e12	84	44	4	1.794e13	5.851e12	5.851e12	1.856e11	0
550000000	2.3894e-7	6.6160e3	3.9895e4	8.5181e4	278.83	0.324	0.210	1.8415e12	86	44	4	1.806e13	5.291e12	5.291e12	1.625e11	0
551000000	3.7483e-7	6.4305e3	3.7226e4	8.4912e4	278.64	0.322	0.209	1.7702e12	77	42	4	1.658e13	5.455e12	5.455e12	1.630e11	0
552000000	3.4393e-7	6.6949e3	3.6275e4	8.5295e4	278.85	0.322	0.213	1.7566e12	70	41	4	1.701e13	5.104e12	5.104e12	1.555e11	0
553000000	3.8110e-7	6.6918e3	3.4828e4	8.5290e4	278.89	0.322	0.215	1.7551e12	72	39	4	1.689e13	4.887e12	4.887e12	1.511e11	0
554000000	5.1282e-7	6.4960e3	3.2557e4	8.5006e4	278.59	0.322	0.213	1.7452e12	69	39	4	1.687e13	4.772e12	4.772e12	1.505e11	0
555000000	6.7994e-7	6.5406e3	3.0462e4	8.5071e4	278.78	0.321	0.217	1.7209e12	65	41	4	1.597e13	4.563e12	4.563e12	1.498e11	0
556000000	3.2690e-7	5.8684e3	2.8236e4	8.4093e4	278.12	0.322	0.213	1.6627e12	64	42	4	1.516e13	4.347e12	4.348e12	1.220e11	0
557000000	4.7102e-7	5.6733e3	2.7144e4	8.3808e4	277.92	0.323	0.213	1.6222e12	65	44	4	1.533e13	5.168e12	5.168e12	1.230e11	0
558000000	1.0872e-6	5.5509e3	2.5819e4	8.3629e4	277.69	0.322	0.211	1.6362e12	64	44	4	1.532e13	4.972e12	4.972e12	1.430e11	0
559000000	0.0000e0	5.6678e3	5.8195e4	8.3802e4	278.57	0.322	0.210	1.8302e12	67	40	4	2.277e13	3.507e12	3.507e12	1.694e11	0
560000000	2.4544e-8	5.4602e3	7.4365e4	8.3499e4	278.65	0.322	0.209	2.1290e12	64	40	4	2.491e13	6.984e12	6.984e12	2.762e11	0
561000000	2.0843e-8	5.4275e3	6.0848e4	8.3450e4	278.41	0.322	0.208	2.2932e12	66	40	4	2.048e13	7.726e12	7.726e12	2.393e11	0
562000000	0.0000e0	5.6587e3	2.8654e4	8.3787e4	277.82	0.323	0.207	2.0697e12	62	40	4	1.750e13	6.064e12	6.064e12	1.113e11	0
563000000	0.0000e0	6.5212e3	3.4144e4	8.5043e4	278.46	0.323	0.206	1.8582e12	63	41	4	1.738e13	6.498e12	6.498e12	1.285e11	0
564000000	0.0000e0	7.1445e3	3.2540e4	8.5943e4	279.23	0.322	0.213	1.7170e12	64	40	4	1.598e13	5.849e12	5.849e12	1.212e11	0
565000000	1.2481e-7	6.6154e3	3.7023e4	8.5180e4	278.80	0.322	0.210	1.6251e12	71	41	4	1.536e13	5.569e12	5.569e12	1.434e11	0
566000000	3.1628e-7	6.6771e3	3.3868e4	8.5269e4	278.89	0.321	0.213	1.6097e12	66	42	4	1.561e13	4.632e12	4.632e12	1.412e11	0
567000000	0.0000e0	6.0652e3	1.8639e5	8.4389e4	279.78	0.320	0.213	2.2638e12	67	40	4	5.257e13	0.000e0	1.867e5	1.945e11	0
568000000	0.0000e0	5.9624e3	1.0700e5	8.4235e4	279.34	0.320	0.214	3.4261e12	65	36	4	3.968e13	7.582e12	7.582e12	4.578e11	0
569000000	0.0000e0	6.0601e3	7.7359e4	8.4375e4	279.49	0.318	0.214	3.8570e12	65	35	4	3.166e13	5.816e12	5.816e12	3.100e11	0
570000000	0.0000e0	6.4371e3	3.3046e4	8.4921e4	278.28	0.319	0.214	3.4523e12	62	37	4	2.530e13	7.173e12	7.173e12	1.736e11	0
571000000	0.0000e0	6.5938e3	3.7623e4	8.5148e4	279.11	0.318	0.218	3.3168e12	66	38	4	3.265e13	8.194e12	8.194e12	2.175e11	0
572000000	0.0000e0	5.7371e3	4.9304e4	8.3903e4	278.67	0.319	0.217	3.1688e12	69	35	4	3.064e13	8.502e12	8.502e12	2.607e11	0
573000000	0.0000e0	5.1601e3	4.1972e4	8.3057e4	278.18	0.319	0.222	3.0419e12	66	40	4	3.124e13	7.293e12	7.293e12	2.269e11	0
574000000	0.0000e0	4.7525e3	4.9423e4	8.2456e4	277.35	0.320	0.215	2.6711e12	65	38	4	2.718e13	7.806e12	7.806e12	2.592e11	0
575000000	0.0000e0	5.9666e3	3.7358e4	8.4237e4	278.55	0.320	0.222	2.3809e12	66	36	4	2.602e13	6.174e12	6.174e12	1.927e11	0
576000000	0.0000e0	5.5582e3	4.1903e4	8.3641e4	278.38	0.318	0.222	2.3294e12	69	39	4	2.463e13	5.050e12	5.050e12	2.059e11	0
577000000	0.0000e0	5.3627e3	4.2475e4	8.3354e4	278.23	0.318	0.223	2.1550e12	73	38	4	2.316e13	4.570e12	4.570e12	2.004e11	0
578000000	0.0000e0	5.1820e3	4.9344e4	8.3089e4	278.22	0.317	0.225	2.1504e12	75	39	4	2.364e13	4.467e12	4.467e12	2.153e11	0
579000000	0.0000e0	5.0693e3	4.6499e4	8.2923e4	278.08	0.317	0.223	2.1485e12	77	40	4	2.371e13	4.093e12	4.093e12	2.025e11	0
580000000	0.0000e0	4.9823e3	5.0039e4	8.2795e4	278.25	0.315	0.225	2.1373e12	69	36	4	2.360e13	4.308e12	4.308e12	2.124e11	0
581000000	0.0000e0	5.0016e3	5.3102e4	8.2824e4	277.93	0.315	0.220	2.0878e12	74	37	4	2.361e13	4.276e12	4.276e12	2.103e11	0
582000000	0.0000e0	6.0078e3	4.7311e4	8.4298e4	279.06	0.314	0.226	2.0854e12	75	36	4	2.272e13	3.417e12	3.417e12	1.874e11	0
583000000	0.0000e0	6.2709e3	5.2546e4	8.4681e4	279.13	0.312	0.227	2.0060e12	79	37	4	2.168e13	4.364e12	4.364e12	2.123e11	0
584000000	0.0000e0	6.6616e3	4.8743e4	8.5247e4	279.59	0.312	0.232	2.0080e12	77	40	4	2.229e13	4.230e12	4.230e12	1.915e11	0
585000000	0.0000e0	6.1873e3	5.6143e4	8.4559e4	279.58	0.313	0.237	2.0255e12	74	38	4	2.246e13	4.224e12	4.224e12	2.130e11	0
586000000	0.0000e0	5.0274e3	4.9405e4	8.2862e4	278.43	0.314	0.235	1.9329e12	83	39	4	2.057e13	4.174e12	4.174e12	1.869e11	0
587000000	0.0000e0	4.9745e3	4.5205e4	8.2784e4	278.13	0.312	0.237	1.9074e12	79	41	4	2.042e13	4.346e12	4.346e12	1.705e11	0
588000000	0.0000e0	5.2409e3	4.5755e4	8.3176e4	278.34	0.313	0.236	1.9114e12	83	43	4	2.204e13	4.429e12	4.429e12	1.731e11	0
589000000	0.0000e0	5.2180e3	3.8038e4	8.3142e4	278.46	0.312	0.237	1.8873e12	79	42	4	1.994e13	4.896e12	4.896e12	1.561e11	0
590000000	0.0000e0	4.4911e3	4.3475e4	8.2069e4	277.92	0.312	0.236	1.8789e12	87	44	4	2.035e13	4.804e12	4.804e12	1.642e11	0
591000000	0.0000e0	4.2308e3	4.7820e4	8.1683e4	277.38	0.314	0.232	1.8966e12	88	43	4	2.020e13	4.829e12	4.829e12	1.750e11	0
592000000	0.0000e0	5.0947e3	4.1696e4	8.2960e4	278.14	0.314	0.234	1.8850e12	91	47	4	2.016e13	4.611e12	4.611e12	1.534e11	0
593000000	0.0000e0	5.5516e3	4.6409e4	8.3631e4	278.64	0.312	0.235	1.8608e12	90	46	4	2.031e13	5.003e12	5.003e12	1.671e11	0
594000000	0.0000e0	5.5540e3	4.9187e4	8.3635e4	279.03	0.312	0.240	1.8660e12	91	46	4	2.071e13	5.078e12	5.078e12	1.771e11	0
595000000	1.2261e-7	4.7950e3	4.8347e4	8.2519e4	278.27	0.310	0.238	1.8527e12	92	46	4	1.999e13	4.611e12	4.611e12	1.849e11	0
596000000	2.2462e-7	4.8383e3	4.2226e4	8.2583e4	278.27	0.310	0.242	1.8433e12	89	46	4	1.926e13	4.703e12	4.703e12	1.757e11	0
597000000	9.4365e-8	4.7857e3	3.8427e4	8.2505e4	278.03	0.311	0.242	1.6490e12	83	45	4	1.685e13	3.353e12	3.353e12	1.433e11	0
598000000	4.4149e-8	4.9410e3	3.5568e4	8.2734e4	278.04	0.312	0.243	1.5992e12	88	46	4	1.731e13	3.030e12	3.030e12	1.182e11	0
599000000	3.4029e-7	4.9855e3	3.1563e4	8.2799e4	278.13	0.311	0.246	1.5610e12	88	47	4	1.727e13	3.493e12	3.493e12	1.338e11	0
600000000	1.5535e-7	5.0215e3	2.8604e4	8.2852e4	277.72	0.311	0.241	1.5255e12	89	49	4	1.749e13	3.952e12	3.952e12	1.515e11	0
601000000	5.7642e-7	5.8040e3	3.1612e4	8.4000e4	278.82	0.310	0.250	1.5461e12	81	47	4	1.706e13	4.789e12	4.789e12	1.560e11	0
602000000	0.0000e0	4.9131e3	9.9344e4	8.2696e4	279.56	0.310	0.243	2.1779e12	66	33	4	3.852e13	6.298e11	6.298e11	1.909e11	0
603000000	0.0000e0	4.0041e3	7.4169e4	8.1347e4	278.14	0.310	0.248	2.7305e12	77	35	4	2.712e13	5.255e12	5.255e12	2.707e11	0
604000000	0.0000e0	3.8412e3	4.9167e4	8.1103e4	277.01	0.313	0.240	2.2731e12	74	36	4	2.487e13	4.157e12	4.157e12	1.802e11	0
605000000	0.0000e0	4.9048e3	4.3362e4	8.2681e4	278.05	0.314	0.235	2.1751e12	71	32	4	2.266e13	3.940e12	3.940e12	1.597e11	0
606000000	0.0000e0	4.9028e3	5.6384e4	8.2679e4	278.49	0.315	0.243	2.1833e12	65	34	4	2.621e13	5.187e12	5.187e12	2.367e11	0
607000000	0.0000e0	4.2156e3	5.6557e4	8.1661e4	277.55	0.315	0.243	2.1734e12	64	34	4	2.300e13	5.148e12	5.148e12	2.287e11	0
608000000	0.0000e0	5.1513e3	5.1763e4	8.3044e4	278.10	0.315	0.244	1.9901e12	69	35	4	2.227e13	4.755e12	4.755e12	2.081e11	0
609000000	0.0000e0	6.6190e3	5.0766e4	8.5186e4	279.41	0.315	0.242	1.7848e12	61	34	4	2.109e13	4.295e12	4.295e12	2.052e11	0
610000000	1.4577e-8	6.6817e3	5.3408e4	8.5276e4	279.92	0.313	0.244	1.7319e12	65	37	4	2.008e13	3.972e12	3.972e12	2.119e11	0
611000000	7.7840e-8	6.0900e3	4.7636e4	8.4417e4	279.29	0.311	0.237	1.7164e12	61	39	4	2.034e13	3.887e12	3.887e12	2.045e11	0
612000000	0.0000e0	6.8477e3	4.1691e4	8.5516e4	279.32	0.312	0.228	1.6563e12	57	38	4	1.910e13	3.422e12	3.422e12	1.630e11	0
613000000	0.0000e0	8.1286e3	3.8274e4	8.7355e4	280.66	0.309	0.236	1.5503e12	49	34	4	1.893e13	3.452e12	3.452e12	1.459e11	0
614000000	2.5120e-7	7.0406e3	3.2481e4	8.5794e4	279.88	0.309	0.231	1.4938e12	66	40	4	1.815e13	3.444e12	3.444e12	1.612e11	0
615000000	3.0322e-7	6.7667e3	2.9962e4	8.5398e4	279.55	0.308	0.229	1.3752e12	64	39	4	1.761e13	3.244e12	3.244e12	1.578e11	0
616000000	5.2103e-7	7.0251e3	2.9027e4	8.5771e4	279.61	0.308	0.225	1.3496e12	68	40	4	1.722e13	3.273e12	3.273e12	1.524e11	0
617000000	0.0000e0	7.1928e3	1.8967e5	8.6022e4	282.25	0.292	0.226	2.1925e12	48	34	4	4.785e13	0.000e0	4.590e5	2.459e11	0
618000000	0.0000e0	6.6213e3	1.2133e5	8.5193e4	281.66	0.290	0.228	3.0601e12	48	37	4	3.314e13	4.742e12	4.742e12	4.257e11	0
619000000	0.0000e0	5.9398e3	1.7020e4	8.4197e4	280.33	0.292	0.223	2.4988e12	43	36	4	1.943e13	2.553e12	2.553e12	7.220e10	0
620000000	0.0000e0	6.2307e3	3.9347e4	8.4622e4	279.87	0.292	0.238	2.4656e12	47	36	4	2.661e13	5.776e12	5.776e12	1.791e11	0
621000000	0.0000e0	6.6534e3	1.5980e4	8.5234e4	280.54	0.291	0.235	2.5131e12	41	36	4	2.083e13	2.330e12	2.330e12	7.271e10	0
622000000	0.0000e0	6.3856e3	3.4109e4	8.4846e4	280.22	0.292	0.233	2.3152e12	47	35	4	2.127e13	6.062e12	6.062e12	1.683e11	0
623000000	0.0000e0	5.7400e3	3.8756e4	8.3906e4	280.05	0.292	0.231	2.2394e12	42	37	4	2.183e13	5.437e12	5.437e12	1.796e11	0
624000000	0.0000e0	5.7672e3	3.7162e4	8.3946e4	279.72	0.293	0.229	2.2819e12	49	37	4	2.232e13	6.366e12	6.366e12	1.742e11	0
625000000	0.0000e0	6.1426e3	3.6493e4	8.4493e4	280.17	0.292	0.227	2.3293e12	48	39	4	2.210e13	6.135e12	6.135e12	1.743e11	0
626000000	0.0000e0	5.9036e3	3.4651e4	8.4145e4	280.09	0.292	0.224	2.0717e12	50	36	4	2.068e13	4.976e12	4.976e12	1.643e11	0
627000000	0.0000e0	5.5372e3	3.6262e4	8.3610e4	279.59	0.291	0.222	2.0289e12	48	36	4	2.078e13	5.021e12	5.021e12	1.614e11	0
628000000	0.0000e0	6.0208e3	4.2775e4	8.4316e4	280.29	0.291	0.223	1.9599e12	55	39	4	2.039e13	4.817e12	4.817e12	1.879e11	0
629000000	0.0000e0	6.0501e3	4.3734e4	8.4359e4	280.25	0.293	0.221	1.9514e12	56	37	4	2.088e13	4.846e12	4.846e12	1.841e11	0
630000000	0.0000e0	6.1014e3	4.6374e4	8.4434e4	280.52	0.292	0.220	1.9463e12	53	36	4	2.098e13	4.484e12	4.484e12	1.841e11	0
631000000	0.0000e0	5.8819e3	4.5406e4	8.4114e4	280.08	0.293	0.218	1.9093e12	59	35	4	2.133e13	4.692e12	4.692e12	1.764e11	0
632000000	0.0000e0	6.1545e3	4.3843e4	8.4511e4	280.36	0.293	0.214	1.8802e12	58	38	4	2.100e13	4.275e12	4.275e12	1.648e11	0
633000000	0.0000e0	6.1596e3	5.2058e4	8.4519e4	280.57	0.292	0.214	1.8597e12	54	37	4	2.119e13	5.031e12	5.031e12	1.974e11	0
634000000	0.0000e0	6.1431e3	5.2457e4	8.4495e4	280.44	0.293	0.213	1.8345e12	55	37	4	2.113e13	5.185e12	5.185e12	1.944e11	0
635000000	0.0000e0	6.3517e3	4.7187e4	8.4798e4	280.65	0.293	0.211	1.7802e12	55	38	4	2.065e13	4.809e12	4.809e12	1.783e11	0
636000000	5.0941e-8	6.1973e3	5.0916e4	8.4574e4	280.51	0.293	0.210	1.6479e12	57	34	4	1.843e13	4.978e12	4.978e12	1.920e11	0
637000000	1.2306e-7	6.4301e3	4.7669e4	8.4912e4	280.57	0.294	0.210	1.6507e12	52	31	4	1.802e13	4.954e12	4.954e12	1.866e11	0
638000000	9.0376e-8	6.3842e3	4.2874e4	8.4845e4	280.76	0.293	0.209	1.6396e12	57	33	4	1.749e13	4.430e12	4.430e12	1.594e11	0
639000000	2.3722e-7	5.7070e3	3.7478e4	8.3858e4	279.77	0.294	0.208	1.6138e12	55	36	4	1.709e13	4.711e12	4.711e12	1.557e11	0
640000000	3.3168e-7	6.3925e3	3.8341e4	8.4857e4	280.31	0.295	0.208	1.5981e12	57	35	4	1.723e13	4.864e12	4.864e12	1.674e11	0
641000000	2.6651e-7	6.8271e3	3.7265e4	8.5486e4	280.58	0.294	0.210	1.5857e12	59	33	4	1.734e13	4.581e12	4.581e12	1.541e11	0
642000000	2.2695e-7	7.5567e3	4.0656e4	8.6536e4	281.05	0.293	0.209	1.5721e12	59	36	4	1.750e13	4.724e12	4.724e12	1.638e11	0
643000000	0.0000e0	8.3167e3	5.6285e4	8.7624e4	282.05	0.290	0.210	1.6647e12	40	30	4	2.166e13	3.694e12	3.694e12	1.746e11	0
644000000	0.0000e0	7.7406e3	7.6779e4	8.6802e4	282.50	0.288	0.210	2.1320e12	43	31	4	2.421e13	5.126e12	5.126e12	2.681e11	0
645000000	0.0000e0	6.4176e3	5.0300e4	8.4894e4	281.07	0.288	0.211	2.4245e12	48	33	4	2.104e13	4.747e12	4.747e12	1.854e11	0
646000000	0.0000e0	6.6874e3	5.6350e4	8.5285e4	281.36	0.288	0.208	2.2278e12	49	27	4	2.216e13	8.189e12	8.189e12	2.415e11	0
647000000	0.0000e0	6.4278e3	4.8309e4	8.4908e4	280.99	0.288	0.206	1.9448e12	43	27	4	1.974e13	6.464e12	6.464e12	1.975e11	0
648000000	0.0000e0	6.4744e3	5.2761e4	8.4976e4	280.94	0.288	0.205	1.8570e12	46	34	4	1.888e13	5.307e12	5.307e12	1.979e11	0
649000000	0.0000e0	6.9891e3	5.1244e4	8.5720e4	281.34	0.289	0.205	1.9128e12	47	32	4	1.947e13	5.696e12	5.696e12	1.965e11	0
650000000	0.0000e0	6.7228e3	3.9062e4	8.5335e4	281.11	0.290	0.202	1.8022e12	48	33	4	1.849e13	4.968e12	4.968e12	1.519e11	0
651000000	0.0000e0	6.1964e3	2.8485e4	8.4571e4	280.19	0.291	0.202	1.7345e12	43	33	4	1.621e13	4.629e12	4.629e12	1.142e11	0
652000000	0.0000e0	6.7536e3	3.9406e4	8.5380e4	281.11	0.291	0.204	1.7732e12	41	33	4	1.763e13	5.438e12	5.438e12	1.539e11	0
653000000	0.0000e0	6.0297e3	4.0885e4	8.4329e4	280.50	0.291	0.203	1.8501e12	44	34	4	1.678e13	5.608e12	5.608e12	1.632e11	0
654000000	0.0000e0	6.2840e3	3.9732e4	8.4699e4	280.53	0.290	0.201	1.8517e12	42	33	4	1.770e13	5.888e12	5.888e12	1.572e11	0
655000000	0.0000e0	6.7570e3	3.4269e4	8.5384e4	280.69	0.291	0.201	1.7953e12	43	33	4	1.636e13	5.631e12	5.631e12	1.375e11	0
656000000	0.0000e0	7.4219e3	2.7573e4	8.6342e4	281.28	0.290	0.201	1.7554e12	43	34	4	1.501e13	4.312e12	4.312e12	9.963e10	0
657000000	0.0000e0	8.1606e3	2.6178e4	8.7400e4	281.62	0.288	0.201	1.7092e12	43	35	4	1.524e13	5.156e12	5.156e12	1.116e11	0
658000000	0.0000e0	8.1219e3	3.6704e4	8.7345e4	282.10	0.285	0.201	1.7037e12	41	34	4	1.610e13	5.990e12	5.990e12	1.464e11	0
659000000	0.0000e0	7.3559e3	3.2267e4	8.6248e4	281.38	0.288	0.202	1.7121e12	44	33	4	1.577e13	5.902e12	5.902e12	1.300e11	0
660000000	0.0000e0	6.9019e3	3.4962e4	8.5594e4	281.12	0.287	0.203	1.7212e12	46	34	4	1.546e13	6.666e12	6.666e12	1.390e11	0
661000000	0.0000e0	6.7985e3	3.0123e4	8.5444e4	280.94	0.288	0.201	1.7164e12	49	35	4	1.544e13	6.566e12	6.566e12	1.224e11	0
662000000	0.0000e0	6.7374e3	3.1289e4	8.5356e4	281.00	0.289	0.196	1.6976e12	44	35	4	1.588e13	6.541e12	6.541e12	1.235e11	0
663000000	0.0000e0	6.3569e3	3.7670e4	8.4805e4	280.63	0.288	0.196	1.6930e12	43	35	4	1.616e13	6.811e12	6.811e12	1.440e11	0
664000000	0.0000e0	7.2387e3	3.7565e4	8.6079e4	281.39	0.288	0.194	1.6884e12	47	35	4	1.633e13	6.099e12	6.099e12	1.412e11	0
665000000	0.0000e0	7.4429e3	4.6548e4	8.6373e4	281.74	0.287	0.194	1.6979e12	35	31	4	1.627e13	5.475e12	5.475e12	1.654e11	0
666000000	0.0000e0	7.0806e3	3.3575e4	8.5852e4	281.72	0.287	0.194	1.7314e12	40	33	4	2.180e13	2.983e12	2.983e12	1.046e11	0
667000000	0.0000e0	6.9829e3	6.3552e4	8.5712e4	281.81	0.287	0.192	2.1829e12	43	34	4	2.839e13	6.220e12	6.220e12	2.367e11	0
668000000	0.0000e0	6.8006e3	4.3033e4	8.5448e4	281.55	0.286	0.194	2.4360e12	46	36	4	2.295e13	5.729e12	5.729e12	1.635e11	0
669000000	0.0000e0	7.1882e3	4.8401e4	8.6007e4	281.61	0.288	0.192	2.5008e12	49	35	4	2.100e13	9.052e12	9.052e12	2.112e11	0
670000000	0.0000e0	7.3272e3	3.6197e4	8.6207e4	281.55	0.286	0.193	2.4859e12	52	36	4	2.147e13	9.791e12	9.791e12	1.708e11	0
671000000	0.0000e0	6.9684e3	3.6062e4	8.5690e4	281.37	0.286	0.191	2.1287e12	50	35	4	2.032e13	1.021e13	1.021e13	1.724e11	0
672000000	0.0000e0	6.9014e3	4.1514e4	8.5593e4	281.42	0.286	0.192	2.1320e12	50	36	4	2.082e13	9.336e12	9.336e12	1.855e11	0
673000000	0.0000e0	7.3751e3	3.8267e4	8.6276e4	281.54	0.287	0.192	2.0506e12	45	31	4	1.971e13	9.469e12	9.469e12	1.731e11	0
674000000	0.0000e0	7.8277e3	2.8638e4	8.6924e4	282.18	0.283	0.191	1.9938e12	46	30	4	1.870e13	7.710e12	7.710e12	1.284e11	0
675000000	0.0000e0	6.8122e3	4.5063e4	8.5465e4	281.54	0.284	0.189	2.1172e12	44	30	4	2.260e13	9.560e12	9.560e12	2.048e11	0
676000000	0.0000e0	7.0964e3	4.8461e4	8.5875e4	281.68	0.284	0.190	2.2709e12	45	31	4	2.219e13	1.010e13	1.010e13	2.170e11	0
677000000	0.0000e0	7.8382e3	3.5450e4	8.6939e4	281.92	0.285	0.190	2.1368e12	46	32	4	2.031e13	8.717e12	8.717e12	1.579e11	0
678000000	0.0000e0	7.5663e3	3.8006e4	8.6550e4	282.03	0.286	0.188	2.1533e12	46	33	4	2.173e13	7.339e12	7.339e12	1.558e11	0
679000000	0.0000e0	7.3522e3	4.2757e4	8.6243e4	281.88	0.285	0.187	2.1707e12	46	34	4	2.123e13	8.218e12	8.218e12	1.807e11	0
680000000	0.0000e0	7.4946e3	3.9516e4	8.6447e4	281.91	0.285	0.187	2.1658e12	49	29	4	2.127e13	8.239e12	8.239e12	1.697e11	0
681000000	0.0000e0	7.3756e3	4.3557e4	8.6277e4	281.77	0.286	0.187	2.1478e12	47	32	4	2.188e13	8.938e12	8.938e12	1.858e11	0
682000000	0.0000e0	7.7312e3	3.8851e4	8.6786e4	282.06	0.285	0.190	2.0819e12	48	31	4	2.059e13	7.974e12	7.974e12	1.620e11	0
683000000	0.0000e0	7.7262e3	4.1216e4	8.6779e4	282.30	0.284	0.188	2.0792e12	50	32	4	2.033e13	8.636e12	8.636e12	1.758e11	0
684000000	0.0000e0	6.9534e3	2.5545e4	8.5668e4	281.26	0.286	0.187	1.9663e12	52	35	4	1.886e13	7.557e12	7.557e12	1.069e11	0
685000000	0.0000e0	7.2392e3	3.4292e4	8.6080e4	281.36	0.286	0.186	1.9251e12	55	35	4	1.922e13	8.186e12	8.186e12	1.549e11	0
686000000	0.0000e0	8.2080e3	3.6200e4	8.7468e4	282.38	0.282	0.183	1.8763e12	58	37	4	2.004e13	7.008e12	7.008e12	1.450e11	0
687000000	0.0000e0	7.7813e3	4.4680e4	8.6859e4	282.43	0.280	0.184	1.8969e12	51	35	4	1.925e13	6.163e12	6.163e12	1.689e11	0
688000000	5.4340e-8	7.8958e3	4.4385e4	8.7022e4	282.48	0.281	0.181	1.7903e12	52	33	4	1.834e13	6.152e12	6.152e12	1.728e11	0
689000000	5.1885e-8	7.8496e3	4.2667e4	8.6956e4	282.33	0.282	0.180	1.6539e12	51	30	4	1.701e13	4.982e12	4.982e12	1.558e11	0
690000000	0.0000e0	7.9525e3	4.1195e4	8.7103e4	282.49	0.281	0.182	1.6270e12	54	33	4	1.696e13	4.655e12	4.655e12	1.396e11	0
691000000	1.3561e-8	7.6856e3	3.8954e4	8.6721e4	282.27	0.280	0.182	1.6207e12	50	31	4	1.701e13	4.531e12	4.531e12	1.310e11	0
692000000	1.2609e-7	7.7665e3	3.6601e4	8.6837e4	282.33	0.280	0.182	1.6291e12	48	31	4	1.543e13	6.489e12	6.489e12	1.478e11	0
693000000	0.0000e0	7.7179e3	4.5223e4	8.6768e4	282.28	0.280	0.184	1.8544e12	50	32	4	2.373e13	5.610e12	5.610e12	1.572e11	0
694000000	0.0000e0	7.9318e3	4.0917e4	8.7074e4	282.88	0.274	0.183	2.1660e12	49	30	4	2.268e13	6.705e12	6.705e12	1.556e11	0
695000000	0.0000e0	7.5455e3	3.8260e4	8.6520e4	282.38	0.276	0.183	2.2553e12	54	31	4	1.860e13	9.197e12	9.197e12	1.622e11	0
696000000	0.0000e0	7.6539e3	3.6039e4	8.6676e4	282.30	0.276	0.183	2.2514e12	51	31	4	1.893e13	9.762e12	9.762e12	1.566e11	0
697000000	4.3536e-8	7.9518e3	3.7394e4	8.7102e4	282.52	0.276	0.179	2.1326e12	50	29	4	1.873e13	1.005e13	1.005e13	1.667e11	0
698000000	0.0000e0	8.1908e3	3.1282e4	8.7443e4	282.85	0.275	0.179	2.1131e12	38	27	4	1.868e13	7.997e12	7.997e12	1.285e11	0
699000000	0.0000e0	7.6335e3	4.9022e4	8.6647e4	282.64	0.275	0.178	2.5162e12	36	27	4	3.382e13	8.240e12	8.240e12	1.993e11	0
700000000	0.0000e0	7.2375e3	4.5783e4	8.6078e4	282.77	0.275	0.178	2.8482e12	32	25	4	2.158e13	8.459e12	8.459e12	2.016e11	0
701000000	0.0000e0	7.1104e3	2.1201e4	8.5894e4	281.53	0.276	0.179	2.6762e12	36	24	4	2.224e13	1.139e13	1.139e13	1.194e11	0
702000000	0.0000e0	7.5988e3	3.0234e4	8.6596e4	282.13	0.276	0.180	2.5745e12	38	25	4	2.302e13	1.135e13	1.135e13	1.643e11	0
703000000	0.0000e0	8.0659e3	3.1066e4	8.7265e4	282.49	0.276	0.179	2.6416e12	40	25	4	2.443e13	1.060e13	1.060e13	1.711e11	0
704000000	0.0000e0	8.4674e3	3.1650e4	8.7837e4	283.21	0.269	0.177	2.6088e12	36	23	4	2.474e13	1.007e13	1.007e13	1.745e11	0
705000000	0.0000e0	8.6018e3	3.7095e4	8.8028e4	283.17	0.269	0.178	2.6889e12	33	23	4	2.565e13	1.149e13	1.149e13	2.110e11	0
706000000	0.0000e0	9.0968e3	3.2519e4	8.8729e4	283.77	0.259	0.180	2.5871e12	36	23	4	2.531e13	1.046e13	1.046e13	1.856e11	0
707000000	0.0000e0	8.4538e3	3.4143e4	8.7817e4	283.55	0.260	0.182	2.6083e12	37	25	4	2.578e13	9.873e12	9.873e12	2.001e11	0
708000000	0.0000e0	8.1830e3	2.9649e4	8.7432e4	283.29	0.260	0.180	2.5789e12	40	28	4	2.510e13	9.829e12	9.829e12	1.813e11	0
709000000	0.0000e0	7.7470e3	2.5177e4	8.6808e4	282.51	0.260	0.182	2.4279e12	44	29	4	2.490e13	9.725e12	9.725e12	1.823e11	0
710000000	0.0000e0	8.2164e3	3.4441e4	8.7479e4	283.44	0.260	0.182	2.3918e12	43	30	4	2.504e13	8.722e12	8.722e12	2.099e11	0
711000000	0.0000e0	7.8217e3	3.4209e4	8.6916e4	283.29	0.258	0.183	2.3683e12	48	32	4	2.405e13	8.033e12	8.033e12	1.956e11	0
712000000	0.0000e0	7.7501e3	2.9254e4	8.6813e4	283.17	0.258	0.182	2.3592e12	48	32	4	2.193e13	6.775e12	6.775e12	1.617e11	0
713000000	0.0000e0	7.8744e3	3.3113e4	8.6991e4	283.21	0.258	0.181	2.3204e12	52	32	4	2.410e13	8.641e12	8.641e12	1.901e11	0
714000000	0.0000e0	7.7296e3	3.7380e4	8.6784e4	283.36	0.257	0.180	2.3517e12	51	33	4	2.357e13	8.810e12	8.810e12	2.033e11	0
715000000	0.0000e0	7.4914e3	2.8395e4	8.6442e4	283.15	0.258	0.179	2.1810e12	53	33	4	2.072e13	7.056e12	7.056e12	1.457e11	0
716000000	0.0000e0	7.2162e3	3.0930e4	8.6047e4	282.83	0.257	0.177	2.1126e12	57	33	4	2.090e13	8.450e12	8.450e12	1.599e11	0
717000000	0.0000e0	7.0591e3	2.9211e4	8.5820e4	282.68	0.256	0.178	2.0854e12	58	33	4	2.023e13	8.399e12	8.399e12	1.545e11	0
718000000	0.0000e0	7.6830e3	2.8772e4	8.6717e4	282.94	0.258	0.179	2.0965e12	65	33	4	1.923e13	8.204e12	8.204e12	1.509e11	0
719000000	0.0000e0	7.9390e3	2.3839e4	8.7083e4	283.37	0.257	0.174	1.9909e12	67	33	4	1.803e13	6.363e12	6.363e12	1.173e11	0
720000000	0.0000e0	7.7081e3	2.1536e4	8.6752e4	282.78	0.257	0.173	1.9015e12	64	33	4	1.673e13	7.248e12	7.248e12	1.108e11	0
721000000	0.0000e0	8.3405e3	2.0514e4	8.7656e4	283.17	0.257	0.173	1.8492e12	62	32	4	1.591e13	7.289e12	7.289e12	1.068e11	0
722000000	0.0000e0	8.1234e3	2.0579e4	8.7346e4	283.17	0.257	0.173	1.7870e12	59	30	4	1.587e13	7.099e12	7.099e12	1.025e11	0
723000000	0.0000e0	7.9072e3	2.2168e4	8.7037e4	282.90	0.259	0.173	1.7527e12	57	30	4	1.589e13	7.339e12	7.339e12	1.100e11	0
724000000	0.0000e0	7.9249e3	2.6231e4	8.7063e4	283.28	0.257	0.169	1.7642e12	57	30	4	1.735e13	6.954e12	6.954e12	1.195e11	0
725000000	1.3146e-7	7.6367e3	3.0691e4	8.6651e4	283.19	0.257	0.168	1.8102e12	58	30	4	1.617e13	7.417e12	7.417e12	1.486e11	0
726000000	0.0000e0	7.4399e3	3.9353e4	8.6369e4	283.13	0.259	0.168	1.9925e12	61	29	4	2.352e13	5.688e12	5.688e12	1.627e11	0
727000000	0.0000e0	7.1870e3	4.4955e4	8.6005e4	283.22	0.259	0.168	2.3800e12	57	29	4	2.026e13	7.005e12	7.005e12	2.010e11	0
728000000	0.0000e0	7.3139e3	2.1242e4	8.6187e4	282.70	0.259	0.169	2.3452e12	58	30	4	1.885e13	5.918e12	5.918e12	1.071e11	0
729000000	0.0000e0	7.5109e3	2.7700e4	8.6470e4	283.26	0.257	0.166	2.3314e12	53	30	4	1.792e13	7.199e12	7.199e12	1.439e11	0
730000000	0.0000e0	7.2106e3	2.8361e4	8.6038e4	282.72	0.258	0.164	2.2206e12	58	32	4	1.798e13	7.782e12	7.782e12	1.558e11	0
731000000	0.0000e0	7.6934e3	2.6171e4	8.6732e4	283.32	0.255	0.167	2.0012e12	51	31	4	1.644e13	5.778e12	5.778e12	1.323e11	0
732000000	0.0000e0	7.7457e3	4.3291e4	8.6807e4	284.17	0.239	0.165	2.2640e12	43	28	4	3.374e13	3.521e12	3.521e12	1.582e11	0
733000000	0.0000e0	6.9198e3	6.7860e4	8.5621e4	284.81	0.225	0.163	2.7600e12	37	26	4	3.119e13	5.957e12	5.957e12	2.982e11	0
734000000	0.0000e0	6.6918e3	3.4033e4	8.5290e4	284.28	0.226	0.163	3.0895e12	36	26	4	2.698e13	5.174e12	5.174e12	1.740e11	0
735000000	0.0000e0	6.2805e3	3.8136e4	8.4694e4	283.73	0.226	0.164	2.9559e12	40	25	4	2.834e13	8.124e12	8.124e12	2.163e11	0
736000000	7.4896e-8	6.3112e3	4.2605e4	8.4739e4	283.92	0.225	0.163	2.8937e12	39	26	4	2.937e13	8.799e12	8.799e12	2.656e11	0
737000000	6.2423e-8	6.2057e3	3.7304e4	8.4585e4	283.81	0.226	0.163	2.9357e12	38	26	4	3.043e13	8.826e12	8.826e12	2.466e11	0
738000000	1.4186e-6	5.8483e3	3.1849e4	8.4064e4	283.34	0.226	0.159	2.8149e12	40	27	4	3.294e13	9.971e12	9.971e12	2.575e11	0
739000000	0.0000e0	5.7576e3	7.1384e4	8.3934e4	283.94	0.226	0.161	3.4242e12	36	26	4	5.341e13	9.949e12	9.949e12	3.572e11	0
740000000	0.0000e0	5.6535e3	8.3921e4	8.3782e4	284.08	0.226	0.160	3.9376e12	39	27	4	5.087e13	9.614e12	9.614e12	4.836e11	0
741000000	0.0000e0	5.5555e3	7.2566e4	8.3638e4	283.68	0.226	0.163	4.5479e12	37	29	4	5.368e13	4.840e12	4.840e12	4.505e11	0
742000000	0.0000e0	6.1876e3	6.0792e4	8.4560e4	284.18	0.227	0.159	4.6616e12	29	23	4	5.450e13	5.536e12	5.536e12	4.778e11	0
743000000	0.0000e0	5.7424e3	4.9756e4	8.3911e4	283.77	0.226	0.158	4.6518e12	33	26	4	5.533e13	5.848e12	5.848e12	3.936e11	0
744000000	0.0000e0	6.0200e3	5.1551e4	8.4316e4	283.97	0.226	0.161	4.6512e12	37	29	4	5.743e13	8.088e12	8.088e12	4.499e11	0
745000000	0.0000e0	5.9580e3	4.8390e4	8.4225e4	283.79	0.226	0.162	4.6792e12	43	31	4	5.870e13	8.883e12	8.883e12	4.202e11	0
746000000	0.0000e0	6.0257e3	5.7272e4	8.4324e4	284.06	0.226	0.163	4.6924e12	43	31	4	5.886e13	1.048e13	1.048e13	4.873e11	0
747000000	0.0000e0	5.8169e3	5.0263e4	8.4019e4	283.60	0.226	0.163	4.7278e12	48	32	4	5.750e13	1.125e13	1.125e13	4.464e11	0
748000000	0.0000e0	6.2506e3	3.8537e4	8.4651e4	283.87	0.226	0.161	4.4984e12	49	34	4	5.477e13	1.121e13	1.121e13	3.675e11	0
749000000	0.0000e0	6.2352e3	3.4670e4	8.4628e4	283.53	0.225	0.165	4.3216e12	55	32	4	5.371e13	1.114e13	1.114e13	3.108e11	0
750000000	0.0000e0	6.7078e3	3.0575e4	8.5313e4	284.20	0.225	0.166	4.1627e12	56	33	4	5.062e13	9.633e12	9.633e12	2.743e11	0
751000000	0.0000e0	5.9150e3	2.6356e4	8.4161e4	283.76	0.224	0.166	3.8934e12	60	34	4	4.753e13	8.370e12	8.370e12	2.377e11	0
752000000	8.8237e-6	4.8089e3	2.8726e4	8.2539e4	282.68	0.224	0.171	4.0565e12	55	22	4	6.322e13	1.365e13	1.365e13	4.398e11	0
753000000	0.0000e0	4.2449e3	1.1828e5	8.1708e4	283.58	0.224	0.170	5.2836e12	37	23	4	8.683e13	1.431e13	1.431e13	6.651e11	0
754000000	1.4479e-6	3.2602e3	6.9057e4	8.0234e4	282.12	0.223	0.173	6.6387e12	39	24	4	7.483e13	1.444e13	1.444e13	7.217e11	0
755000000	2.2294e-6	3.0297e3	4.3957e4	7.9886e4	281.09	0.223	0.172	6.4242e12	38	23	4	6.992e13	1.486e13	1.486e13	5.395e11	0
756000000	7.1628e-6	3.5285e3	3.2359e4	8.0636e4	281.52	0.223	0.169	6.2012e12	42	24	4	6.917e13	1.531e13	1.531e13	5.443e11	0
757000000	4.0066e-5	3.8578e3	2.6534e4	8.1131e4	281.66	0.223	0.165	6.2127e12	45	23	4	8.009e13	2.047e13	2.046e13	7.333e11	0
758000000	0.0000e0	4.2339e3	8.9378e4	8.1690e4	283.19	0.221	0.162	7.0455e12	50	27	4	9.012e13	8.560e12	8.560e12	7.107e11	0
759000000	0.0000e0	4.7680e3	8.1692e4	8.2481e4	283.56	0.221	0.164	7.3747e12	45	27	4	7.767e13	1.572e13	1.572e13	7.611e11	0
760000000	0.0000e0	4.7495e3	7.2906e4	8.2453e4	283.59	0.221	0.165	7.2027e12	53	31	4	8.331e13	1.658e13	1.658e13	7.066e11	0
761000000	0.0000e0	4.6870e3	4.9305e4	8.2360e4	283.12	0.222	0.162	6.8634e12	54	29	4	7.959e13	1.616e13	1.616e13	5.581e11	0
762000000	0.0000e0	4.3820e3	4.7693e4	8.1908e4	282.92	0.220	0.164	6.7475e12	55	29	4	7.888e13	1.640e13	1.640e13	4.853e11	0
763000000	6.9837e-7	4.4623e3	4.4570e4	8.2027e4	283.01	0.219	0.162	6.3851e12	53	29	4	7.655e13	1.622e13	1.622e13	5.259e11	0
764000000	3.2640e-6	4.7295e3	3.8415e4	8.2422e4	283.17	0.218	0.160	6.0156e12	51	30	4	7.384e13	1.603e13	1.603e13	5.339e11	0
765000000	6.5298e-6	5.1286e3	3.0985e4	8.3010e4	283.28	0.217	0.159	5.7208e12	50	31	4	6.596e13	1.555e13	1.555e13	5.014e11	0
766000000	0.0000e0	5.6380e3	7.8849e4	8.3759e4	284.83	0.211	0.162	5.5725e12	47	27	4	7.195e13	1.490e13	1.490e13	5.344e11	0
767000000	7.9170e-7	5.2570e3	5.9139e4	8.3200e4	284.44	0.211	0.161	5.8888e12	50	30	4	8.064e13	1.399e13	1.399e13	6.265e11	0
768000000	1.8059e-6	5.0773e3	5.4037e4	8.2936e4	284.11	0.211	0.158	6.1567e12	53	27	4	7.547e13	1.618e13	1.618e13	6.351e11	0
769000000	1.4902e-6	5.1944e3	4.9818e4	8.3108e4	284.20	0.211	0.157	5.9395e12	43	26	4	7.395e13	1.457e13	1.457e13	5.785e11	0
770000000	1.9223e-6	4.9870e3	4.0539e4	8.2802e4	283.99	0.212	0.154	5.5226e12	46	28	4	6.903e13	1.435e13	1.435e13	4.901e11	0
771000000	5.5097e-6	4.4837e3	3.3057e4	8.2058e4	283.17	0.213	0.151	5.4396e12	39	26	4	6.992e13	1.363e13	1.362e13	4.734e11	0
772000000	9.3196e-6	4.8352e3	2.6186e4	8.2578e4	283.26	0.212	0.150	5.0138e12	44	26	4	6.244e13	1.359e13	1.359e13	4.541e11	0
773000000	1.4491e-5	5.3263e3	2.1914e4	8.3301e4	283.52	0.213	0.150	4.4461e12	44	26	4	5.907e13	1.253e13	1.253e13	4.211e11	0
774000000	0.0000e0	5.5972e3	4.5326e4	8.3698e4	284.93	0.189	0.147	4.6167e12	36	24	4	7.159e13	5.828e12	5.828e12	4.813e11	0
775000000	0.0000e0	5.5197e3	6.5865e4	8.3586e4	285.74	0.188	0.147	4.8824e12	36	25	4	6.028e13	7.830e12	7.830e12	5.037e11	0
776000000	2.7803e-8	5.4339e3	7.2611e4	8.3460e4	285.52	0.189	0.144	4.9165e12	44	27	4	6.219e13	9.240e12	9.241e12	5.258e11	0
777000000	0.0000e0	5.3061e3	6.1828e4	8.3272e4	285.19	0.188	0.142	4.9916e12	52	28	4	6.166e13	8.842e12	8.842e12	5.011e11	0
778000000	0.0000e0	5.7289e3	5.6199e4	8.3891e4	286.06	0.182	0.141	4.8213e12	49	27	4	6.020e13	9.167e12	9.167e12	4.299e11	0
779000000	0.0000e0	5.4900e3	6.2398e4	8.3542e4	285.93	0.180	0.139	4.5927e12	55	31	4	6.034e13	1.001e13	1.001e13	4.816e11	0
780000000	2.8533e-7	5.3372e3	5.6674e4	8.3318e4	285.65	0.179	0.139	4.4819e12	50	28	4	5.906e13	1.019e13	1.019e13	4.822e11	0
781000000	1.7262e-7	5.6297e3	5.4094e4	8.3746e4	286.15	0.176	0.140	4.3745e12	48	28	4	5.468e13	9.684e12	9.684e12	4.632e11	0
782000000	1.7109e-7	5.4330e3	4.6193e4	8.3458e4	285.77	0.176	0.140	4.1410e12	55	27	4	5.251e13	8.923e12	8.923e12	4.022e11	0
783000000	4.5988e-7	5.5068e3	3.9128e4	8.3565e4	285.76	0.177	0.140	3.8992e12	59	29	4	5.055e13	8.486e12	8.485e12	3.669e11	0
784000000	1.6337e-6	5.3013e3	3.1276e4	8.3264e4	285.29	0.177	0.139	3.6956e12	53	29	4	4.768e13	7.957e12	7.957e12	3.572e11	0
785000000	6.4888e-6	5.4204e3	2.4974e4	8.3439e4	285.40	0.176	0.138	3.5128e12	51	31	4	4.437e13	9.098e12	9.097e12	3.740e11	0
786000000	1.1824e-5	5.1979e3	1.8313e4	8.3112e4	284.88	0.175	0.138	3.4164e12	51	29	4	4.305e13	8.329e12	8.327e12	3.445e11	0
787000000	2.1304e-5	5.5173e3	1.5161e4	8.3582e4	284.97	0.175	0.138	3.3234e12	52	28	4	3.889e13	8.960e12	8.959e12	3.506e11	0
788000000	1.1443e-5	5.6785e3	1.3700e4	8.3816e4	285.07	0.175	0.135	2.8362e12	56	29	4	3.583e13	1.021e13	1.021e13	2.805e11	0
789000000	2.6388e-5	5.6518e3	1.2014e4	8.3779e4	284.86	0.175	0.135	2.7004e12	52	29	4	3.538e13	6.412e12	6.404e12	3.075e11	0
790000000	0.0000e0	5.5400e3	8.6741e2	8.3612e4	287.35	0.149	0.135	2.8653e12	51	27	4	4.026e13	1.547e11	1.547e11	3.651e10	0
791000000	4.2232e-8	5.1390e3	7.1570e4	8.3027e4	286.58	0.149	0.135	3.2687e12	51	27	4	4.114e13	5.788e12	5.788e12	3.651e11	0
792000000	5.3827e-8	4.8551e3	4.6514e4	8.2608e4	286.50	0.148	0.137	3.2847e12	49	28	4	4.157e13	4.952e12	4.952e12	3.227e11	0
793000000	1.4241e-7	4.5956e3	3.9264e4	8.2224e4	286.15	0.147	0.136	3.1331e12	47	27	4	3.711e13	6.256e12	6.256e12	2.947e11	0
794000000	8.2703e-7	4.3489e3	3.0343e4	8.1858e4	285.84	0.147	0.137	3.0587e12	53	28	4	3.809e13	6.094e12	6.094e12	2.791e11	0
795000000	2.9936e-6	3.9035e3	2.4373e4	8.1195e4	285.06	0.146	0.136	3.0078e12	56	28	4	3.837e13	6.596e12	6.595e12	3.016e11	0
796000000	8.0488e-6	4.2598e3	2.2716e4	8.1726e4	285.21	0.145	0.138	3.0187e12	59	30	4	3.788e13	7.958e12	7.956e12	3.541e11	0
797000000	0.0000e0	4.7214e3	2.8591e4	8.2409e4	287.00	0.145	0.137	3.0229e12	49	26	4	4.517e13	1.673e12	1.673e12	1.510e11	0
798000000	0.0000e0	4.0870e3	5.1170e4	8.1470e4	286.17	0.145	0.137	3.2222e12	45	26	4	4.055e13	4.720e12	4.720e12	3.204e11	0
799000000	1.9214e-7	4.3892e3	4.4428e4	8.1918e4	286.11	0.145	0.139	3.2203e12	49	27	4	3.953e13	6.140e12	6.140e12	3.285e11	0
800000000	8.7037e-7	4.7409e3	3.4747e4	8.2439e4	286.27	0.145	0.138	3.2678e12	51	32	4	3.725e13	7.137e12	7.137e12	3.202e11	0
801000000	1.1919e-6	4.9949e3	2.9319e4	8.2813e4	286.24	0.145	0.137	3.2142e12	55	34	4	3.806e13	7.998e12	7.998e12	3.001e11	0
802000000	3.0136e-6	5.2518e3	4.3405e4	8.3192e4	286.62	0.146	0.137	3.3257e12	46	29	4	4.798e13	1.031e13	1.032e13	3.724e11	0
803000000	0.0000e0	4.3052e3	1.0354e5	8.1797e4	287.00	0.146	0.135	4.0618e12	44	25	4	7.018e13	7.283e12	7.283e12	5.145e11	0
804000000	2.2213e-7	3.6099e3	7.4436e4	8.0759e4	286.05	0.144	0.135	4.4413e12	40	27	4	6.232e13	8.174e12	8.174e12	5.196e11	0
805000000	3.4091e-6	3.6599e3	4.4447e4	8.0832e4	285.47	0.144	0.136	4.6774e12	40	26	4	5.933e13	9.429e12	9.429e12	5.099e11	0
806000000	9.6926e-8	3.7912e3	6.5889e4	8.1030e4	286.15	0.143	0.134	4.4421e12	36	24	4	5.557e13	7.500e12	7.500e12	4.897e11	0
807000000	0.0000e0	3.5736e3	7.1071e4	8.0704e4	285.77	0.143	0.131	4.1401e12	44	27	4	5.551e13	7.226e12	7.226e12	5.145e11	0
808000000	0.0000e0	3.8437e3	7.9104e4	8.1109e4	286.10	0.143	0.133	4.2385e12	49	27	4	5.850e13	6.242e12	6.242e12	5.261e11	0
809000000	0.0000e0	3.7620e3	6.4616e4	8.0986e4	286.52	0.143	0.133	4.2092e12	44	30	4	5.655e13	4.591e12	4.591e12	4.319e11	0
810000000	0.0000e0	2.9588e3	5.3536e4	7.9779e4	284.72	0.144	0.132	4.0639e12	41	28	4	5.436e13	5.523e12	5.523e12	4.036e11	0
811000000	0.0000e0	3.2327e3	4.7728e4	8.0192e4	285.30	0.144	0.129	3.9283e12	42	29	4	5.271e13	5.043e12	5.043e12	3.413e11	0
812000000	0.0000e0	3.3509e3	5.8291e4	8.0370e4	285.56	0.144	0.126	3.7680e12	53	28	4	5.126e13	6.959e12	6.959e12	4.244e11	0
813000000	1.7199e-7	3.3389e3	4.5954e4	8.0351e4	285.21	0.144	0.125	3.5873e12	54	27	4	4.858e13	6.719e12	6.719e12	3.904e11	0
814000000	2.7475e-7	3.4152e3	4.5577e4	8.0466e4	285.32	0.144	0.127	3.4944e12	49	29	4	4.723e13	6.624e12	6.624e12	3.833e11	0
815000000	9.9463e-7	3.5733e3	3.8694e4	8.0702e4	285.39	0.144	0.128	3.3917e12	46	28	4	4.542e13	7.139e12	7.139e12	3.837e11	0
816000000	2.3266e-6	3.6955e3	3.4008e4	8.0885e4	285.34	0.144	0.127	3.3469e12	46	30	4	4.392e13	7.728e12	7.728e12	3.953e11	0
817000000	1.7671e-6	3.9026e3	2.9427e4	8.1194e4	285.62	0.144	0.129	3.0808e12	50	31	4	4.249e13	6.774e12	6.774e12	3.425e11	0
818000000	3.1877e-6	3.6907e3	2.3257e4	8.0878e4	285.20	0.144	0.129	2.9183e12	51	31	4	4.000e13	6.857e12	6.857e12	3.073e11	0
819000000	7.8204e-6	3.6486e3	1.8386e4	8.0815e4	284.77	0.144	0.128	2.6723e12	50	33	4	3.867e13	7.047e12	7.046e12	3.092e11	0
820000000	9.0659e-6	4.1375e3	1.5919e4	8.1544e4	285.15	0.144	0.124	2.6392e12	54	31	4	3.632e13	6.528e12	6.528e12	2.843e11	0
821000000	0.0000e0	4.4449e3	7.5626e4	8.2003e4	286.41	0.143	0.125	2.6309e12	42	28	4	4.082e13	5.334e12	5.335e12	2.927e11	0
822000000	7.7666e-7	4.1952e3	5.0585e4	8.1631e4	286.56	0.140	0.123	2.6631e12	51	28	4	4.304e13	6.296e12	6.296e12	3.697e11	0
823000000	2.3019e-6	3.9374e3	3.4294e4	8.1246e4	285.93	0.140	0.122	2.7615e12	54	29	4	3.922e13	6.868e12	6.867e12	3.399e11	0
824000000	6.9936e-6	4.0055e3	3.0087e4	8.1348e4	285.75	0.140	0.120	2.9145e12	56	30	4	4.532e13	8.398e12	8.398e12	3.914e11	0
825000000	0.0000e0	3.8707e3	1.1507e5	8.1150e4	286.95	0.138	0.121	3.7766e12	49	27	4	7.396e13	8.995e12	8.995e12	5.111e11	0
826000000	1.3995e-6	3.4590e3	6.7400e4	8.0533e4	286.26	0.138	0.117	4.7990e12	42	24	4	6.968e13	9.705e12	9.705e12	5.291e11	0
827000000	0.0000e0	3.0367e3	1.2522e5	7.9900e4	286.01	0.139	0.118	5.1197e12	40	25	4	6.987e13	8.807e12	8.807e12	6.939e11	0
828000000	0.0000e0	2.8630e3	9.7740e4	7.9637e4	285.52	0.138	0.119	5.3636e12	41	27	4	7.057e13	6.640e12	6.640e12	6.200e11	0
829000000	0.0000e0	3.4971e3	7.1794e4	8.0590e4	286.26	0.137	0.118	5.1070e12	43	28	4	6.997e13	5.917e12	5.917e12	5.476e11	0
830000000	0.0000e0	3.6443e3	9.4172e4	8.0811e4	286.61	0.136	0.116	4.8114e12	38	27	4	7.381e13	5.766e12	5.766e12	6.360e11	0
831000000	0.0000e0	3.7583e3	8.7144e4	8.0981e4	286.18	0.137	0.118	4.6688e12	39	24	4	6.911e13	6.998e12	6.998e12	5.904e11	0
832000000	0.0000e0	3.3667e3	6.2967e4	8.0394e4	286.30	0.136	0.119	4.4840e12	43	27	4	6.832e13	4.777e12	4.777e12	4.763e11	0
833000000	0.0000e0	2.8635e3	6.3687e4	7.9636e4	285.51	0.136	0.119	4.4472e12	43	28	4	6.560e13	8.074e12	8.074e12	5.415e11	0
834000000	1.1439e-7	2.5378e3	5.0066e4	7.9142e4	284.74	0.137	0.120	4.2323e12	43	28	4	6.165e13	7.107e12	7.107e12	4.478e11	0
835000000	4.1987e-6	2.7164e3	3.0003e4	7.9412e4	284.34	0.138	0.120	3.7442e12	42	31	4	5.497e13	8.240e12	8.239e12	4.449e11	0
836000000	9.5285e-6	3.3146e3	1.8639e4	8.0314e4	284.91	0.138	0.121	3.4259e12	43	25	4	5.222e13	7.196e12	7.195e12	3.855e11	0
837000000	2.3922e-5	3.4300e3	1.1807e4	8.0489e4	284.55	0.139	0.118	3.2107e12	46	31	4	4.809e13	7.547e12	7.543e12	3.424e11	0
838000000	1.0313e-4	3.5831e3	8.4724e3	8.0725e4	284.43	0.139	0.119	3.1254e12	51	28	4	5.275e13	8.210e12	8.203e12	4.323e11	0
839000000	0.0000e0	3.5379e3	6.2980e4	8.0650e4	285.26	0.139	0.120	3.2594e12	61	31	4	5.188e13	2.559e12	2.559e12	4.139e11	0
840000000	6.9764e-7	3.3871e3	4.9789e4	8.0424e4	285.96	0.138	0.119	3.6309e12	61	32	4	5.790e13	5.265e12	5.265e12	4.300e11	0
841000000	5.7146e-6	3.4737e3	2.8099e4	8.0553e4	285.38	0.139	0.118	3.9855e12	57	27	4	5.391e13	7.833e12	7.831e12	4.280e11	0
842000000	1.2541e-5	3.6675e3	1.8178e4	8.0844e4	285.27	0.140	0.118	3.6692e12	57	29	4	4.911e13	8.884e12	8.882e12	3.706e11	0
843000000	2.2660e-5	3.6239e3	2.5396e4	8.0779e4	284.73	0.141	0.116	3.7235e12	44	27	4	6.299e13	1.103e13	1.106e13	5.098e11	0
844000000	0.0000e0	3.5422e3	4.9212e4	8.0656e4	286.87	0.138	0.116	4.1373e12	43	25	4	6.568e13	3.752e12	3.752e12	2.572e11	0
845000000	2.5577e-7	2.7170e3	8.2173e4	7.9415e4	285.46	0.139	0.119	4.4539e12	40	25	4	6.154e13	8.395e12	8.395e12	5.733e11	0
846000000	0.0000e0	2.8131e3	6.4936e4	7.9560e4	285.18	0.140	0.118	4.0665e12	43	27	4	6.022e13	6.831e12	6.831e12	4.687e11	0
847000000	0.0000e0	3.3300e3	6.9796e4	8.0339e4	286.01	0.139	0.118	4.0252e12	40	26	4	6.063e13	6.946e12	6.946e12	5.092e11	0
848000000	0.0000e0	3.3047e3	4.8954e4	8.0300e4	286.09	0.139	0.118	3.9444e12	42	26	4	5.726e13	6.196e12	6.196e12	3.668e11	0
849000000	0.0000e0	2.8257e3	3.9211e4	7.9578e4	285.43	0.138	0.115	3.8192e12	44	28	4	5.651e13	5.180e12	5.180e12	3.001e11	0
850000000	0.0000e0	2.5909e3	5.2517e4	7.9223e4	284.83	0.139	0.113	3.6569e12	49	29	4	5.202e13	5.414e12	5.414e12	3.907e11	0
851000000	0.0000e0	3.1126e3	3.5282e4	8.0010e4	285.20	0.140	0.114	3.5068e12	47	29	4	5.005e13	4.335e12	4.336e12	2.899e11	0
852000000	1.5681e-7	3.6912e3	4.5380e4	8.0879e4	286.08	0.140	0.115	3.2395e12	45	27	4	4.718e13	6.859e12	6.859e12	3.479e11	0
853000000	5.5524e-7	3.6678e3	3.1758e4	8.0843e4	285.79	0.140	0.116	2.9717e12	56	34	4	4.438e13	6.266e12	6.266e12	3.060e11	0
854000000	9.1910e-7	3.6805e3	2.6651e4	8.0862e4	285.55	0.141	0.119	2.7813e12	50	28	4	4.100e13	6.470e12	6.470e12	2.748e11	0
855000000	1.6424e-6	3.8643e3	2.0134e4	8.1137e4	285.58	0.141	0.120	2.6381e12	52	31	4	3.873e13	5.680e12	5.680e12	2.402e11	0
856000000	9.2555e-6	3.7301e3	1.2694e4	8.0937e4	285.16	0.142	0.119	2.5370e12	52	28	4	3.662e13	5.909e12	5.906e12	2.380e11	0
857000000	6.0978e-5	3.4146e3	7.2800e3	8.0468e4	284.21	0.142	0.120	2.3927e12	38	23	4	3.999e13	6.787e12	6.776e12	2.800e11	0
858000000	1.7926e-6	3.4314e3	5.0813e4	8.0490e4	284.74	0.143	0.119	2.5402e12	38	23	4	4.660e13	7.501e12	7.516e12	3.428e11	0
859000000	0.0000e0	3.8965e3	2.8134e4	8.1185e4	286.79	0.139	0.120	2.5921e12	41	27	4	4.804e13	1.139e12	1.139e12	1.536e11	0
860000000	2.2692e-6	3.8578e3	2.8960e4	8.1127e4	286.14	0.141	0.121	2.7517e12	49	29	4	4.607e13	4.740e12	4.739e12	3.036e11	0
861000000	2.1960e-5	3.4834e3	1.2573e4	8.0568e4	284.88	0.142	0.120	2.7129e12	55	32	4	4.591e13	6.176e12	6.171e12	3.003e11	0
862000000	6.5671e-5	3.3389e3	7.0425e3	8.0355e4	284.07	0.143	0.122	2.6514e12	52	31	4	4.334e13	5.443e12	5.437e12	3.184e11	0
863000000	1.2638e-5	3.4764e3	1.7768e4	8.0557e4	284.55	0.144	0.120	2.5316e12	56	31	4	4.058e13	5.555e12	5.565e12	3.260e11	0
864000000	6.8184e-6	3.6818e3	1.8986e4	8.0864e4	285.23	0.146	0.117	2.3797e12	52	35	4	3.891e13	4.837e12	4.838e12	2.859e11	0
865000000	5.2269e-6	3.5261e3	2.1013e4	8.0631e4	285.13	0.146	0.114	2.3106e12	50	33	4	3.816e13	4.711e12	4.711e12	2.851e11	0
866000000	5.4889e-6	3.3254e3	1.7168e4	8.0330e4	284.81	0.147	0.112	2.2400e12	51	33	4	3.598e13	4.047e12	4.047e12	2.417e11	0
867000000	1.9991e-5	3.1493e3	9.1049e3	8.0066e4	283.93	0.147	0.113	2.1677e12	53	33	4	3.448e13	4.082e12	4.079e12	2.305e11	0
868000000	3.6541e-5	3.3107e3	9.9417e3	8.0310e4	283.85	0.147	0.114	2.1393e12	55	33	4	3.429e13	5.410e12	5.419e12	2.938e11	0
869000000	3.4037e-8	3.5147e3	3.3752e4	8.0614e4	285.46	0.148	0.114	2.0836e12	45	33	4	3.396e13	3.264e12	3.264e12	2.438e11	0
870000000	1.4684e-6	3.7113e3	2.3406e4	8.0908e4	285.09	0.150	0.116	2.0736e12	46	29	4	3.288e13	4.061e12	4.061e12	2.534e11	0
871000000	4.6404e-6	4.4010e3	1.8010e4	8.1935e4	285.93	0.149	0.116	2.0378e12	41	30	4	3.377e13	4.586e12	4.585e12	2.360e11	0
872000000	7.7326e-6	4.0846e3	1.2347e4	8.1465e4	285.31	0.148	0.117	1.7680e12	36	28	4	2.959e13	4.138e12	4.138e12	2.245e11	0
873000000	2.5234e-5	3.9449e3	7.2502e3	8.1258e4	284.58	0.149	0.117	1.6737e12	36	28	4	2.792e13	3.933e12	3.926e12	1.952e11	0
874000000	7.9678e-6	4.1261e3	1.4057e4	8.1527e4	285.39	0.150	0.115	1.5798e12	36	27	4	2.747e13	3.690e12	3.691e12	2.174e11	0
875000000	1.0783e-5	3.8761e3	1.0126e4	8.1155e4	284.80	0.148	0.117	1.5208e12	39	30	4	2.569e13	3.368e12	3.366e12	1.894e11	0
876000000	1.7843e-5	4.0497e3	8.2311e3	8.1414e4	284.95	0.149	0.114	1.3887e12	40	31	4	2.361e13	3.362e12	3.362e12	1.860e11	0
877000000	2.1788e-5	3.7084e3	7.1312e3	8.0905e4	284.22	0.151	0.115	1.3496e12	42	30	4	2.218e13	3.209e12	3.209e12	1.765e11	0
878000000	3.5649e-6	3.8932e3	1.5685e4	8.1180e4	285.04	0.150	0.116	1.3290e12	44	31	4	2.242e13	3.119e12	3.120e12	1.832e11	0
879000000	5.0382e-6	4.2125e3	1.4523e4	8.1655e4	285.35	0.152	0.116	1.2380e12	41	29	4	2.138e13	3.266e12	3.265e12	1.967e11	0
880000000	0.0000e0	4.3377e3	3.1524e4	8.1841e4	286.91	0.148	0.116	1.3949e12	35	22	4	2.877e13	8.112e11	8.112e11	1.055e11	0
881000000	0.0000e0	3.8977e3	6.7395e4	8.1188e4	286.68	0.149	0.116	1.7896e12	39	25	4	3.201e13	1.959e12	1.959e12	2.709e11	0
882000000	0.0000e0	2.9275e3	2.6401e4	7.9731e4	285.08	0.151	0.115	1.8612e12	35	25	4	2.603e13	1.794e12	1.794e12	1.615e11	0
883000000	1.5600e-6	2.8115e3	2.0141e4	7.9556e4	283.95	0.151	0.114	1.6383e12	39	28	4	2.604e13	3.997e12	3.997e12	2.206e11	0
884000000	6.3868e-6	3.2126e3	1.3892e4	8.0160e4	284.46	0.151	0.115	1.6440e12	42	27	4	2.631e13	4.106e12	4.105e12	2.392e11	0
885000000	2.0580e-5	3.0040e3	8.0119e3	7.9847e4	283.62	0.152	0.116	1.6176e12	33	23	4	2.617e13	4.161e12	4.157e12	2.118e11	0
886000000	5.3801e-5	3.0968e3	6.2061e3	7.9990e4	283.43	0.153	0.115	1.4971e12	36	27	4	2.380e13	4.808e12	4.801e12	2.301e11	0
887000000	2.1421e-5	3.3341e3	9.6054e3	8.0344e4	283.73	0.154	0.114	1.4779e12	35	25	4	2.372e13	4.558e12	4.562e12	2.187e11	0
888000000	4.1259e-6	3.8346e3	1.7299e4	8.1092e4	285.15	0.153	0.116	1.4875e12	32	28	4	2.330e13	4.034e12	4.034e12	2.021e11	0
889000000	5.6995e-6	3.6829e3	1.2637e4	8.0866e4	284.97	0.153	0.113	1.4191e12	39	30	4	2.271e13	3.728e12	3.727e12	1.819e11	0
890000000	3.0939e-6	3.3844e3	2.4420e4	8.0419e4	283.83	0.153	0.113	1.4839e12	34	27	4	2.730e13	4.556e12	4.574e12	1.994e11	0
891000000	0.0000e0	3.6215e3	4.5287e4	8.0775e4	286.24	0.150	0.113	1.7571e12	36	29	4	3.366e13	2.565e12	2.565e12	1.853e11	0
892000000	0.0000e0	3.2465e3	6.2406e4	8.0213e4	285.86	0.150	0.112	2.1498e12	35	31	4	3.464e13	3.920e12	3.920e12	3.063e11	0
893000000	0.0000e0	2.8128e3	5.2108e4	7.9559e4	284.96	0.151	0.112	2.3165e12	36	30	4	3.187e13	4.537e12	4.537e12	3.182e11	0
894000000	0.0000e0	2.8934e3	4.3096e4	7.9680e4	284.80	0.150	0.112	2.2915e12	40	28	4	2.963e13	4.879e12	4.879e12	2.685e11	0
895000000	3.1386e-8	3.1317e3	3.7506e4	8.0039e4	284.95	0.151	0.113	2.1559e12	45	26	4	3.081e13	5.711e12	5.711e12	2.541e11	0
896000000	6.7119e-7	3.4860e3	3.1044e4	8.0571e4	285.49	0.153	0.110	2.1188e12	46	32	4	3.153e13	5.498e12	5.498e12	2.517e11	0
897000000	1.5194e-6	3.2316e3	2.2333e4	8.0189e4	284.76	0.153	0.111	2.0497e12	48	30	4	2.716e13	5.591e12	5.591e12	2.186e11	0
898000000	3.0201e-6	3.4189e3	1.5039e4	8.0470e4	284.63	0.153	0.110	1.7904e12	48	28	4	2.554e13	5.856e12	5.856e12	1.954e11	0
899000000	8.0238e-6	3.6518e3	1.0135e4	8.0819e4	284.54	0.155	0.108	1.7221e12	51	31	4	2.414e13	5.706e12	5.705e12	1.810e11	0
900000000	5.3336e-6	3.6302e3	1.5762e4	8.0787e4	284.39	0.155	0.107	1.6259e12	46	28	4	2.409e13	5.952e12	5.961e12	1.952e11	0
901000000	0.0000e0	3.0188e3	3.9102e4	7.9869e4	285.00	0.154	0.109	1.7293e12	43	26	4	2.724e13	4.862e12	4.862e12	2.150e11	0
902000000	1.6371e-7	2.7175e3	2.9386e4	7.9414e4	284.23	0.155	0.108	1.8125e12	40	25	4	2.557e13	4.778e12	4.778e12	2.094e11	0
903000000	1.5089e-6	2.9491e3	2.0417e4	7.9763e4	284.51	0.155	0.110	1.7885e12	45	24	4	2.415e13	5.174e12	5.174e12	2.003e11	0
904000000	2.2472e-6	2.5833e3	1.5246e4	7.9210e4	283.65	0.155	0.111	1.7419e12	41	26	4	2.376e13	4.777e12	4.776e12	1.709e11	0
905000000	2.8985e-6	2.6729e3	1.2902e4	7.9346e4	283.20	0.156	0.108	1.3805e12	38	24	4	1.842e13	4.598e12	4.598e12	1.533e11	0
906000000	3.3752e-6	3.3260e3	1.5452e4	8.0331e4	284.57	0.155	0.106	1.3815e12	30	23	4	2.003e13	4.328e12	4.328e12	1.755e11	0
907000000	3.8541e-6	3.5106e3	1.3679e4	8.0608e4	284.36	0.155	0.106	1.2846e12	30	23	4	1.792e13	3.817e12	3.817e12	1.637e11	0
908000000	1.8064e-6	4.2312e3	1.8394e4	8.1683e4	285.97	0.152	0.103	1.1424e12	27	21	4	1.875e13	3.701e12	3.701e12	1.489e11	0
909000000	8.8892e-7	3.6397e3	2.8643e4	8.0801e4	285.55	0.152	0.101	1.1899e12	26	18	4	2.215e13	4.044e12	4.044e12	1.728e11	0
910000000	2.3646e-7	3.7290e3	3.6344e4	8.0935e4	285.92	0.150	0.101	1.3900e12	29	21	4	2.519e13	3.639e12	3.639e12	1.869e11	0
911000000	1.1719e-7	3.8516e3	3.8920e4	8.1118e4	286.30	0.146	0.101	1.5981e12	25	18	4	2.562e13	3.572e12	3.571e12	1.856e11	0
912000000	5.7445e-7	3.8707e3	2.8317e4	8.1146e4	286.03	0.146	0.103	1.6933e12	32	23	4	2.374e13	4.356e12	4.356e12	1.827e11	0
913000000	2.5833e-6	3.8615e3	2.1790e4	8.1133e4	285.84	0.147	0.103	1.6803e12	26	20	4	2.669e13	6.752e12	6.751e12	2.017e11	0
914000000	0.0000e0	3.6237e3	6.3282e4	8.0779e4	286.53	0.144	0.105	2.0023e12	28	24	4	4.101e13	5.234e12	5.234e12	2.343e11	0
915000000	1.8627e-6	3.7319e3	3.1789e4	8.0939e4	285.92	0.145	0.107	2.2388e12	28	23	4	3.734e13	6.397e12	6.397e12	2.583e11	0
916000000	0.0000e0	3.9934e3	6.6450e4	8.1331e4	287.35	0.132	0.103	2.4103e12	25	22	4	3.811e13	4.142e12	4.142e12	2.811e11	0
917000000	0.0000e0	3.4564e3	5.8938e4	8.0528e4	286.64	0.132	0.103	2.5750e12	25	22	4	3.645e13	6.272e12	6.272e12	2.942e11	0
918000000	0.0000e0	3.2353e3	4.3093e4	8.0195e4	286.26	0.132	0.100	2.3724e12	31	25	4	3.383e13	5.210e12	5.210e12	2.395e11	0
919000000	0.0000e0	2.9075e3	2.8321e4	7.9701e4	285.59	0.132	0.097	1.9865e12	24	23	4	2.788e13	3.486e12	3.486e12	1.350e11	0
920000000	0.0000e0	3.0508e3	3.3986e4	7.9917e4	285.58	0.133	0.096	1.8395e12	26	22	4	2.697e13	4.181e12	4.181e12	1.752e11	0
921000000	0.0000e0	3.5639e3	3.4435e4	8.0688e4	286.04	0.134	0.094	1.7966e12	27	20	4	2.478e13	4.354e12	4.354e12	1.697e11	0
922000000	0.0000e0	4.1324e3	3.7403e4	8.1537e4	287.04	0.131	0.095	1.8044e12	24	19	4	2.706e13	4.910e12	4.910e12	1.909e11	0
923000000	0.0000e0	3.9284e3	3.3655e4	8.1233e4	286.61	0.131	0.093	1.7719e12	25	20	4	2.406e13	4.887e12	4.887e12	1.712e11	0
924000000	0.0000e0	4.1401e3	3.0237e4	8.1548e4	286.74	0.130	0.092	1.7089e12	22	19	4	2.299e13	4.641e12	4.641e12	1.637e11	0
925000000	0.0000e0	3.9644e3	3.0435e4	8.1286e4	286.57	0.130	0.093	1.6936e12	23	20	4	2.175e13	4.803e12	4.803e12	1.616e11	0
926000000	0.0000e0	4.0908e3	3.1430e4	8.1475e4	287.23	0.123	0.091	1.6278e12	23	18	4	2.202e13	5.141e12	5.141e12	1.568e11	0
927000000	0.0000e0	3.5619e3	1.5636e4	8.0684e4	286.32	0.123	0.089	1.6028e12	23	18	4	1.901e13	2.850e12	2.850e12	7.876e10	0
928000000	0.0000e0	3.9440e3	2.5996e4	8.1256e4	286.38	0.124	0.087	1.5326e12	20	18	4	1.965e13	5.270e12	5.270e12	1.301e11	0
929000000	0.0000e0	3.8882e3	2.8417e4	8.1173e4	286.79	0.124	0.084	1.4651e12	24	21	4	1.829e13	5.024e12	5.024e12	1.342e11	0
930000000	0.0000e0	3.9440e3	1.3677e4	8.1255e4	286.61	0.123	0.085	1.3931e12	26	20	4	1.684e13	2.634e12	2.634e12	6.704e10	0
931000000	9.0467e-8	4.4991e3	2.4286e4	8.2080e4	287.78	0.107	0.080	1.2401e12	23	21	4	1.595e13	4.069e12	4.069e12	1.201e11	0
932000000	1.8483e-7	4.4791e3	2.2653e4	8.2051e4	287.62	0.106	0.081	1.2101e12	22	20	4	1.672e13	3.530e12	3.530e12	1.219e11	0
933000000	2.8722e-7	4.7196e3	2.2916e4	8.2406e4	288.18	0.097	0.080	1.2100e12	24	22	4	1.704e13	3.322e12	3.322e12	1.281e11	0
934000000	7.5988e-8	4.5298e3	3.5112e4	8.2126e4	288.12	0.098	0.079	1.2360e12	23	22	4	1.756e13	3.270e12	3.271e12	1.431e11	0
935000000	4.6723e-8	4.0530e3	4.3009e4	8.1419e4	288.35	0.091	0.080	1.2785e12	25	23	4	2.004e13	3.224e12	3.224e12	1.932e11	0
936000000	1.0931e-7	3.7733e3	3.2230e4	8.1001e4	287.77	0.092	0.079	1.2790e12	26	23	4	1.670e13	4.025e12	4.025e12	1.570e11	0
937000000	1.8335e-7	3.8369e3	3.1130e4	8.1096e4	287.50	0.092	0.080	1.1831e12	23	23	4	1.633e13	4.700e12	4.701e12	1.578e11	0
938000000	0.0000e0	4.4654e3	3.0847e4	8.2031e4	288.47	0.091	0.080	1.2003e12	24	24	4	1.645e13	3.639e12	3.639e12	1.305e11	0
939000000	1.7128e-7	4.0457e3	3.2246e4	8.1407e4	288.13	0.092	0.078	1.1006e12	22	21	4	1.585e13	3.263e12	3.263e12	1.494e11	0
940000000	4.9638e-7	3.7116e3	3.1922e4	8.0909e4	287.55	0.092	0.082	1.0785e12	20	21	4	1.563e13	2.901e12	2.901e12	1.634e11	0
941000000	8.0171e-8	3.9578e3	3.7396e4	8.1277e4	288.09	0.091	0.081	1.0832e12	22	20	4	1.508e13	2.456e12	2.456e12	1.585e11	0
942000000	3.5544e-7	3.8935e3	3.3206e4	8.1181e4	288.00	0.092	0.077	1.0852e12	20	19	4	1.526e13	2.839e12	2.839e12	1.647e11	0
943000000	6.1739e-7	3.7813e3	2.7628e4	8.1013e4	287.56	0.092	0.078	1.0596e12	18	18	4	1.482e13	2.848e12	2.848e12	1.566e11	0
944000000	7.1481e-7	4.0608e3	2.7173e4	8.1430e4	287.86	0.092	0.078	1.0176e12	19	18	4	1.619e13	2.875e12	2.875e12	1.498e11	0
945000000	6.8835e-7	4.2258e3	2.5424e4	8.1675e4	288.06	0.092	0.077	8.9497e11	18	18	4	1.267e13	2.610e12	2.611e12	1.420e11	0
946000000	2.5087e-7	4.0992e3	2.1796e4	8.1486e4	287.88	0.092	0.076	8.4177e11	18	19	4	1.091e13	1.876e12	1.876e12	9.991e10	0
947000000	2.2798e-6	3.7943e3	1.7695e4	8.1032e4	287.27	0.092	0.076	8.7228e11	19	19	4	1.270e13	2.676e12	2.675e12	1.222e11	0
948000000	2.2915e-6	3.7290e3	1.5812e4	8.0934e4	287.18	0.093	0.076	8.2992e11	18	19	4	1.103e13	2.662e12	2.662e12	1.238e11	0
949000000	2.1110e-6	3.5101e3	1.3509e4	8.0607e4	286.74	0.093	0.074	8.0048e11	18	18	4	1.053e13	2.358e12	2.358e12	8.915e10	0
950000000	2.0180e-6	3.6278e3	1.2249e4	8.0783e4	286.65	0.093	0.072	7.6660e11	17	18	4	1.077e13	2.389e12	2.388e12	8.463e10	0
951000000	2.3072e-6	4.2645e3	1.1627e4	8.1732e4	287.19	0.093	0.075	7.9188e11	17	18	4	1.123e13	2.537e12	2.537e12	8.849e10	0
952000000	0.0000e0	4.6050e3	2.0897e4	8.2237e4	289.17	0.076	0.073	9.0581e11	20	18	4	1.436e13	1.133e12	1.133e12	5.573e10	0
953000000	0.0000e0	4.1051e3	3.8556e4	8.1496e4	288.84	0.076	0.071	1.0211e12	22	19	4	1.670e13	2.249e12	2.249e12	1.137e11	0
954000000	0.0000e0	3.6284e3	5.9380e4	8.0786e4	288.54	0.076	0.070	1.3175e12	18	19	4	1.908e13	2.426e12	2.426e12	1.764e11	0
955000000	1.6531e-7	3.8749e3	3.0675e4	8.1153e4	288.20	0.077	0.074	1.3986e12	18	17	4	1.710e13	2.594e12	2.594e12	1.242e11	0
956000000	0.0000e0	4.1994e3	2.4142e4	8.1636e4	288.78	0.076	0.076	1.3158e12	22	21	4	1.653e13	1.800e12	1.800e12	7.606e10	0
957000000	3.3778e-7	4.1373e3	3.6899e4	8.1544e4	288.66	0.077	0.076	1.3693e12	26	22	4	2.447e13	4.361e12	4.360e12	1.517e11	0
958000000	0.0000e0	3.8105e3	8.6066e4	8.1059e4	289.00	0.077	0.075	1.9569e12	21	17	4	4.336e13	4.099e12	4.099e12	2.554e11	0
959000000	0.0000e0	3.5933e3	1.3574e5	8.0737e4	289.28	0.076	0.077	3.0039e12	20	17	4	4.895e13	4.550e12	4.550e12	4.702e11	0
960000000	0.0000e0	3.2803e3	1.3059e5	8.0267e4	288.99	0.076	0.076	3.9524e12	17	17	4	4.397e13	6.117e12	6.117e12	5.773e11	0
961000000	0.0000e0	3.3869e3	8.4167e4	8.0425e4	288.80	0.076	0.076	4.1105e12	18	18	4	4.267e13	6.034e12	6.034e12	4.061e11	0
962000000	0.0000e0	3.5046e3	4.5681e4	8.0600e4	287.40	0.077	0.073	3.1664e12	14	17	4	4.385e13	8.962e12	8.962e12	2.882e11	0
963000000	0.0000e0	3.5116e3	6.5760e4	8.0611e4	288.58	0.078	0.073	3.4268e12	13	17	4	4.679e13	7.604e12	7.604e12	3.485e11	0
964000000	0.0000e0	3.5319e3	5.5735e4	8.0641e4	288.44	0.078	0.073	3.4007e12	13	17	4	4.274e13	7.481e12	7.481e12	3.048e11	0
965000000	0.0000e0	3.8399e3	4.4250e4	8.1101e4	288.53	0.078	0.071	3.0517e12	11	16	4	3.639e13	6.190e12	6.190e12	2.878e11	0
966000000	1.4830e-7	3.7325e3	3.6546e4	8.0940e4	288.29	0.078	0.069	2.8912e12	12	16	4	3.851e13	7.760e12	7.761e12	2.354e11	0
967000000	1.6142e-6	3.8101e3	2.8984e4	8.1056e4	288.19	0.078	0.068	2.6770e12	12	16	4	3.251e13	7.568e12	7.568e12	2.666e11	0
968000000	2.1721e-6	3.9855e3	2.3185e4	8.1317e4	288.04	0.079	0.068	2.5495e12	12	16	4	3.610e13	7.986e12	7.986e12	2.190e11	0
969000000	8.5767e-6	4.2467e3	1.9038e4	8.1706e4	288.29	0.079	0.066	2.4648e12	15	16	4	3.695e13	9.546e12	9.545e12	2.775e11	0
970000000	2.4800e-6	4.0454e3	5.3847e4	8.1408e4	288.59	0.081	0.065	2.7182e12	15	16	4	4.423e13	9.607e12	9.608e12	4.282e11	0
971000000	1.7112e-6	4.2962e3	3.4129e4	8.1780e4	289.13	0.070	0.064	2.7318e12	15	16	4	4.464e13	6.172e12	6.172e12	2.757e11	0
972000000	4.0272e-8	3.9557e3	7.0409e4	8.1275e4	288.66	0.070	0.061	2.8172e12	14	16	4	4.840e13	5.317e12	5.319e12	2.773e11	0
973000000	0.0000e0	3.8858e3	6.9914e4	8.1171e4	289.39	0.066	0.062	3.0191e12	15	18	4	4.411e13	4.884e12	4.884e12	3.080e11	0
974000000	0.0000e0	4.1228e3	4.3720e4	8.1523e4	289.11	0.065	0.062	2.6680e12	14	16	4	4.140e13	5.531e12	5.531e12	2.287e11	0
975000000	9.2565e-7	4.1699e3	4.6819e4	8.1593e4	289.32	0.065	0.063	2.7951e12	15	16	4	4.339e13	5.537e12	5.537e12	3.113e11	0
976000000	5.5817e-7	4.1643e3	3.8446e4	8.1584e4	289.20	0.064	0.064	2.7466e12	13	16	4	4.120e13	4.873e12	4.873e12	2.367e11	0
977000000	1.6266e-6	4.0132e3	3.0267e4	8.1359e4	288.71	0.066	0.063	2.5260e12	13	17	4	3.935e13	5.851e12	5.850e12	2.411e11	0
978000000	2.1595e-6	4.3313e3	2.4710e4	8.1832e4	288.64	0.066	0.063	2.5654e12	12	16	4	4.481e13	5.737e12	5.736e12	2.163e11	0
979000000	4.9758e-6	4.9505e3	2.0886e4	8.2748e4	289.40	0.066	0.064	2.4932e12	12	16	4	3.660e13	6.454e12	6.455e12	2.307e11	0
980000000	8.5506e-6	4.4173e3	1.5828e4	8.1959e4	288.64	0.066	0.062	2.4594e12	12	16	4	3.405e13	6.034e12	6.035e12	2.100e11	0
981000000	1.9871e-5	4.3264e3	1.1940e4	8.1825e4	288.12	0.067	0.065	2.3195e12	13	16	4	3.866e13	6.491e12	6.489e12	2.298e11	0
982000000	1.7630e-7	4.7964e3	6.8830e4	8.2522e4	290.28	0.062	0.066	2.4012e12	14	17	4	3.660e13	6.171e12	6.171e12	3.258e11	0
983000000	1.4048e-6	4.9694e3	3.1829e4	8.2776e4	289.92	0.063	0.066	2.5033e12	14	17	4	3.730e13	4.544e12	4.544e12	2.456e11	0
984000000	2.7226e-6	4.7850e3	2.5147e4	8.2503e4	289.44	0.063	0.067	2.3916e12	16	17	4	3.356e13	5.640e12	5.641e12	2.441e11	0
985000000	2.6403e-6	4.8306e3	1.9217e4	8.2570e4	289.11	0.063	0.067	2.2422e12	17	18	4	3.237e13	6.760e12	6.761e12	1.902e11	0
986000000	5.9191e-7	5.2633e3	4.0806e4	8.3208e4	290.33	0.061	0.067	2.3692e12	19	19	4	4.352e13	5.810e12	5.810e12	2.241e11	0
987000000	0.0000e0	4.9719e3	8.3440e4	8.2782e4	290.90	0.059	0.070	2.8865e12	19	19	4	5.227e13	5.663e12	5.663e12	3.795e11	0
988000000	4.0709e-7	4.5716e3	5.2035e4	8.2189e4	290.09	0.058	0.072	3.1706e12	20	19	4	4.182e13	5.275e12	5.275e12	3.134e11	0
989000000	8.2155e-7	4.8663e3	3.5281e4	8.2624e4	289.93	0.059	0.072	3.0816e12	23	20	4	3.952e13	8.280e12	8.280e12	2.431e11	0
990000000	2.1411e-6	4.9828e3	2.6310e4	8.2795e4	289.80	0.060	0.071	3.1419e12	20	17	4	4.135e13	7.924e12	7.924e12	2.494e11	0
991000000	3.2396e-6	4.9270e3	2.0262e4	8.2713e4	289.62	0.057	0.074	2.7596e12	19	18	4	3.803e13	7.651e12	7.651e12	2.103e11	0
992000000	0.0000e0	4.8456e3	6.2586e4	8.2594e4	290.44	0.056	0.075	2.7744e12	18	19	4	4.955e13	5.803e12	5.803e12	3.065e11	0
993000000	0.0000e0	4.9521e3	6.4461e4	8.2752e4	290.81	0.055	0.076	3.3910e12	16	18	4	5.003e13	5.074e12	5.074e12	3.220e11	0
994000000	1.4190e-8	4.8781e3	5.9288e4	8.2642e4	290.55	0.056	0.077	3.2944e12	19	20	4	4.750e13	7.172e12	7.172e12	3.418e11	0
995000000	1.0293e-7	4.6562e3	4.8711e4	8.2314e4	290.27	0.056	0.074	3.1256e12	18	17	4	4.724e13	6.325e12	6.325e12	2.850e11	0
996000000	1.4044e-6	4.3240e3	4.0961e4	8.1822e4	289.70	0.056	0.075	3.2680e12	21	20	4	4.302e13	7.383e12	7.383e12	3.263e11	0
997000000	2.5832e-7	4.3119e3	5.1538e4	8.1804e4	289.90	0.056	0.075	3.2975e12	23	21	4	4.371e13	7.095e12	7.095e12	3.011e11	0
998000000	1.1903e-6	4.3710e3	4.2308e4	8.1891e4	289.76	0.057	0.076	3.0677e12	23	22	4	4.315e13	8.303e12	8.303e12	3.103e11	0
999000000	1.8076e-6	4.5823e3	3.5030e4	8.2204e4	289.66	0.058	0.075	2.8957e12	20	19	4	4.205e13	6.933e12	6.933e12	3.179e11	0
1000000000	5.4319e-6	5.0010e3	2.4030e4	8.2822e4	289.85	0.059	0.075	2.9139e12	21	18	4	4.711e13	6.745e12	6.743e12	2.782e11	0
1001000000	1.1940e-5	4.6991e3	1.7304e4	8.2377e4	289.35	0.059	0.076	2.8773e12	18	17	4	4.270e13	6.608e12	6.608e12	2.592e11	0
1002000000	1.7442e-5	4.5055e3	1.3579e4	8.2091e4	288.92	0.059	0.077	2.6646e12	17	17	4	3.850e13	6.428e12	6.427e12	2.407e11	0
1003000000	2.1492e-5	4.3116e3	1.1963e4	8.1804e4	288.63	0.059	0.079	2.5503e12	19	20	4	3.676e13	6.341e12	6.338e12	2.244e11	0
1004000000	1.2951e-5	4.2719e3	1.1988e4	8.1744e4	288.50	0.059	0.080	2.4986e12	23	21	4	3.962e13	6.047e12	6.050e12	2.131e11	0
1005000000	6.7983e-6	4.3815e3	1.3539e4	8.1906e4	288.90	0.060	0.078	2.2553e12	24	19	4	3.289e13	6.229e12	6.232e12	1.750e11	0
1006000000	1.2870e-5	3.8629e3	1.2340e4	8.1135e4	288.22	0.060	0.078	2.2729e12	21	17	4	3.554e13	5.769e12	5.767e12	2.186e11	0
1007000000	2.2335e-5	3.8111e3	1.0659e4	8.1059e4	287.95	0.061	0.079	2.3269e12	18	18	4	3.174e13	7.126e12	7.124e12	2.348e11	0
1008000000	5.6813e-6	3.9946e3	1.0186e4	8.1331e4	288.12	0.061	0.081	2.2418e12	20	20	4	3.642e13	6.343e12	6.351e12	2.028e11	0
1009000000	2.8833e-5	3.9808e3	9.7398e3	8.1312e4	288.14	0.062	0.079	2.2958e12	15	18	4	3.781e13	5.610e12	5.607e12	2.175e11	0
1010000000	5.3409e-5	3.6983e3	8.6687e3	8.0893e4	287.71	0.063	0.079	2.4476e12	16	17	4	3.539e13	6.447e12	6.445e12	2.482e11	0
1011000000	2.3466e-5	3.6451e3	1.2836e4	8.0811e4	287.47	0.064	0.079	2.3888e12	18	21	4	3.196e13	6.269e12	6.281e12	2.572e11	0
1012000000	1.1996e-5	4.1867e3	1.6699e4	8.1617e4	288.54	0.065	0.080	2.1954e12	16	18	4	3.286e13	6.029e12	6.025e12	2.589e11	0
1013000000	1.3236e-5	4.5045e3	1.3189e4	8.2089e4	288.91	0.065	0.080	2.1614e12	15	18	4	3.351e13	4.960e12	4.959e12	2.278e11	0
1014000000	4.5201e-6	4.0449e3	2.7831e4	8.1406e4	288.93	0.066	0.082	1.9888e12	16	19	4	3.264e13	5.595e12	5.594e12	2.670e11	0
1015000000	8.8572e-7	3.7276e3	3.8389e4	8.0933e4	289.11	0.065	0.083	1.9958e12	18	18	4	3.059e13	5.156e12	5.156e12	2.517e11	0
1016000000	3.4787e-6	3.4604e3	2.3302e4	8.0533e4	288.24	0.064	0.086	2.0270e12	19	18	4	3.092e13	5.348e12	5.347e12	2.247e11	0
1017000000	9.6360e-6	3.3976e3	1.8695e4	8.0439e4	287.97	0.064	0.088	2.0732e12	19	17	4	3.434e13	5.908e12	5.905e12	2.559e11	0
1018000000	0.0000e0	3.6467e3	1.0679e5	8.0815e4	289.56	0.064	0.089	2.4119e12	29	22	4	4.766e13	5.830e12	5.830e12	3.909e11	0
1019000000	0.0000e0	3.7834e3	9.5786e4	8.1019e4	289.71	0.064	0.090	2.4799e12	16	16	4	4.253e13	7.251e12	7.251e12	4.149e11	0
1020000000	4.4028e-7	3.4345e3	6.0688e4	8.0495e4	289.32	0.065	0.092	2.8677e12	15	15	4	4.179e13	5.458e12	5.458e12	3.528e11	0
1021000000	0.0000e0	2.7976e3	7.9728e4	7.9537e4	288.70	0.065	0.093	3.1417e12	11	14	4	4.648e13	5.920e12	5.920e12	3.970e11	0
1022000000	0.0000e0	2.4672e3	9.8784e4	7.9038e4	288.15	0.066	0.095	3.1465e12	12	14	4	4.339e13	5.049e12	5.049e12	4.692e11	0
1023000000	0.0000e0	2.5214e3	7.9486e4	7.9119e4	287.49	0.066	0.095	2.8420e12	12	15	4	4.717e13	7.280e12	7.280e12	3.925e11	0
1024000000	0.0000e0	2.5777e3	8.1575e4	7.9204e4	288.06	0.066	0.095	2.8843e12	14	17	4	3.997e13	5.958e12	5.958e12	4.098e11	0
1025000000	2.9821e-9	2.3481e3	7.3679e4	7.8855e4	287.82	0.066	0.097	2.8197e12	12	14	4	4.375e13	7.451e12	7.451e12	4.101e11	0
1026000000	0.0000e0	2.2963e3	5.9918e4	7.8776e4	287.51	0.067	0.094	2.7557e12	10	15	4	3.827e13	7.282e12	7.282e12	3.910e11	0
1027000000	3.3288e-8	2.3733e3	4.5374e4	7.8892e4	286.98	0.068	0.095	2.8080e12	9	14	4	4.388e13	4.043e12	4.043e12	3.555e11	0
1028000000	3.6627e-7	3.1483e3	4.2402e4	8.0064e4	288.31	0.068	0.095	2.6225e12	11	15	4	4.236e13	4.730e12	4.730e12	3.269e11	0
1029000000	3.5126e-7	3.2643e3	4.3208e4	8.0239e4	288.52	0.069	0.096	2.5721e12	14	15	4	3.803e13	5.397e12	5.397e12	3.346e11	0
1030000000	1.4912e-6	3.1658e3	3.4033e4	8.0091e4	288.24	0.069	0.097	2.5147e12	15	15	4	4.031e13	5.391e12	5.390e12	3.722e11	0
1031000000	7.8170e-6	3.1382e3	1.6024e4	8.0049e4	287.59	0.071	0.095	2.4686e12	16	16	4	3.849e13	5.189e12	5.188e12	2.848e11	0
1032000000	2.9014e-5	2.9563e3	6.6882e3	7.9776e4	286.61	0.072	0.099	2.3925e12	11	15	4	3.903e13	4.263e12	4.254e12	2.423e11	0
1033000000	7.0634e-5	3.0959e3	3.0385e3	7.9990e4	286.02	0.072	0.102	2.1999e12	12	15	4	3.540e13	3.617e12	3.631e12	2.161e11	0
1034000000	2.8547e-5	3.5055e3	7.5619e3	8.0602e4	287.08	0.074	0.102	2.1370e12	13	17	4	3.483e13	4.211e12	4.204e12	2.470e11	0
1035000000	6.4756e-5	3.7098e3	3.3126e3	8.0911e4	286.91	0.075	0.101	2.0394e12	13	16	4	3.381e13	3.250e12	3.235e12	1.762e11	0
1036000000	1.2355e-4	3.6783e3	1.8876e3	8.0869e4	286.43	0.075	0.103	1.9289e12	14	18	4	3.040e13	3.306e12	3.280e12	1.762e11	0
1037000000	1.0032e-5	3.7625e3	1.1830e4	8.0985e4	287.18	0.076	0.102	1.9207e12	14	17	4	2.913e13	3.929e12	3.958e12	2.259e11	0
1038000000	1.1802e-5	3.7659e3	8.7457e3	8.0990e4	287.42	0.076	0.104	1.8257e12	12	17	4	2.687e13	3.610e12	3.608e12	1.920e11	0
1039000000	4.3432e-5	3.8842e3	5.3498e3	8.1169e4	287.41	0.076	0.103	1.8181e12	13	20	4	3.056e13	4.323e12	4.326e12	1.874e11	0
1040000000	2.7326e-5	3.3968e3	4.2289e3	8.0439e4	286.47	0.076	0.103	1.7078e12	12	19	4	2.536e13	3.669e12	3.687e12	1.475e11	0
1041000000	6.2043e-6	3.5783e3	1.1223e4	8.0709e4	287.45	0.076	0.105	1.6267e12	12	19	4	2.725e13	4.027e12	4.027e12	1.501e11	0
1042000000	1.6360e-5	3.7688e3	9.1811e3	8.0995e4	287.48	0.077	0.103	1.6251e12	14	17	4	2.465e13	4.906e12	4.904e12	1.681e11	0
1043000000	1.9473e-5	3.5715e3	8.1148e3	8.0700e4	287.23	0.077	0.102	1.6125e12	20	21	4	2.402e13	4.592e12	4.594e12	1.552e11	0
1044000000	3.1707e-5	3.2740e3	5.4484e3	8.0255e4	286.56	0.079	0.103	1.6044e12	20	23	4	2.929e13	2.903e12	2.900e12	1.480e11	0
1045000000	1.4063e-5	3.1870e3	9.6342e3	8.0122e4	286.32	0.079	0.105	1.5752e12	18	21	4	2.354e13	3.340e12	3.357e12	1.774e11	0
1046000000	5.5557e-6	3.4380e3	1.0766e4	8.0499e4	287.06	0.081	0.101	1.5554e12	21	21	4	2.588e13	4.359e12	4.359e12	1.594e11	0
1047000000	1.2955e-5	3.4370e3	7.5863e3	8.0498e4	286.86	0.081	0.102	1.4729e12	16	20	4	2.187e13	4.138e12	4.139e12	1.379e11	0
1048000000	1.6119e-6	3.2377e3	2.7870e4	8.0198e4	286.46	0.082	0.105	1.4923e12	22	20	4	2.463e13	4.465e12	4.492e12	1.725e11	0
1049000000	0.0000e0	2.9206e3	1.8332e4	7.9720e4	287.90	0.081	0.103	1.4363e12	15	19	4	2.667e13	1.178e12	1.178e12	8.217e10	0
1050000000	0.0000e0	2.8008e3	6.7531e4	7.9542e4	287.19	0.082	0.104	1.9370e12	16	18	4	3.562e13	3.857e12	3.857e12	2.476e11	0
1051000000	1.1249e-6	2.9212e3	2.7596e4	7.9722e4	287.69	0.082	0.103	2.0361e12	15	19	4	2.830e13	4.716e12	4.715e12	2.488e11	0
1052000000	3.7155e-6	1.8477e3	1.6463e4	7.8090e4	285.50	0.082	0.103	1.9638e12	14	18	4	3.297e13	5.158e12	5.157e12	2.220e11	0
1053000000	5.7298e-6	1.2659e3	1.5261e4	7.7196e4	284.07	0.082	0.103	1.9293e12	14	18	4	2.872e13	7.446e12	7.443e12	1.578e11	0
1054000000	8.1230e-6	1.0372e3	9.1191e3	7.6842e4	282.62	0.083	0.103	1.7989e12	12	17	4	2.882e13	5.596e12	5.598e12	1.693e11	0
1055000000	1.7194e-7	1.0180e3	4.0700e4	7.6813e4	284.09	0.083	0.102	1.8782e12	9	17	4	3.002e13	4.078e12	4.079e12	2.104e11	0
1056000000	4.6003e-6	9.0003e2	1.2226e4	7.6630e4	282.40	0.084	0.101	1.7504e12	7	16	4	2.686e13	3.473e12	3.472e12	1.746e11	0
1057000000	1.7632e-5	1.1906e3	1.0104e4	7.7080e4	282.22	0.085	0.100	1.7217e12	7	15	4	2.633e13	4.002e12	4.109e12	2.018e11	0
1058000000	0.0000e0	1.3783e3	3.8611e4	7.7370e4	285.23	0.083	0.097	1.5346e12	7	14	4	2.299e13	2.864e12	2.864e12	1.679e11	0
1059000000	0.0000e0	1.1745e3	4.0668e4	7.7055e4	284.36	0.083	0.097	1.5010e12	8	14	4	2.450e13	2.529e12	2.529e12	1.792e11	0
1060000000	0.0000e0	1.1412e3	4.5365e4	7.7004e4	284.18	0.082	0.097	1.5942e12	7	14	4	2.527e13	2.320e12	2.320e12	2.258e11	0
1061000000	0.0000e0	1.3185e3	2.4429e4	7.7277e4	284.82	0.082	0.094	1.5243e12	6	13	4	2.722e13	1.495e12	1.495e12	1.221e11	0
1062000000	0.0000e0	1.3006e3	1.8953e4	7.7249e4	284.92	0.082	0.094	1.3996e12	5	13	4	2.214e13	1.114e12	1.114e12	7.402e10	0
1063000000	0.0000e0	1.2753e3	3.3407e4	7.7211e4	284.36	0.082	0.096	1.4100e12	7	15	4	2.366e13	2.902e12	2.902e12	1.431e11	0
1064000000	0.0000e0	1.2785e3	3.7696e4	7.7216e4	284.70	0.082	0.094	1.3476e12	6	13	4	1.962e13	2.340e12	2.340e12	1.440e11	0
1065000000	0.0000e0	1.2618e3	3.4049e4	7.7190e4	284.41	0.083	0.092	1.3172e12	7	14	4	1.939e13	3.082e12	3.082e12	1.310e11	0
1066000000	0.0000e0	1.2070e3	2.4734e4	7.7105e4	284.06	0.083	0.090	1.0658e12	6	13	4	1.440e13	2.408e12	2.408e12	9.002e10	0
1067000000	0.0000e0	1.2992e3	1.8649e4	7.7247e4	284.46	0.084	0.092	1.0583e12	6	13	4	1.598e13	1.717e12	1.717e12	7.370e10	0
1068000000	0.0000e0	1.2462e3	1.1610e4	7.7165e4	283.74	0.085	0.089	7.9656e11	5	13	4	1.184e13	1.374e12	1.374e12	5.223e10	0
1069000000	9.8405e-8	1.4539e3	1.4661e4	7.7485e4	284.10	0.085	0.090	7.0024e11	4	12	4	1.315e13	2.027e12	2.027e12	7.955e10	0
1070000000	2.3956e-7	1.6410e3	1.0643e4	7.7772e4	284.29	0.085	0.090	6.7284e11	4	12	4	1.305e13	1.552e12	1.552e12	8.548e10	0
1071000000	1.8073e-6	1.7370e3	6.9630e3	7.7920e4	284.35	0.085	0.088	5.9753e11	4	12	4	9.837e12	2.248e12	2.248e12	8.163e10	0
1072000000	2.0254e-6	1.4927e3	4.9648e3	7.7544e4	283.59	0.085	0.086	6.0972e11	4	12	4	1.146e13	2.031e12	2.031e12	7.030e10	0
1073000000	1.2975e-5	1.3739e3	3.6976e3	7.7362e4	283.00	0.086	0.084	5.6454e11	5	13	4	9.860e12	1.964e12	1.960e12	8.889e10	0
1074000000	3.0016e-7	1.3990e3	7.9611e3	7.7400e4	283.49	0.086	0.082	4.7452e11	6	14	4	9.744e12	1.305e12	1.305e12	7.079e10	0
1075000000	0.0000e0	1.6003e3	4.7039e3	7.7710e4	283.63	0.087	0.081	4.3703e11	5	13	4	7.538e12	1.278e12	1.279e12	4.113e10	0
1076000000	2.3438e-6	1.7841e3	3.6139e3	7.7992e4	283.78	0.087	0.081	3.9549e11	5	13	4	7.492e12	1.603e12	1.601e12	3.765e10	0
1077000000	5.0252e-6	2.0505e3	2.3588e3	7.8399e4	284.19	0.086	0.081	3.8117e11	5	13	4	5.936e12	1.032e12	1.030e12	4.095e10	0
1078000000	5.7228e-7	2.2816e3	4.9216e3	7.8751e4	284.07	0.087	0.079	3.6426e11	5	13	4	7.004e12	2.067e11	2.539e11	3.528e10	0
1079000000	4.2134e-6	2.4469e3	1.1413e3	7.9003e4	284.88	0.084	0.079	3.3899e11	5	13	4	5.526e12	2.649e11	2.632e11	2.286e10	0
1080000000	1.1104e-4	2.4683e3	2.6821e2	7.9044e4	284.36	0.084	0.079	3.2181e11	5	13	4	6.077e12	4.821e11	4.380e11	3.319e10	0
1081000000	1.0408e-5	2.4460e3	7.5568e2	7.9002e4	284.51	0.084	0.080	2.9702e11	5	13	4	4.832e12	3.660e11	3.679e11	3.457e10	0
1082000000	1.7064e-5	2.4572e3	7.8933e2	7.9019e4	284.70	0.085	0.077	3.1789e11	5	13	4	4.258e12	4.101e11	4.114e11	3.700e10	0
1083000000	2.9595e-7	2.4006e3	4.2250e3	7.8932e4	284.27	0.084	0.078	3.2575e11	5	13	4	6.059e12	3.998e11	4.106e11	3.570e10	0
1084000000	3.0483e-7	2.8440e3	3.8501e3	7.9604e4	285.96	0.083	0.077	3.3205e11	5	12	4	6.392e12	1.001e12	1.001e12	3.378e10	0
1085000000	3.9427e-6	2.6834e3	2.3201e3	7.9361e4	285.20	0.083	0.077	2.9136e11	6	13	4	3.754e12	1.243e12	1.241e12	2.645e10	0
1086000000	0.0000e0	2.9531e3	2.0501e4	7.9769e4	287.94	0.075	0.074	3.8951e11	6	13	4	8.394e12	2.779e11	2.779e11	4.372e10	0
1087000000	0.0000e0	2.4658e3	3.2117e4	7.9032e4	287.52	0.074	0.073	5.9433e11	5	13	4	1.080e13	8.561e11	8.561e11	8.104e10	0
1088000000	0.0000e0	2.1633e3	1.1597e4	7.8571e4	285.64	0.075	0.071	5.8611e11	5	13	4	8.024e12	3.374e11	3.374e11	4.773e10	0
1089000000	0.0000e0	2.2733e3	1.9267e4	7.8739e4	286.59	0.075	0.071	6.3588e11	6	12	4	6.627e12	8.140e11	8.140e11	5.978e10	0
1090000000	6.9378e-8	2.2194e3	2.0031e4	7.8657e4	286.59	0.074	0.071	7.3205e11	6	12	4	8.691e12	1.364e12	1.364e12	7.295e10	0
1091000000	1.6220e-7	2.3191e3	1.1608e4	7.8809e4	286.18	0.074	0.071	6.8985e11	6	12	4	7.128e12	1.541e12	1.541e12	5.893e10	0
1092000000	0.0000e0	2.3270e3	1.1002e4	7.8820e4	286.58	0.074	0.069	6.8404e11	6	12	4	8.539e12	1.185e12	1.185e12	4.216e10	0
1093000000	1.6433e-8	2.1768e3	2.0468e4	7.8592e4	286.13	0.074	0.068	6.9502e11	7	13	4	8.075e12	1.965e12	1.965e12	7.033e10	0
1094000000	0.0000e0	2.4040e3	1.1977e4	7.8938e4	286.64	0.075	0.066	6.6842e11	6	13	4	7.738e12	1.465e12	1.465e12	4.576e10	0
1095000000	2.0348e-7	2.2186e3	1.3454e4	7.8656e4	286.16	0.074	0.066	6.5880e11	5	13	4	7.782e12	1.840e12	1.840e12	6.067e10	0
1096000000	4.0677e-7	2.3377e3	1.0018e4	7.8837e4	286.17	0.074	0.065	5.2540e11	5	13	4	6.715e12	1.663e12	1.663e12	5.686e10	0
1097000000	3.4771e-7	2.3691e3	7.5034e3	7.8884e4	285.88	0.074	0.065	4.7111e11	6	13	4	6.207e12	1.370e12	1.370e12	4.368e10	0
1098000000	1.5035e-6	2.5802e3	6.4572e3	7.9205e4	286.12	0.074	0.064	4.5148e11	6	13	4	5.837e12	1.588e12	1.588e12	5.272e10	0
1099000000	1.1472e-6	2.7463e3	5.4043e3	7.9456e4	286.33	0.073	0.064	4.3720e11	4	13	4	4.839e12	1.492e12	1.492e12	4.076e10	0
1100000000	8.2357e-7	2.7922e3	7.0411e3	7.9526e4	286.26	0.073	0.062	4.1511e11	4	13	4	5.593e12	1.609e12	1.610e12	4.717e10	0
1101000000	0.0000e0	2.8762e3	3.0470e4	7.9654e4	287.95	0.070	0.060	4.8522e11	4	13	4	1.076e13	4.918e11	4.918e11	5.536e10	0
1102000000	2.3887e-8	2.5291e3	2.1430e4	7.9128e4	287.31	0.070	0.059	5.2445e11	4	13	4	6.462e12	1.668e12	1.668e12	5.895e10	0
1103000000	0.0000e0	2.3653e3	2.3262e4	7.8879e4	287.20	0.070	0.056	5.5016e11	4	13	4	6.381e12	1.453e12	1.453e12	5.502e10	0
1104000000	0.0000e0	2.5957e3	1.7257e4	7.9229e4	286.94	0.069	0.058	5.5075e11	4	13	4	6.105e12	1.542e12	1.542e12	4.449e10	0
1105000000	0.0000e0	3.0992e3	2.1390e4	7.9990e4	287.90	0.069	0.058	5.4453e11	5	14	4	6.612e12	1.623e12	1.623e12	5.477e10	0
1106000000	1.9488e-8	3.5439e3	2.9321e4	8.0658e4	289.02	0.061	0.060	5.6097e11	4	13	4	7.336e12	1.517e12	1.517e12	6.955e10	0
1107000000	0.0000e0	3.5073e3	8.4890e4	8.0606e4	289.91	0.052	0.058	8.1461e11	5	13	4	1.914e13	6.591e10	6.591e10	7.894e10	0
1108000000	0.0000e0	2.9353e3	6.2979e4	7.9744e4	289.57	0.046	0.058	1.2798e12	6	13	4	2.026e13	2.573e12	2.573e12	1.603e11	0
1109000000	0.0000e0	2.6588e3	3.7882e4	7.9325e4	288.83	0.046	0.057	1.2254e12	5	13	4	1.272e13	2.493e12	2.493e12	1.210e11	0
1110000000	0.0000e0	2.6840e3	4.0159e4	7.9363e4	288.49	0.047	0.057	1.2209e12	5	13	4	1.466e13	3.519e12	3.519e12	1.260e11	0
1111000000	0.0000e0	2.9742e3	3.5905e4	7.9802e4	289.05	0.046	0.057	1.2779e12	7	12	4	1.428e13	3.416e12	3.416e12	1.130e11	0
1112000000	0.0000e0	2.8597e3	3.8451e4	7.9629e4	288.77	0.047	0.057	1.2915e12	8	12	4	1.450e13	3.964e12	3.964e12	1.285e11	0
1113000000	0.0000e0	2.9301e3	3.6058e4	7.9735e4	289.15	0.047	0.056	1.2261e12	8	12	4	1.430e13	3.285e12	3.285e12	1.165e11	0
1114000000	0.0000e0	2.8141e3	3.5485e4	7.9560e4	288.82	0.047	0.055	1.2265e12	7	12	4	1.382e13	3.882e12	3.882e12	1.100e11	0
1115000000	0.0000e0	2.7435e3	3.2360e4	7.9453e4	288.33	0.047	0.055	1.1835e12	7	12	4	1.303e13	4.355e12	4.355e12	1.128e11	0
1116000000	0.0000e0	3.1923e3	2.4223e4	8.0130e4	289.17	0.047	0.054	1.1267e12	7	12	4	1.262e13	3.528e12	3.528e12	7.587e10	0
1117000000	0.0000e0	2.9912e3	2.7044e4	7.9827e4	288.64	0.048	0.055	1.0271e12	7	12	4	1.163e13	4.411e12	4.411e12	8.645e10	0
1118000000	0.0000e0	3.0769e3	2.2456e4	7.9956e4	288.83	0.048	0.055	9.2641e11	6	12	4	1.054e13	3.770e12	3.770e12	7.184e10	0
1119000000	1.0100e-7	3.0710e3	2.2249e4	7.9947e4	288.80	0.047	0.057	8.8935e11	6	12	4	9.940e12	4.289e12	4.289e12	7.911e10	0
1120000000	0.0000e0	2.9495e3	1.7356e4	7.9764e4	288.34	0.047	0.057	8.3386e11	6	12	4	8.607e12	4.170e12	4.170e12	5.700e10	0
1121000000	0.0000e0	2.9747e3	1.0325e4	7.9801e4	288.04	0.047	0.057	7.6461e11	6	12	4	8.006e12	2.859e12	2.859e12	2.881e10	0
1122000000	1.0064e-6	3.1543e3	1.2655e4	8.0072e4	288.48	0.046	0.056	7.6080e11	7	12	4	9.029e12	3.308e12	3.308e12	6.200e10	0
1123000000	7.1013e-7	3.0054e3	1.8614e4	7.9848e4	288.14	0.047	0.055	8.8912e11	7	12	4	1.298e13	3.526e12	3.527e12	7.565e10	0
1124000000	0.0000e0	3.0245e3	5.1550e4	7.9878e4	289.44	0.046	0.055	1.2595e12	6	12	4	2.019e13	4.073e12	4.073e12	1.442e11	0
1125000000	0.0000e0	2.9513e3	3.4361e4	7.9767e4	289.50	0.046	0.055	1.5681e12	6	12	4	1.630e13	3.080e12	3.080e12	1.071e11	0
1126000000	0.0000e0	2.6647e3	3.5363e4	7.9334e4	288.54	0.046	0.055	1.5991e12	6	12	4	1.789e13	5.212e12	5.212e12	1.219e11	0
1127000000	0.0000e0	2.9078e3	3.1849e4	7.9701e4	288.70	0.046	0.056	1.4459e12	6	12	4	1.807e13	5.105e12	5.105e12	1.048e11	0
1128000000	0.0000e0	3.1273e3	2.7546e4	8.0032e4	289.40	0.045	0.056	1.4574e12	5	12	4	1.556e13	4.186e12	4.186e12	9.522e10	0
1129000000	0.0000e0	2.6746e3	3.2437e4	7.9349e4	288.67	0.045	0.056	1.4286e12	5	12	4	1.522e13	4.953e12	4.953e12	1.193e11	0
1130000000	0.0000e0	2.3916e3	3.5117e4	7.8920e4	288.31	0.047	0.055	1.0328e12	5	12	4	1.208e13	4.051e12	4.051e12	1.156e11	0
1131000000	0.0000e0	2.2982e3	1.5035e4	7.8777e4	287.98	0.046	0.055	8.7501e11	5	12	4	1.003e13	1.624e12	1.624e12	4.605e10	0
1132000000	6.2462e-7	2.3004e3	2.4572e4	7.8781e4	287.80	0.047	0.056	8.5227e11	5	12	4	1.201e13	3.205e12	3.205e12	1.111e11	0
1133000000	4.1046e-7	2.4606e3	2.1277e4	7.9024e4	287.93	0.047	0.054	8.2810e11	5	12	4	1.092e13	2.658e12	2.658e12	8.791e10	0
1134000000	5.6075e-7	2.6770e3	1.7762e4	7.9352e4	288.08	0.047	0.055	7.4809e11	5	12	4	1.001e13	2.501e12	2.501e12	7.779e10	0
1135000000	8.6694e-7	2.7935e3	1.4372e4	7.9528e4	288.24	0.047	0.055	7.2390e11	7	13	4	9.758e12	2.358e12	2.358e12	7.029e10	0
1136000000	3.5230e-6	2.6286e3	1.1381e4	7.9279e4	287.60	0.048	0.053	7.0102e11	10	14	4	9.957e12	2.654e12	2.653e12	8.993e10	0
1137000000	0.0000e0	1.7277e3	3.5212e4	7.7906e4	288.89	0.049	0.694	9.0596e11	7	14	4	2.054e13	7.141e11	7.141e11	7.937e10	0
1138000000	6.4536e-7	4.0554e2	3.4411e4	7.5861e4	278.90	0.073	0.053	1.0399e12	9	14	4	1.500e13	3.895e12	3.894e12	1.521e11	0
1139000000	0.0000e0	4.7126e2	1.8326e4	7.5963e4	284.81	0.073	0.512	1.2425e12	8	14	4	1.098e13	2.865e12	2.866e12	6.378e10	0
1140000000	2.4198e-6	4.0073e2	2.4849e4	7.5853e4	277.76	0.090	0.054	1.2462e12	9	15	4	2.451e13	5.053e12	5.052e12	1.722e11	0
1141000000	0.0000e0	8.4470e2	7.6413e3	7.6543e4	283.04	0.089	0.609	1.5608e12	7	15	4	2.549e13	4.265e12	4.265e12	8.644e10	0
1142000000	0.0000e0	1.9327e2	7.3905e5	7.5559e4	278.65	0.090	0.054	1.9626e12	6	15	4	1.904e13	0.000e0	2.341e7	8.470e11	0
1143000000	0.0000e0	7.7536e2	6.2599e4	7.6438e4	283.18	0.091	0.053	1.9195e12	7	15	4	1.951e13	5.224e12	5.224e12	2.030e11	0
1144000000	0.0000e0	1.1412e3	1.0037e5	7.7007e4	285.41	0.091	0.053	2.2453e12	8	15	4	2.588e13	3.565e12	3.565e12	2.961e11	0
1145000000	0.0000e0	1.3360e3	8.8138e4	7.7307e4	285.64	0.092	0.053	2.5689e12	7	14	4	2.663e13	4.172e12	4.172e12	2.874e11	0
1146000000	0.0000e0	1.8575e3	4.6032e4	7.8106e4	286.21	0.091	0.054	2.4836e12	10	14	4	2.054e13	8.621e12	8.621e12	2.044e11	0
1147000000	0.0000e0	2.0334e3	5.1202e4	7.8375e4	286.80	0.091	0.053	2.3435e12	16	15	4	2.224e13	7.882e12	7.882e12	2.156e11	0
1148000000	0.0000e0	2.2922e3	5.6205e4	7.8770e4	287.27	0.091	0.053	2.0565e12	14	16	4	2.279e13	6.172e12	6.172e12	2.076e11	0
1149000000	0.0000e0	1.6129e3	1.5153e4	7.7729e4	287.58	0.091	0.650	1.8175e12	12	16	4	1.818e13	2.484e12	2.484e12	5.338e10	0
1150000000	1.4301e-6	4.1394e2	3.9376e4	7.5874e4	279.15	0.093	0.054	1.5273e12	12	17	4	2.274e13	7.572e12	7.571e12	2.693e11	0
1151000000	9.5101e-10	1.3190e3	3.7017e4	7.7278e4	284.53	0.092	0.053	1.6179e12	12	16	4	2.097e13	5.004e12	5.004e12	1.233e11	0
1152000000	8.3232e-7	1.9792e3	2.7947e4	7.8291e4	286.27	0.093	0.054	1.5462e12	11	16	4	1.881e13	6.242e12	6.242e12	1.491e11	0
1153000000	1.3538e-6	2.0826e3	2.3560e4	7.8449e4	286.21	0.093	0.056	1.3575e12	11	17	4	1.657e13	5.274e12	5.275e12	1.398e11	0
1154000000	1.1820e-6	2.3980e3	2.0097e4	7.8929e4	286.69	0.093	0.055	1.3020e12	10	17	4	1.653e13	4.494e12	4.495e12	1.124e11	0
1155000000	4.5429e-6	2.5373e3	1.4562e4	7.9140e4	286.58	0.094	0.055	1.1854e12	10	17	4	1.430e13	4.442e12	4.442e12	1.283e11	0
1156000000	4.2732e-6	2.8137e3	1.1199e4	7.9559e4	286.76	0.093	0.056	1.1763e12	10	17	4	1.447e13	3.576e12	3.576e12	1.125e11	0
1157000000	0.0000e0	2.9823e3	5.1139e4	7.9815e4	288.33	0.086	0.055	1.0919e12	11	17	4	1.686e13	3.558e12	3.559e12	1.326e11	0
1158000000	0.0000e0	2.7938e3	1.8036e4	7.9529e4	288.20	0.081	0.056	1.1169e12	10	17	4	1.744e13	2.140e12	2.140e12	5.227e10	0
1159000000	0.0000e0	2.8654e3	4.7713e4	7.9638e4	288.58	0.081	0.057	1.4237e12	10	16	4	1.785e13	4.670e12	4.670e12	1.547e11	0
1160000000	8.4927e-8	3.2421e3	3.4460e4	8.0205e4	288.98	0.076	0.057	1.5273e12	13	18	4	1.668e13	3.859e12	3.859e12	1.188e11	0
1161000000	1.7849e-6	3.0959e3	2.0007e4	7.9985e4	288.40	0.076	0.056	1.4009e12	15	17	4	1.590e13	4.150e12	4.150e12	1.273e11	0
1162000000	1.3848e-7	3.0492e3	3.6767e4	7.9915e4	288.39	0.075	0.057	1.2152e12	16	20	4	1.627e13	3.365e12	3.365e12	1.155e11	0
1163000000	0.0000e0	3.2043e3	6.1631e4	8.0150e4	289.38	0.066	0.058	1.2433e12	16	18	4	2.308e13	1.618e12	1.618e12	1.442e11	0
1164000000	0.0000e0	2.8454e3	5.8633e4	7.9608e4	288.95	0.063	0.058	1.5059e12	16	19	4	2.159e13	3.556e12	3.556e12	1.712e11	0
1165000000	0.0000e0	2.3919e3	3.2945e4	7.8920e4	288.53	0.063	0.059	1.5541e12	15	18	4	1.912e13	2.764e12	2.764e12	9.839e10	0
1166000000	2.0910e-7	2.3408e3	4.6416e4	7.8843e4	288.14	0.062	0.059	1.5383e12	14	18	4	1.975e13	4.449e12	4.449e12	1.757e11	0
1167000000	1.3735e-7	2.7939e3	5.0461e4	7.9530e4	289.06	0.063	0.058	1.6543e12	12	15	4	2.385e13	3.956e12	3.956e12	1.749e11	0
1168000000	3.4806e-7	2.7104e3	4.1091e4	7.9403e4	288.89	0.064	0.058	1.6950e12	12	16	4	2.043e13	3.923e12	3.923e12	1.740e11	0
1169000000	5.5313e-7	2.4883e3	2.7407e4	7.9066e4	287.87	0.065	0.058	1.5614e12	13	18	4	2.038e13	3.479e12	3.480e12	1.364e11	0
1170000000	2.8955e-6	2.9398e3	2.2011e4	7.9750e4	288.35	0.066	0.061	1.5593e12	17	20	4	2.098e13	4.300e12	4.299e12	1.682e11	0
1171000000	2.1678e-6	3.0461e3	2.2514e4	7.9910e4	288.55	0.067	0.061	1.4863e12	14	19	4	2.028e13	4.045e12	4.045e12	1.526e11	0
1172000000	2.1875e-6	2.8915e3	2.1514e4	7.9677e4	288.28	0.067	0.060	1.3854e12	18	21	4	1.907e13	4.175e12	4.175e12	1.472e11	0
1173000000	1.5466e-6	2.8631e3	2.0042e4	7.9633e4	288.12	0.068	0.059	1.4786e12	13	21	4	2.304e13	3.480e12	3.480e12	1.194e11	0
1174000000	3.8834e-6	2.9432e3	1.6455e4	7.9754e4	287.88	0.071	0.059	1.4276e12	16	21	4	1.991e13	3.873e12	3.873e12	1.360e11	0
1175000000	5.6902e-6	3.2166e3	1.3126e4	8.0166e4	288.08	0.071	0.060	1.3898e12	16	20	4	1.792e13	3.775e12	3.774e12	1.272e11	0
1176000000	9.3894e-6	3.1423e3	1.1057e4	8.0055e4	287.96	0.072	0.059	1.3570e12	21	20	4	1.759e13	3.698e12	3.697e12	1.334e11	0
1177000000	1.4053e-5	2.8158e3	8.8154e3	7.9563e4	287.16	0.073	0.060	1.3580e12	22	23	4	1.835e13	3.544e12	3.544e12	1.273e11	0
1178000000	2.5575e-5	2.8619e3	8.0941e3	7.9633e4	287.17	0.073	0.060	1.3524e12	18	23	4	1.902e13	4.036e12	4.031e12	1.518e11	0
1179000000	6.3889e-8	2.9195e3	5.3592e4	7.9720e4	288.45	0.073	0.059	1.3804e12	19	22	4	2.417e13	2.638e12	2.638e12	1.442e11	0
1180000000	2.4340e-6	3.2464e3	1.8023e4	8.0211e4	288.53	0.072	0.060	1.5182e12	21	23	4	1.913e13	2.825e12	2.824e12	1.255e11	0
1181000000	2.5138e-6	3.1341e3	1.8081e4	8.0042e4	287.92	0.073	0.059	1.4087e12	20	23	4	2.047e13	4.483e12	4.485e12	1.237e11	0
1182000000	1.1264e-6	2.8554e3	3.1589e4	7.9622e4	287.65	0.074	0.059	1.4271e12	20	25	4	2.324e13	3.794e12	3.798e12	1.569e11	0
1183000000	3.1986e-6	2.6366e3	2.3658e4	7.9291e4	287.73	0.073	0.059	1.6089e12	22	25	4	2.519e13	4.018e12	4.017e12	1.797e11	0
1184000000	5.1912e-6	2.9257e3	1.5528e4	7.9728e4	287.72	0.074	0.059	1.6422e12	20	25	4	2.123e13	4.338e12	4.339e12	1.473e11	0
1185000000	1.3378e-6	3.2659e3	2.4189e4	8.0241e4	288.51	0.073	0.059	1.5817e12	21	24	4	2.360e13	4.211e12	4.211e12	1.387e11	0
1186000000	2.8691e-6	3.4359e3	2.1427e4	8.0496e4	288.77	0.073	0.058	1.4626e12	19	24	4	1.948e13	3.981e12	3.980e12	1.549e11	0
1187000000	7.9217e-6	3.3870e3	1.7103e4	8.0423e4	288.57	0.073	0.058	1.5170e12	19	25	4	1.872e13	4.475e12	4.472e12	1.907e11	0
1188000000	3.0833e-6	3.0225e3	2.1757e4	7.9874e4	288.48	0.072	0.058	1.6378e12	23	24	4	1.963e13	4.144e12	4.143e12	1.735e11	0
1189000000	3.0284e-6	2.6748e3	2.0647e4	7.9349e4	287.74	0.073	0.059	1.6359e12	23	24	4	2.168e13	4.008e12	4.007e12	1.590e11	0
1190000000	1.7909e-6	2.7053e3	2.3308e4	7.9395e4	287.87	0.074	0.060	1.6817e12	29	25	4	2.307e13	3.804e12	3.805e12	1.476e11	0
1191000000	2.8984e-6	2.6334e3	2.2867e4	7.9286e4	287.79	0.075	0.060	1.7541e12	28	27	4	2.397e13	4.020e12	4.019e12	1.731e11	0
1192000000	3.0224e-6	2.5198e3	1.8513e4	7.9114e4	287.55	0.075	0.059	1.6096e12	31	26	4	2.326e13	3.376e12	3.376e12	1.406e11	0
1193000000	8.0745e-6	2.3650e3	1.3657e4	7.8879e4	286.76	0.075	0.058	1.4332e12	23	20	4	2.083e13	3.466e12	3.465e12	1.540e11	0
1194000000	2.8218e-6	2.7393e3	1.4496e4	7.9446e4	287.42	0.075	0.060	1.1176e12	21	20	4	1.664e13	2.427e12	2.428e12	1.041e11	0
1195000000	6.6442e-6	2.8880e3	1.1439e4	7.9671e4	287.47	0.075	0.058	1.3111e12	17	19	4	1.812e13	2.575e12	2.576e12	1.192e11	0
1196000000	7.8018e-6	3.0420e3	9.4908e3	7.9904e4	287.55	0.075	0.056	1.2414e12	19	20	4	1.536e13	2.424e12	2.424e12	1.054e11	0
1197000000	1.7986e-5	3.0818e3	7.3204e3	7.9964e4	287.42	0.075	0.058	1.2438e12	16	18	4	1.443e13	2.602e12	2.601e12	1.178e11	0
1198000000	7.2225e-7	3.0939e3	2.9035e4	7.9982e4	287.51	0.075	0.056	1.2890e12	20	20	4	1.656e13	2.338e12	2.351e12	1.173e11	0
1199000000	6.0437e-7	2.7802e3	2.7939e4	7.9508e4	288.59	0.069	0.058	1.4300e12	20	17	4	1.838e13	2.350e12	2.350e12	1.281e11	0
1200000000	1.0664e-5	2.5988e3	1.0356e4	7.9234e4	287.02	0.070	0.057	1.4914e12	24	19	4	1.926e13	2.958e12	2.955e12	1.343e11	0
1201000000	1.7513e-6	2.8475e3	1.8365e4	7.9610e4	288.38	0.069	0.056	1.4721e12	22	19	4	1.883e13	2.455e12	2.454e12	1.164e11	0
1202000000	5.7585e-7	2.4893e3	4.5025e4	7.9069e4	288.06	0.068	0.057	1.7035e12	19	18	4	2.725e13	3.628e12	3.629e12	1.822e11	0
1203000000	3.3163e-6	2.2913e3	2.3490e4	7.8767e4	287.40	0.069	0.057	1.7862e12	21	18	4	2.459e13	3.631e12	3.630e12	1.853e11	0
1204000000	2.8512e-6	2.5893e3	2.4382e4	7.9220e4	287.94	0.069	0.058	1.7539e12	26	20	4	2.404e13	3.532e12	3.532e12	1.817e11	0
1205000000	9.1803e-6	2.7012e3	1.6419e4	7.9389e4	287.88	0.069	0.059	1.8724e12	27	21	4	2.805e13	3.733e12	3.734e12	1.971e11	0
1206000000	8.6288e-6	2.4688e3	1.3338e4	7.9037e4	287.45	0.068	0.060	1.7945e12	26	23	4	2.475e13	3.003e12	3.002e12	1.645e11	0
1207000000	2.4912e-5	2.2132e3	9.0238e3	7.8649e4	286.74	0.068	0.061	1.6702e12	22	20	4	2.564e13	3.402e12	3.398e12	1.683e11	0
1208000000	2.7808e-5	1.9688e3	9.0867e3	7.8277e4	286.28	0.068	0.059	1.7396e12	20	19	4	2.391e13	3.546e12	3.545e12	1.769e11	0
1209000000	2.7377e-5	1.8391e3	8.2630e3	7.8078e4	285.77	0.068	0.057	1.5519e12	27	21	4	2.123e13	3.270e12	3.278e12	1.623e11	0
1210000000	2.3408e-5	1.7952e3	7.8169e3	7.8011e4	285.68	0.069	0.056	1.4250e12	24	23	4	2.060e13	2.785e12	2.785e12	1.409e11	0
1211000000	2.1159e-5	1.9168e3	7.5660e3	7.8197e4	285.64	0.070	0.055	1.2433e12	24	22	4	1.778e13	2.584e12	2.586e12	1.275e11	0
1212000000	1.3216e-5	2.1896e3	7.6447e3	7.8612e4	286.28	0.070	0.056	1.0743e12	24	23	4	1.517e13	2.122e12	2.127e12	1.083e11	0
1213000000	4.8376e-5	2.2516e3	6.0383e3	7.8710e4	286.22	0.069	0.057	1.2010e12	20	23	4	1.855e13	3.140e12	3.131e12	1.517e11	0
1214000000	1.3253e-5	2.3145e3	9.0630e3	7.8802e4	286.75	0.070	0.059	1.2329e12	22	24	4	1.762e13	2.472e12	2.470e12	1.286e11	0
1215000000	1.0843e-5	2.2904e3	7.9128e3	7.8766e4	286.70	0.069	0.058	1.1498e12	24	26	4	1.646e13	1.990e12	1.991e12	9.884e10	0
1216000000	1.5310e-5	2.1563e3	5.8158e3	7.8562e4	286.19	0.069	0.058	1.0153e12	16	19	4	1.546e13	1.780e12	1.780e12	1.149e11	0
1217000000	7.9444e-6	2.1496e3	1.2945e4	7.8551e4	286.11	0.069	0.059	1.0472e12	16	19	4	1.564e13	2.614e12	2.644e12	1.534e11	0
1218000000	7.6447e-6	1.9878e3	1.1048e4	7.8304e4	286.57	0.069	0.059	1.1225e12	15	19	4	1.687e13	2.228e12	2.226e12	1.228e11	0
1219000000	1.6382e-6	1.8440e3	1.7816e4	7.8084e4	286.65	0.070	0.059	1.1476e12	18	22	4	1.626e13	1.804e12	1.804e12	1.070e11	0
1220000000	4.4361e-6	1.8347e3	1.0447e4	7.8070e4	286.12	0.070	0.059	1.0792e12	16	21	4	1.785e13	2.092e12	2.091e12	9.304e10	0
1221000000	1.6396e-5	1.8357e3	6.6229e3	7.8072e4	285.59	0.070	0.058	9.8688e11	17	22	4	1.541e13	2.087e12	2.083e12	1.023e11	0
1222000000	8.5800e-8	2.0482e3	5.7357e4	7.8398e4	287.36	0.069	0.057	9.9783e11	22	23	4	1.923e13	2.130e12	2.131e12	1.453e11	0
1223000000	1.5348e-6	2.1135e3	1.8971e4	7.8496e4	287.36	0.069	0.059	1.1709e12	21	22	4	1.880e13	2.005e12	2.005e12	1.162e11	0
1224000000	1.9550e-5	2.1707e3	7.1388e3	7.8584e4	286.36	0.069	0.060	9.8466e11	19	21	4	1.587e13	2.361e12	2.360e12	1.194e11	0
1225000000	4.0217e-5	2.3102e3	5.5999e3	7.8798e4	286.50	0.069	0.059	9.8617e11	26	23	4	1.748e13	2.870e12	2.879e12	1.295e11	0
1226000000	2.4315e-5	2.1251e3	7.6584e3	7.8515e4	286.38	0.069	0.059	9.7246e11	22	23	4	1.756e13	3.676e12	3.674e12	1.375e11	0
1227000000	5.6267e-7	2.1372e3	3.9242e4	7.8533e4	287.47	0.070	0.062	1.0970e12	20	20	4	2.068e13	2.599e12	2.600e12	1.551e11	0
1228000000	5.9451e-6	2.2237e3	1.2877e4	7.8664e4	287.24	0.071	0.062	1.2079e12	23	21	4	2.036e13	2.644e12	2.643e12	1.301e11	0
1229000000	2.0675e-5	2.0071e3	9.5556e3	7.8335e4	286.30	0.071	0.063	1.2333e12	21	21	4	2.104e13	3.570e12	3.569e12	1.609e11	0
1230000000	3.8116e-5	2.0910e3	6.8567e3	7.8464e4	286.05	0.071	0.063	1.2272e12	25	24	4	2.073e13	3.609e12	3.607e12	1.561e11	0
1231000000	3.0098e-5	2.2528e3	7.9391e3	7.8710e4	286.65	0.071	0.064	1.2351e12	26	25	4	2.081e13	3.606e12	3.606e12	1.609e11	0
1232000000	3.5183e-5	2.0223e3	7.8953e3	7.8359e4	286.15	0.071	0.062	1.2691e12	26	23	4	2.147e13	3.836e12	3.838e12	1.717e11	0
1233000000	1.4933e-5	1.9233e3	1.2000e4	7.8206e4	286.19	0.072	0.064	1.2701e12	22	24	4	2.078e13	3.746e12	3.748e12	1.745e11	0
1234000000	1.4553e-5	1.8786e3	1.3553e4	7.8138e4	286.30	0.073	0.064	1.3109e12	24	25	4	2.285e13	3.996e12	3.995e12	1.965e11	0
1235000000	1.8030e-5	1.7963e3	1.2412e4	7.8012e4	285.97	0.074	0.063	1.3361e12	27	24	4	2.296e13	4.019e12	4.019e12	1.985e11	0
1236000000	2.8353e-5	1.8106e3	1.0986e4	7.8035e4	285.85	0.075	0.064	1.3551e12	21	21	4	2.366e13	4.109e12	4.112e12	2.156e11	0
1237000000	8.6280e-6	1.7282e3	1.5681e4	7.7907e4	286.04	0.075	0.065	1.3648e12	22	24	4	2.743e13	3.278e12	3.280e12	1.811e11	0
1238000000	1.2468e-5	1.6055e3	1.6107e4	7.7719e4	285.63	0.076	0.065	1.4335e12	23	24	4	2.778e13	3.875e12	3.876e12	2.170e11	0
1239000000	5.2302e-6	1.7736e3	1.9445e4	7.7977e4	285.98	0.075	0.068	1.3594e12	23	23	4	2.397e13	3.226e12	3.228e12	1.818e11	0
1240000000	2.9982e-6	2.1231e3	1.9790e4	7.8511e4	287.01	0.075	0.068	1.3220e12	20	21	4	2.239e13	3.115e12	3.115e12	1.540e11	0
1241000000	7.2115e-6	1.9939e3	1.5387e4	7.8314e4	286.75	0.075	0.069	1.3064e12	21	24	4	2.252e13	3.438e12	3.437e12	1.664e11	0
1242000000	1.5134e-5	1.6626e3	1.1663e4	7.7807e4	285.80	0.075	0.070	1.3133e12	19	22	4	2.260e13	3.768e12	3.768e12	1.739e11	0
1243000000	1.6374e-5	1.5181e3	1.1539e4	7.7585e4	285.19	0.075	0.068	1.3110e12	19	23	4	2.269e13	3.783e12	3.783e12	1.762e11	0
1244000000	1.2779e-5	1.6595e3	1.2194e4	7.7802e4	285.66	0.075	0.068	1.2966e12	19	20	4	2.201e13	3.552e12	3.552e12	1.676e11	0
1245000000	1.5944e-5	1.7484e3	1.1599e4	7.7938e4	285.59	0.076	0.069	1.2914e12	23	21	4	2.218e13	3.702e12	3.702e12	1.759e11	0
1246000000	1.2504e-5	1.9120e3	1.1330e4	7.8189e4	286.18	0.077	0.068	1.2758e12	29	23	4	2.152e13	3.312e12	3.312e12	1.549e11	0
1247000000	2.5346e-5	1.7274e3	8.5786e3	7.7907e4	285.51	0.077	0.069	1.2795e12	28	25	4	2.195e13	3.505e12	3.504e12	1.610e11	0
1248000000	2.8680e-5	1.6214e3	8.1920e3	7.7745e4	285.28	0.077	0.067	1.2731e12	30	27	4	2.179e13	3.504e12	3.503e12	1.621e11	0
1249000000	3.1051e-5	1.4736e3	7.8200e3	7.7518e4	284.87	0.078	0.067	1.2645e12	29	25	4	2.172e13	3.448e12	3.446e12	1.600e11	0
1250000000	3.4509e-5	1.3973e3	7.7963e3	7.7401e4	284.52	0.079	0.068	1.2652e12	25	25	4	2.170e13	3.581e12	3.584e12	1.668e11	0
1251000000	2.4616e-5	1.4701e3	9.3205e3	7.7512e4	284.57	0.080	0.069	1.2570e12	33	27	4	2.140e13	3.453e12	3.458e12	1.696e11	0
1252000000	1.8447e-5	1.6524e3	9.2816e3	7.7791e4	285.34	0.080	0.070	1.2324e12	30	30	4	2.096e13	3.026e12	3.025e12	1.503e11	0
1253000000	3.7220e-5	1.5432e3	6.9891e3	7.7625e4	284.86	0.080	0.069	1.1740e12	30	29	4	2.060e13	3.218e12	3.217e12	1.563e11	0
1254000000	2.3073e-5	1.4839e3	8.9862e3	7.7533e4	284.51	0.081	0.071	1.1716e12	27	26	4	2.052e13	3.171e12	3.178e12	1.578e11	0
1255000000	1.9710e-5	1.6668e3	8.8471e3	7.7814e4	285.20	0.081	0.072	1.0152e12	25	25	4	1.934e13	2.848e12	2.846e12	1.478e11	0
1256000000	2.7551e-5	1.6842e3	7.0613e3	7.7841e4	285.22	0.081	0.072	1.0105e12	30	26	4	1.923e13	2.582e12	2.582e12	1.373e11	0
1257000000	2.6495e-5	1.5421e3	7.9682e3	7.7623e4	284.62	0.082	0.071	1.0088e12	27	28	4	1.935e13	2.810e12	2.815e12	1.497e11	0
1258000000	2.6535e-5	1.6340e3	7.9383e3	7.7764e4	284.92	0.083	0.071	1.0050e12	24	27	4	1.922e13	2.809e12	2.809e12	1.511e11	0
1259000000	2.3632e-5	1.6681e3	7.2197e3	7.7816e4	285.14	0.082	0.070	9.9668e11	26	28	4	1.899e13	2.432e12	2.431e12	1.315e11	0
1260000000	3.7089e-5	1.5313e3	6.5644e3	7.7607e4	284.62	0.084	0.069	9.9704e11	23	26	4	1.910e13	2.771e12	2.771e12	1.467e11	0
1261000000	2.1577e-5	1.4780e3	8.7472e3	7.7524e4	284.37	0.084	0.071	9.9568e11	25	28	4	1.925e13	2.753e12	2.762e12	1.484e11	0
1262000000	2.2864e-5	1.5710e3	6.8500e3	7.7667e4	284.91	0.084	0.071	9.8713e11	24	26	4	1.900e13	2.326e12	2.323e12	1.257e11	0
1263000000	1.7337e-5	1.5563e3	9.7145e3	7.7644e4	284.32	0.085	0.071	9.8909e11	23	25	4	1.900e13	2.741e12	2.757e12	1.475e11	0
1264000000	8.6141e-6	1.8872e3	8.4929e3	7.8150e4	285.73	0.084	0.070	9.6263e11	24	27	4	1.838e13	1.809e12	1.807e12	1.019e11	0
1265000000	2.9275e-5	1.8972e3	7.1434e3	7.8167e4	285.30	0.084	0.071	9.6848e11	26	26	4	1.864e13	2.657e12	2.667e12	1.412e11	0
1266000000	1.5821e-5	1.8351e3	8.9784e3	7.8071e4	285.29	0.084	0.071	8.1063e11	31	29	4	1.570e13	2.418e12	2.423e12	1.329e11	0
1267000000	1.6266e-5	1.8751e3	6.4607e3	7.8132e4	285.56	0.084	0.069	8.0830e11	33	30	4	1.551e13	1.854e12	1.852e12	1.012e11	0
1268000000	2.3682e-5	1.6907e3	6.8629e3	7.7850e4	284.87	0.084	0.068	8.0853e11	32	31	4	1.564e13	2.274e12	2.279e12	1.222e11	0
1269000000	2.3191e-5	1.6591e3	7.0640e3	7.7802e4	284.81	0.086	0.069	8.0742e11	31	30	4	1.568e13	2.311e12	2.310e12	1.248e11	0
1270000000	2.1119e-5	1.6942e3	7.3435e3	7.7856e4	284.85	0.086	0.068	8.0632e11	34	31	4	1.559e13	2.296e12	2.298e12	1.240e11	0
1271000000	2.0889e-5	1.7982e3	7.3635e3	7.8015e4	285.04	0.086	0.068	8.0457e11	33	32	4	1.553e13	2.296e12	2.296e12	1.238e11	0
1272000000	1.9589e-5	1.9315e3	7.2823e3	7.8219e4	285.36	0.087	0.069	7.9869e11	35	30	4	1.533e13	2.212e12	2.211e12	1.200e11	0
1273000000	2.0289e-5	1.9119e3	6.1654e3	7.8189e4	285.42	0.087	0.070	7.9552e11	33	31	4	1.543e13	1.934e12	1.933e12	1.048e11	0
1274000000	2.0636e-5	1.7445e3	7.4088e3	7.7933e4	284.86	0.087	0.070	7.9845e11	30	31	4	1.547e13	2.275e12	2.281e12	1.231e11	0
1275000000	1.5965e-5	1.8210e3	8.3066e3	7.8050e4	285.12	0.086	0.073	7.9662e11	32	31	4	1.542e13	2.254e12	2.256e12	1.235e11	0
1276000000	1.4722e-5	1.8842e3	7.0661e3	7.8146e4	285.51	0.086	0.074	7.9201e11	34	32	4	1.519e13	1.886e12	1.885e12	1.037e11	0
1277000000	2.4130e-5	1.6678e3	6.6188e3	7.7815e4	284.92	0.086	0.075	7.9418e11	35	31	4	1.545e13	2.233e12	2.235e12	1.204e11	0
1278000000	1.6807e-5	1.5175e3	8.2786e3	7.7584e4	284.47	0.086	0.077	7.9694e11	32	29	4	1.559e13	2.288e12	2.292e12	1.247e11	0
1279000000	1.6004e-5	1.6505e3	8.2994e3	7.7788e4	284.84	0.087	0.078	7.9532e11	28	31	4	1.536e13	2.257e12	2.257e12	1.234e11	0
1280000000	1.6539e-5	1.7067e3	6.3590e3	7.7874e4	285.13	0.087	0.077	7.8986e11	29	31	4	1.533e13	1.830e12	1.829e12	9.933e10	0
1281000000	2.0621e-5	1.5126e3	7.4512e3	7.7577e4	284.40	0.088	0.077	7.9436e11	30	29	4	1.552e13	2.284e12	2.289e12	1.229e11	0
1282000000	1.5592e-5	1.5281e3	8.5848e3	7.7600e4	284.44	0.088	0.079	7.9539e11	29	31	4	1.553e13	2.293e12	2.295e12	1.250e11	0
1283000000	1.5693e-5	1.6620e3	7.7227e3	7.7806e4	284.95	0.088	0.081	7.9301e11	27	31	4	1.533e13	2.113e12	2.112e12	1.151e11	0
1284000000	1.4934e-5	1.7024e3	8.7151e3	7.7868e4	284.77	0.088	0.079	7.9457e11	28	30	4	1.540e13	2.291e12	2.296e12	1.242e11	0
1285000000	9.2981e-6	1.8859e3	7.4028e3	7.8148e4	285.51	0.088	0.078	7.8240e11	27	30	4	1.507e13	1.619e12	1.618e12	8.947e10	0
1286000000	0.0000e0	1.6844e3	9.0608e3	7.7839e4	286.86	0.083	0.075	7.9155e11	19	24	4	1.111e13	1.375e11	1.375e11	1.941e10	0
1287000000	2.6798e-5	1.5308e3	6.4155e3	7.7605e4	284.48	0.084	0.076	8.6087e11	19	23	4	1.782e13	2.420e12	2.411e12	1.228e11	0
1288000000	0.0000e0	1.6315e3	3.7691e4	7.7759e4	286.06	0.084	0.074	8.6950e11	17	22	4	1.385e13	1.060e12	1.060e12	7.549e10	0
1289000000	3.1394e-6	1.4235e3	1.2593e4	7.7438e4	285.20	0.084	0.076	7.7359e11	18	23	4	1.473e13	1.883e12	1.882e12	9.202e10	0
1290000000	1.6847e-5	1.2695e3	5.9250e3	7.7202e4	284.07	0.084	0.075	7.2992e11	21	23	4	1.299e13	1.946e12	1.944e12	9.100e10	0
1291000000	1.2137e-5	1.3117e3	7.7819e3	7.7267e4	283.64	0.084	0.075	7.4403e11	23	26	4	1.357e13	2.074e12	2.087e12	1.002e11	0
1292000000	1.4962e-7	1.5402e3	3.0167e4	7.7618e4	286.03	0.083	0.076	7.7277e11	23	24	4	1.476e13	1.256e12	1.256e12	7.674e10	0
1293000000	9.1505e-6	1.3296e3	9.5991e3	7.7294e4	284.62	0.084	0.075	8.8145e11	26	27	4	1.577e13	2.211e12	2.209e12	1.076e11	0
1294000000	1.6938e-8	1.1858e3	4.1850e4	7.7073e4	284.97	0.085	0.078	9.6332e11	25	23	4	1.316e13	1.856e12	1.856e12	1.051e11	0
1295000000	1.7647e-6	1.2689e3	2.4397e4	7.7201e4	284.92	0.085	0.080	1.1052e12	29	24	4	1.901e13	2.899e12	2.898e12	1.436e11	0
1296000000	1.4314e-6	1.3350e3	3.1412e4	7.7303e4	285.21	0.086	0.078	1.2881e12	28	23	4	2.088e13	3.607e12	3.607e12	1.751e11	0
1297000000	6.2971e-8	1.1910e3	5.5745e4	7.7082e4	285.62	0.087	0.078	1.3466e12	25	20	4	2.051e13	2.973e12	2.973e12	1.792e11	0
1298000000	1.4535e-7	1.0736e3	5.7136e4	7.6900e4	284.85	0.087	0.079	1.4594e12	26	22	4	2.030e13	2.744e12	2.744e12	2.015e11	0
1299000000	0.0000e0	1.2338e3	5.4896e4	7.7148e4	285.74	0.087	0.079	1.4706e12	24	22	4	2.335e13	2.099e12	2.099e12	1.650e11	0
1300000000	0.0000e0	1.1330e3	4.9780e4	7.6992e4	284.78	0.087	0.079	1.5700e12	22	22	4	2.495e13	3.050e12	3.050e12	1.669e11	0
1301000000	0.0000e0	1.1004e3	4.3966e4	7.6941e4	285.17	0.087	0.079	1.5915e12	27	22	4	2.336e13	2.628e12	2.628e12	1.531e11	0
1302000000	0.0000e0	9.1315e2	6.0616e4	7.6652e4	284.71	0.087	0.078	1.5349e12	20	22	4	2.457e13	3.220e12	3.220e12	2.180e11	0
1303000000	0.0000e0	8.7608e2	5.6762e4	7.6594e4	284.35	0.088	0.078	1.5707e12	22	23	4	2.383e13	2.133e12	2.133e12	1.988e11	0
1304000000	0.0000e0	9.7934e2	5.0801e4	7.6754e4	284.68	0.088	0.078	1.4846e12	24	21	4	2.463e13	1.580e12	1.580e12	1.741e11	0
1305000000	0.0000e0	9.2543e2	6.5675e4	7.6671e4	284.37	0.089	0.081	1.4779e12	22	21	4	2.323e13	2.654e12	2.654e12	2.228e11	0
1306000000	0.0000e0	1.1264e3	5.1196e4	7.6982e4	285.13	0.089	0.081	1.5092e12	22	20	4	2.336e13	2.551e12	2.551e12	1.799e11	0
1307000000	0.0000e0	1.1955e3	4.0158e4	7.7088e4	285.24	0.090	0.083	1.4828e12	21	19	4	2.155e13	2.419e12	2.419e12	1.416e11	0
1308000000	0.0000e0	1.2634e3	3.7661e4	7.7193e4	285.21	0.089	0.083	1.4377e12	20	20	4	2.264e13	2.844e12	2.844e12	1.433e11	0
1309000000	0.0000e0	1.2734e3	3.8121e4	7.7208e4	285.09	0.090	0.082	1.4013e12	21	21	4	2.177e13	3.013e12	3.013e12	1.445e11	0
1310000000	2.4843e-8	1.0050e3	4.1377e4	7.6793e4	284.63	0.091	0.083	1.3863e12	22	22	4	2.202e13	3.036e12	3.036e12	1.610e11	0
1311000000	1.0249e-7	8.6692e2	3.5014e4	7.6579e4	283.93	0.091	0.083	1.3668e12	24	24	4	2.198e13	2.773e12	2.773e12	1.487e11	0
1312000000	6.1568e-7	8.8902e2	2.5429e4	7.6613e4	283.51	0.090	0.083	1.2473e12	18	21	4	1.957e13	2.808e12	2.808e12	1.391e11	0
1313000000	1.7143e-6	1.0562e3	1.8992e4	7.6872e4	284.18	0.091	0.083	1.2603e12	16	22	4	2.285e13	3.379e12	3.379e12	1.342e11	0
1314000000	7.0066e-6	9.7299e2	1.1799e4	7.6743e4	283.26	0.091	0.084	1.2971e12	17	21	4	2.088e13	3.111e12	3.112e12	1.399e11	0
1315000000	0.0000e0	1.0394e3	5.0133e4	7.6847e4	284.83	0.092	0.086	1.4883e12	15	22	4	3.341e13	7.967e11	7.967e11	1.435e11	0
1316000000	4.3836e-7	1.0310e3	3.6649e4	7.6833e4	284.65	0.092	0.086	1.7351e12	12	21	4	2.548e13	3.074e12	3.074e12	2.029e11	0
1317000000	2.7748e-6	9.9031e2	1.9762e4	7.6770e4	283.80	0.092	0.087	1.7688e12	14	23	4	2.415e13	3.506e12	3.506e12	1.740e11	0
1318000000	6.8297e-6	1.0696e3	1.4834e4	7.6893e4	283.72	0.092	0.086	1.7608e12	20	23	4	2.637e13	4.192e12	4.191e12	1.771e11	0
1319000000	2.8492e-5	1.1342e3	8.5675e3	7.6994e4	283.68	0.093	0.085	1.7631e12	23	22	4	2.621e13	4.263e12	4.258e12	1.835e11	0
1320000000	3.2056e-6	1.0186e3	2.6904e4	7.6814e4	283.52	0.094	0.086	1.8239e12	19	21	4	3.094e13	4.272e12	4.278e12	1.982e11	0
1321000000	3.4000e-6	1.0262e3	2.4859e4	7.6826e4	284.20	0.093	0.087	1.8559e12	22	22	4	2.943e13	4.381e12	4.380e12	2.158e11	0
1322000000	1.1349e-5	9.6573e2	1.4631e4	7.6732e4	283.71	0.093	0.087	1.8272e12	30	27	4	3.078e13	4.150e12	4.148e12	1.982e11	0
1323000000	3.8419e-5	8.6931e2	8.1956e3	7.6585e4	282.55	0.094	0.086	1.8627e12	25	24	4	3.069e13	4.316e12	4.309e12	1.936e11	0
1324000000	6.5951e-5	9.2725e2	7.2873e3	7.6677e4	282.41	0.094	0.086	1.7438e12	26	26	4	2.838e13	4.787e12	4.798e12	2.203e11	0
1325000000	2.4623e-5	1.1066e3	1.0202e4	7.6951e4	283.16	0.095	0.088	1.7718e12	31	29	4	2.834e13	3.867e12	3.867e12	1.986e11	0
1326000000	4.1330e-5	1.3647e3	8.5415e3	7.7351e4	284.06	0.096	0.087	1.8182e12	35	28	4	3.127e13	4.257e12	4.250e12	2.128e11	0
1327000000	3.7774e-5	1.2896e3	9.4183e3	7.7235e4	283.76	0.096	0.087	1.7008e12	27	25	4	2.620e13	4.406e12	4.432e12	2.159e11	0
1328000000	1.5303e-5	1.1370e3	1.1114e4	7.6997e4	283.59	0.097	0.086	1.6970e12	28	29	4	2.585e13	4.292e12	4.291e12	1.799e11	0
1329000000	2.4183e-5	1.0666e3	9.0657e3	7.6889e4	283.26	0.097	0.085	1.6724e12	31	28	4	2.663e13	4.372e12	4.369e12	1.772e11	0
1330000000	6.8408e-5	9.4697e2	6.4560e3	7.6708e4	282.56	0.097	0.086	1.7277e12	33	28	4	2.646e13	4.620e12	4.617e12	2.014e11	0
1331000000	2.3749e-5	8.9722e2	8.7747e3	7.6627e4	282.64	0.096	0.085	1.6093e12	34	28	4	2.464e13	3.975e12	3.976e12	1.684e11	0
1332000000	2.9713e-5	9.0388e2	7.7020e3	7.6638e4	282.32	0.097	0.086	1.5087e12	32	28	4	2.366e13	3.995e12	3.992e12	1.648e11	0
1333000000	2.6707e-5	1.1176e3	8.1397e3	7.6968e4	282.78	0.098	0.087	1.4980e12	34	26	4	2.329e13	3.686e12	3.690e12	1.628e11	0
1334000000	1.1097e-5	1.3132e3	9.4033e3	7.7269e4	284.01	0.098	0.089	1.4516e12	42	30	4	2.315e13	2.915e12	2.914e12	1.325e11	0
1335000000	4.0785e-5	1.1008e3	6.4167e3	7.6944e4	283.02	0.098	0.090	1.4527e12	39	28	4	2.324e13	3.464e12	3.461e12	1.574e11	0
1336000000	2.6743e-5	1.0498e3	7.5989e3	7.6863e4	282.92	0.098	0.091	1.4568e12	41	29	4	2.382e13	3.355e12	3.355e12	1.531e11	0
1337000000	2.8702e-5	1.0678e3	7.6364e3	7.6891e4	283.00	0.098	0.090	1.4375e12	39	27	4	2.526e13	3.331e12	3.328e12	1.594e11	0
1338000000	1.5953e-5	1.1647e3	9.1166e3	7.7040e4	283.11	0.097	0.091	1.1918e12	38	26	4	2.127e13	2.736e12	2.740e12	1.449e11	0
1339000000	1.4749e-5	1.3016e3	8.4730e3	7.7251e4	284.05	0.098	0.089	1.1534e12	41	29	4	2.082e13	2.516e12	2.513e12	1.346e11	0
1340000000	4.0526e-5	1.0613e3	6.2316e3	7.6882e4	282.87	0.098	0.090	1.1569e12	38	27	4	2.139e13	2.985e12	2.989e12	1.533e11	0
1341000000	1.1854e-5	9.1979e2	9.0270e3	7.6661e4	282.61	0.099	0.091	1.1473e12	38	29	4	1.960e13	3.102e12	3.104e12	1.319e11	0
1342000000	1.6546e-5	9.1939e2	8.2492e3	7.6661e4	282.15	0.101	0.091	1.1378e12	46	31	4	1.988e13	3.480e12	3.478e12	1.363e11	0
1343000000	2.5533e-5	1.1060e3	7.6616e3	7.6950e4	283.02	0.102	0.093	1.1753e12	45	33	4	2.054e13	4.267e12	4.264e12	1.503e11	0
1344000000	2.6298e-5	9.9368e2	7.6559e3	7.6777e4	282.65	0.102	0.093	1.1936e12	45	33	4	2.033e13	3.986e12	3.991e12	1.531e11	0
1345000000	1.6752e-5	9.5686e2	8.2269e3	7.6719e4	282.23	0.102	0.093	1.1926e12	47	33	4	1.851e13	3.606e12	3.606e12	1.354e11	0
1346000000	1.7918e-5	1.1317e3	8.2486e3	7.6989e4	283.17	0.103	0.091	1.1830e12	53	36	4	1.914e13	3.614e12	3.615e12	1.411e11	0
1347000000	3.5788e-5	9.8767e2	6.8027e3	7.6768e4	282.42	0.103	0.092	1.2301e12	53	34	4	1.921e13	3.527e12	3.523e12	1.573e11	0
1348000000	2.2118e-5	1.0366e3	8.1154e3	7.6843e4	282.61	0.102	0.092	1.2616e12	44	31	4	1.939e13	3.355e12	3.357e12	1.495e11	0
1349000000	1.8421e-5	1.0872e3	8.2692e3	7.6921e4	283.03	0.103	0.092	1.2296e12	50	32	4	1.934e13	3.350e12	3.349e12	1.419e11	0
1350000000	2.1947e-5	1.0080e3	7.4415e3	7.6798e4	282.47	0.104	0.094	1.1379e12	50	39	4	1.901e13	3.290e12	3.290e12	1.383e11	0
1351000000	1.7663e-5	1.0487e3	8.1200e3	7.6861e4	282.89	0.102	0.095	1.1343e12	46	34	4	1.896e13	3.179e12	3.178e12	1.363e11	0
1352000000	2.3633e-5	9.4262e2	7.5591e3	7.6697e4	282.54	0.102	0.095	1.1358e12	56	40	4	1.913e13	3.342e12	3.342e12	1.444e11	0
1353000000	2.1012e-5	8.2045e2	7.7382e3	7.6507e4	282.05	0.102	0.095	1.1347e12	53	38	4	1.893e13	3.142e12	3.144e12	1.401e11	0
1354000000	2.1551e-5	7.7551e2	7.8372e3	7.6438e4	281.88	0.101	0.094	1.1318e12	55	44	4	1.903e13	3.219e12	3.218e12	1.416e11	0
1355000000	1.3470e-5	8.8746e2	9.0934e3	7.6611e4	282.07	0.100	0.093	8.2047e11	52	43	4	1.289e13	3.567e12	3.570e12	1.319e11	0
1356000000	2.6816e-6	1.0810e3	1.0623e4	7.6910e4	283.53	0.098	0.095	5.6665e11	38	34	4	9.821e12	1.977e12	1.978e12	8.344e10	0
1357000000	5.9776e-6	1.0282e3	7.8819e3	7.6828e4	282.78	0.099	0.094	5.8092e11	30	34	4	9.871e12	1.829e12	1.829e12	8.330e10	0
1358000000	0.0000e0	1.1564e3	3.8539e4	7.7027e4	284.27	0.097	0.095	4.7651e11	30	28	4	1.063e13	1.399e12	1.400e12	7.419e10	0
1359000000	7.4649e-7	1.0401e3	4.6812e4	7.6848e4	284.71	0.095	0.095	6.4297e11	27	25	4	1.548e13	3.287e12	3.287e12	2.181e11	0
1360000000	0.0000e0	1.0251e3	3.3512e4	7.6824e4	284.84	0.096	0.093	8.7780e11	30	26	4	2.057e13	5.335e11	5.335e11	8.365e10	0
1361000000	2.7468e-7	1.0718e3	2.8471e4	7.6896e4	284.75	0.095	0.092	9.5272e11	26	27	4	1.650e13	1.594e12	1.594e12	1.102e11	0
1362000000	8.6802e-7	9.8178e2	2.1627e4	7.6757e4	283.94	0.094	0.089	9.4780e11	30	28	4	1.594e13	1.815e12	1.815e12	1.048e11	0
1363000000	5.5103e-7	9.7151e2	2.5528e4	7.6741e4	284.32	0.092	0.090	8.9692e11	33	25	4	1.760e13	1.827e12	1.827e12	1.219e11	0
1364000000	2.3875e-6	9.2678e2	1.6442e4	7.6671e4	283.88	0.091	0.089	9.4967e11	35	25	4	1.764e13	2.095e12	2.095e12	1.135e11	0
1365000000	5.0437e-6	8.0906e2	1.1869e4	7.6489e4	283.16	0.091	0.089	9.7140e11	28	25	4	1.862e13	2.085e12	2.085e12	1.111e11	0
1366000000	1.4850e-5	8.1710e2	9.3056e3	7.6502e4	282.57	0.090	0.087	9.9916e11	29	25	4	1.832e13	2.616e12	2.616e12	1.363e11	0
1367000000	1.3402e-5	9.9513e2	1.0284e4	7.6778e4	283.44	0.090	0.084	1.0354e12	29	25	4	1.862e13	2.775e12	2.775e12	1.458e11	0
1368000000	1.2419e-5	1.1050e3	9.6079e3	7.6948e4	283.93	0.091	0.080	1.0083e12	26	25	4	1.790e13	2.536e12	2.537e12	1.330e11	0
1369000000	2.2550e-5	1.0794e3	8.1810e3	7.6909e4	283.70	0.090	0.077	1.0172e12	26	26	4	1.816e13	2.805e12	2.806e12	1.463e11	0
1370000000	8.5442e-6	1.1163e3	1.1843e4	7.6965e4	283.80	0.090	0.079	1.0035e12	25	26	4	1.753e13	2.503e12	2.505e12	1.382e11	0
1371000000	3.7217e-6	1.4422e3	1.5477e4	7.7467e4	284.98	0.087	0.081	9.7272e11	22	26	4	1.817e13	2.343e12	2.343e12	1.433e11	0
1372000000	1.5831e-6	1.7380e3	1.8811e4	7.7922e4	286.60	0.083	0.078	9.2949e11	21	25	4	1.814e13	2.038e12	2.038e12	1.250e11	0
1373000000	1.1016e-6	1.4123e3	2.4297e4	7.7422e4	286.10	0.081	0.078	9.5059e11	26	26	4	1.693e13	2.009e12	2.009e12	1.368e11	0
1374000000	2.5907e-7	1.1761e3	3.5471e4	7.7058e4	285.55	0.080	0.079	9.5968e11	27	26	4	1.632e13	1.691e12	1.691e12	1.370e11	0
1375000000	8.2839e-8	1.2677e3	4.4382e4	7.7199e4	286.18	0.079	0.079	8.1276e11	27	25	4	1.309e13	1.613e12	1.613e12	1.424e11	0
1376000000	4.6100e-8	1.2276e3	4.3281e4	7.7138e4	286.41	0.078	0.078	8.2261e11	22	22	4	1.333e13	1.565e12	1.565e12	1.360e11	0
1377000000	3.2045e-9	9.5979e2	4.2687e4	7.6723e4	285.51	0.078	0.078	8.3338e11	23	22	4	1.294e13	1.539e12	1.539e12	1.159e11	0
1378000000	0.0000e0	8.9010e2	3.7465e4	7.6615e4	284.74	0.078	0.079	8.2975e11	22	22	4	1.280e13	1.535e12	1.535e12	9.334e10	0
1379000000	4.0612e-9	1.0443e3	3.5647e4	7.6854e4	285.33	0.078	0.077	6.9739e11	16	16	4	1.041e13	1.664e12	1.664e12	9.316e10	0
1380000000	0.0000e0	1.2356e3	3.0405e4	7.7149e4	285.99	0.076	0.076	6.7035e11	19	16	4	1.036e13	1.412e12	1.412e12	7.462e10	0
1381000000	1.8884e-7	1.2017e3	2.4833e4	7.7097e4	285.94	0.076	0.076	6.5221e11	16	16	4	1.006e13	1.584e12	1.584e12	7.899e10	0
1382000000	3.0245e-7	1.0812e3	2.0791e4	7.6910e4	285.34	0.075	0.078	6.4870e11	16	16	4	9.557e12	1.528e12	1.528e12	7.181e10	0
1383000000	3.7663e-7	1.0575e3	1.8375e4	7.6873e4	285.28	0.075	0.077	6.4385e11	17	16	4	9.645e12	1.510e12	1.510e12	6.620e10	0
1384000000	1.2797e-6	9.5240e2	1.4967e4	7.6711e4	284.74	0.075	0.077	6.4201e11	13	16	4	9.957e12	1.649e12	1.649e12	7.596e10	0
1385000000	1.5183e-6	1.0094e3	1.3834e4	7.6799e4	284.43	0.075	0.076	6.1519e11	14	16	4	9.008e12	1.606e12	1.606e12	7.429e10	0
1386000000	1.2474e-6	1.2832e3	1.2294e4	7.7222e4	285.59	0.075	0.074	5.9438e11	13	16	4	9.464e12	1.333e12	1.333e12	6.153e10	0
1387000000	1.2271e-6	1.2512e3	1.0759e4	7.7173e4	285.26	0.076	0.071	5.4602e11	10	16	4	8.204e12	1.370e12	1.370e12	5.297e10	0
1388000000	2.1060e-6	1.2407e3	9.0527e3	7.7156e4	285.28	0.075	0.071	5.3606e11	11	16	4	8.051e12	1.300e12	1.299e12	5.371e10	0
1389000000	3.4528e-6	1.1468e3	7.6002e3	7.7011e4	284.86	0.074	0.070	5.3238e11	9	16	4	7.928e12	1.388e12	1.388e12	5.529e10	0
1390000000	2.9021e-6	1.1982e3	8.5176e3	7.7091e4	284.63	0.075	0.068	5.2479e11	11	16	4	7.838e12	1.527e12	1.527e12	5.741e10	0
1391000000	2.8457e-6	1.4833e3	9.0117e3	7.7530e4	285.80	0.075	0.068	5.1636e11	11	17	4	7.831e12	1.602e12	1.601e12	6.018e10	0
1392000000	2.8432e-6	1.4647e3	1.0208e4	7.7502e4	285.84	0.074	0.068	5.4329e11	13	16	4	7.991e12	1.769e12	1.770e12	6.788e10	0
1393000000	0.0000e0	1.3959e3	7.3880e4	7.7398e4	287.28	0.072	0.070	7.1278e11	13	16	4	1.957e13	2.257e11	2.257e11	9.373e10	0
1394000000	0.0000e0	1.3641e3	4.1064e4	7.7348e4	287.61	0.070	0.070	9.9291e11	18	16	4	1.789e13	1.203e12	1.203e12	8.855e10	0
1395000000	0.0000e0	1.1209e3	6.0705e4	7.6973e4	286.77	0.071	0.070	1.1902e12	23	16	4	1.999e13	2.089e12	2.089e12	1.440e11	0
1396000000	0.0000e0	9.9134e2	5.0318e4	7.6773e4	286.31	0.070	0.070	1.3308e12	21	16	4	1.661e13	2.310e12	2.310e12	1.277e11	0
1397000000	0.0000e0	1.0298e3	3.5934e4	7.6831e4	285.74	0.070	0.069	1.3952e12	12	16	4	1.092e13	2.218e12	2.218e12	9.374e10	0
1398000000	0.0000e0	1.1600e3	2.4271e4	7.7032e4	286.20	0.070	0.070	1.3560e12	19	16	4	1.206e13	3.346e12	3.346e12	7.328e10	0
1399000000	0.0000e0	1.1374e3	2.1446e4	7.6997e4	285.59	0.069	0.071	1.3087e12	13	16	4	1.136e13	2.935e12	2.935e12	5.877e10	0
1400000000	1.0646e-8	1.3320e3	2.9949e4	7.7298e4	286.85	0.069	0.071	1.2087e12	11	16	4	1.186e13	2.629e12	2.629e12	9.152e10	0
1401000000	1.9227e-7	1.3699e3	2.3018e4	7.7356e4	286.73	0.069	0.073	1.1768e12	9	16	4	1.200e13	2.403e12	2.403e12	7.955e10	0
1402000000	3.5312e-7	1.3371e3	2.3384e4	7.7305e4	286.60	0.069	0.075	1.1565e12	10	16	4	1.159e13	2.549e12	2.549e12	8.931e10	0
1403000000	5.2766e-7	1.2440e3	2.1096e4	7.7162e4	286.57	0.069	0.077	1.1249e12	10	16	4	1.173e13	2.459e12	2.459e12	8.777e10	0
1404000000	8.9948e-7	1.0317e3	1.5563e4	7.6834e4	285.53	0.068	0.077	1.0668e12	11	16	4	1.067e13	2.215e12	2.214e12	7.218e10	0
1405000000	1.2839e-6	1.0701e3	1.2739e4	7.6893e4	285.25	0.070	0.078	1.0276e12	12	16	4	1.024e13	2.185e12	2.186e12	6.696e10	0
1406000000	4.8374e-6	1.2132e3	1.0286e4	7.7114e4	285.73	0.069	0.081	1.0201e12	9	16	4	1.016e13	2.682e12	2.682e12	9.105e10	0
1407000000	0.0000e0	1.1123e3	5.1661e4	7.6960e4	286.95	0.069	0.080	1.1265e12	10	16	4	1.854e13	1.977e12	1.977e12	1.226e11	0
1408000000	0.0000e0	7.9883e2	5.3275e4	7.6474e4	285.95	0.071	0.080	1.5738e12	9	16	4	1.985e13	3.044e12	3.044e12	1.502e11	0
1409000000	0.0000e0	7.5481e2	6.4634e4	7.6406e4	285.26	0.071	0.081	1.8035e12	8	16	4	1.582e13	3.673e12	3.673e12	1.896e11	0
1410000000	0.0000e0	9.3881e2	4.9781e4	7.6691e4	285.95	0.072	0.081	1.8246e12	14	16	4	1.499e13	3.199e12	3.199e12	1.619e11	0
1411000000	0.0000e0	9.6733e2	5.6939e4	7.6736e4	286.57	0.072	0.082	1.8482e12	13	16	4	1.681e13	2.899e12	2.899e12	1.798e11	0
1412000000	0.0000e0	7.6158e2	6.5517e4	7.6417e4	285.50	0.072	0.083	1.9219e12	9	16	4	1.668e13	3.509e12	3.509e12	1.956e11	0
1413000000	0.0000e0	7.9290e2	6.0352e4	7.6465e4	285.92	0.073	0.083	1.7654e12	9	16	4	1.662e13	3.698e12	3.698e12	1.861e11	0
1414000000	0.0000e0	7.2854e2	3.7407e4	7.6364e4	284.68	0.073	0.086	1.8090e12	20	16	4	1.526e13	3.031e12	3.031e12	1.044e11	0
1415000000	0.0000e0	8.5618e2	5.1715e4	7.6563e4	286.07	0.073	0.087	1.8075e12	18	16	4	1.642e13	3.692e12	3.692e12	1.637e11	0
1416000000	0.0000e0	7.4031e2	4.5230e4	7.6383e4	285.21	0.075	0.087	1.8247e12	19	16	4	1.546e13	3.791e12	3.791e12	1.394e11	0
1417000000	3.8159e-7	7.8580e2	4.7413e4	7.6454e4	285.41	0.075	0.088	1.8618e12	27	16	4	1.712e13	4.023e12	4.023e12	1.927e11	0
1418000000	2.7304e-7	7.9281e2	4.4250e4	7.6464e4	285.55	0.076	0.087	1.9081e12	28	16	4	1.629e13	3.695e12	3.696e12	1.705e11	0
1419000000	2.7164e-7	7.0276e2	3.9440e4	7.6324e4	284.86	0.077	0.086	1.8872e12	30	16	4	1.642e13	3.416e12	3.416e12	1.477e11	0
1420000000	4.7969e-7	7.8335e2	3.4597e4	7.6449e4	284.87	0.078	0.086	1.8348e12	24	16	4	1.627e13	3.373e12	3.373e12	1.535e11	0
1421000000	5.2892e-7	9.4792e2	3.3017e4	7.6705e4	285.70	0.078	0.085	1.7934e12	27	16	4	1.641e13	3.398e12	3.398e12	1.500e11	0
1422000000	1.3095e-6	9.4126e2	2.8607e4	7.6694e4	285.58	0.079	0.086	1.8215e12	25	16	4	1.552e13	3.529e12	3.529e12	1.619e11	0
1423000000	2.5415e-6	8.5579e2	2.2491e4	7.6561e4	285.30	0.079	0.087	1.8211e12	25	16	4	1.621e13	3.727e12	3.727e12	1.600e11	0
1424000000	4.6310e-6	7.0026e2	1.6041e4	7.6320e4	284.08	0.079	0.087	1.8475e12	19	16	4	1.656e13	3.525e12	3.525e12	1.428e11	0
1425000000	7.9720e-6	7.7811e2	1.1994e4	7.6441e4	283.96	0.080	0.089	1.8110e12	17	16	4	1.188e13	3.661e12	3.664e12	1.390e11	0
1426000000	5.3889e-6	8.8001e2	1.2144e4	7.6599e4	284.68	0.081	0.089	1.7165e12	19	16	4	1.426e13	3.262e12	3.262e12	1.275e11	0
1427000000	2.4667e-6	7.1968e2	1.2166e4	7.6349e4	284.02	0.081	0.091	1.6701e12	22	16	4	1.334e13	3.202e12	3.202e12	8.889e10	0
1428000000	6.0388e-6	6.4630e2	9.8088e3	7.6236e4	283.38	0.082	0.090	1.6164e12	23	16	4	1.374e13	3.262e12	3.262e12	1.041e11	0
1429000000	1.3666e-5	7.1850e2	7.9323e3	7.6348e4	283.08	0.084	0.090	1.5691e12	26	16	4	1.227e13	3.849e12	3.849e12	1.113e11	0
1430000000	0.0000e0	1.0267e3	3.7111e4	7.6827e4	285.49	0.084	0.093	1.4558e12	22	16	4	1.420e13	3.090e12	3.090e12	1.169e11	0
1431000000	1.2936e-6	1.1814e3	1.7614e4	7.7065e4	286.07	0.085	0.094	1.5191e12	16	16	4	1.285e13	2.402e12	2.402e12	9.776e10	0
1432000000	1.6743e-6	9.4318e2	1.9484e4	7.6697e4	285.16	0.086	0.095	1.5308e12	18	16	4	1.342e13	3.974e12	3.974e12	1.154e11	0
1433000000	3.6419e-6	8.4875e2	1.2795e4	7.6550e4	284.33	0.087	0.094	1.5068e12	14	16	4	1.269e13	3.502e12	3.502e12	1.071e11	0
1434000000	6.5048e-6	8.7775e2	1.3217e4	7.6595e4	284.17	0.088	0.095	1.5439e12	16	16	4	1.521e13	4.661e12	4.664e12	1.280e11	0
1435000000	0.0000e0	8.2796e2	8.8696e4	7.6521e4	285.84	0.088	0.097	2.0539e12	20	16	4	3.750e13	3.675e12	3.675e12	2.407e11	0
1436000000	2.4326e-6	7.8286e2	4.6441e4	7.6449e4	285.26	0.089	0.098	3.2388e12	18	16	4	3.480e13	6.426e12	6.425e12	3.243e11	0
1437000000	0.0000e0	6.0384e2	9.7944e4	7.6173e4	285.39	0.090	0.098	3.8162e12	18	16	4	3.683e13	4.291e12	4.291e12	3.578e11	0
1438000000	0.0000e0	4.2249e2	7.1977e4	7.5889e4	283.62	0.090	0.097	3.8489e12	15	16	4	4.288e13	3.828e12	3.828e12	3.306e11	0
1439000000	0.0000e0	3.1918e2	8.2569e4	7.5728e4	282.91	0.091	0.098	4.0766e12	17	16	4	4.801e13	2.995e12	2.995e12	3.685e11	0
1440000000	0.0000e0	3.0346e2	9.5080e4	7.5704e4	282.51	0.091	0.097	4.3360e12	15	16	4	4.729e13	3.850e12	3.850e12	4.474e11	0
1441000000	0.0000e0	4.2986e2	8.8828e4	7.5901e4	283.07	0.093	0.099	4.4999e12	13	16	4	4.930e13	5.447e12	5.447e12	4.582e11	0
1442000000	0.0000e0	5.3116e2	6.6254e4	7.6058e4	284.62	0.094	0.099	4.5836e12	13	16	4	4.962e13	5.531e12	5.531e12	3.672e11	0
1443000000	1.6544e-7	4.5110e2	5.7418e4	7.5933e4	283.01	0.095	0.099	4.4769e12	15	16	4	4.945e13	6.759e12	6.759e12	3.442e11	0
1444000000	1.6807e-6	6.1241e2	3.9410e4	7.6184e4	283.92	0.096	0.100	4.4371e12	20	16	4	4.649e13	7.571e12	7.571e12	3.474e11	0
1445000000	6.9335e-6	6.8653e2	2.5511e4	7.6299e4	284.05	0.097	0.100	4.3680e12	21	16	4	4.804e13	7.988e12	7.987e12	3.402e11	0
1446000000	1.7494e-5	6.5339e2	1.5652e4	7.6248e4	283.55	0.099	0.100	4.3326e12	21	16	4	4.510e13	7.194e12	7.194e12	2.913e11	0
1447000000	4.5781e-5	6.7094e2	1.0183e4	7.6277e4	282.55	0.099	0.101	4.2542e12	17	16	4	4.667e13	7.230e12	7.224e12	2.813e11	0
1448000000	9.4455e-5	9.6302e2	8.8624e3	7.6735e4	283.84	0.099	0.104	4.2857e12	15	16	4	4.341e13	8.010e12	8.037e12	3.385e11	0
1449000000	2.7876e-5	1.0044e3	1.4121e4	7.6794e4	284.67	0.101	0.105	4.1484e12	18	17	4	4.398e13	6.715e12	6.714e12	3.134e11	0
1450000000	6.2970e-5	9.3077e2	1.0167e4	7.6682e4	283.99	0.103	0.105	4.1184e12	21	16	4	4.172e13	6.984e12	6.978e12	3.190e11	0
1451000000	6.4700e-5	9.1451e2	9.5507e3	7.6657e4	283.78	0.104	0.105	4.0371e12	19	16	4	3.952e13	6.802e12	6.814e12	2.972e11	0
1452000000	6.0752e-5	8.4086e2	9.8663e3	7.6543e4	283.63	0.105	0.105	3.9346e12	20	16	4	4.115e13	6.570e12	6.564e12	3.159e11	0
1453000000	2.7410e-5	7.1965e2	1.2660e4	7.6352e4	283.24	0.106	0.104	3.8767e12	20	16	4	3.620e13	5.866e12	5.900e12	2.649e11	0
1454000000	1.8664e-5	5.5101e2	1.2764e4	7.6088e4	282.32	0.107	0.104	3.7402e12	22	17	4	3.728e13	5.140e12	5.137e12	2.462e11	0
1455000000	8.0393e-5	6.6946e2	8.2824e3	7.6278e4	282.22	0.109	0.104	3.7486e12	23	17	4	3.809e13	6.728e12	6.723e12	2.928e11	0
1456000000	7.8502e-5	8.2023e2	9.3798e3	7.6512e4	283.28	0.110	0.104	3.7721e12	23	17	4	3.542e13	7.070e12	7.089e12	3.178e11	0
1457000000	5.1031e-5	7.8687e2	1.1119e4	7.6458e4	282.93	0.110	0.109	3.7764e12	22	17	4	3.569e13	6.720e12	6.723e12	3.117e11	0
1458000000	4.6285e-5	9.4601e2	1.1857e4	7.6705e4	283.95	0.111	0.111	3.7426e12	25	17	4	3.525e13	6.825e12	6.820e12	3.245e11	0
1459000000	5.2945e-5	8.8849e2	1.0152e4	7.6616e4	283.78	0.111	0.111	3.7096e12	31	17	4	3.398e13	6.441e12	6.441e12	2.944e11	0
1460000000	6.1284e-5	7.2831e2	9.2945e3	7.6368e4	282.84	0.113	0.111	3.6416e12	26	17	4	3.258e13	6.417e12	6.417e12	2.835e11	0
1461000000	2.3887e-5	7.1862e2	1.1486e4	7.6350e4	282.75	0.113	0.113	3.5606e12	22	19	4	3.165e13	5.521e12	5.526e12	2.309e11	0
1462000000	1.9387e-5	7.1720e2	1.1580e4	7.6347e4	283.04	0.114	0.113	3.4365e12	26	17	4	3.063e13	5.135e12	5.140e12	2.214e11	0
1463000000	4.4869e-5	5.9762e2	8.9582e3	7.6163e4	282.18	0.115	0.114	3.3416e12	26	17	4	3.048e13	5.844e12	5.837e12	2.434e11	0
1464000000	5.5765e-5	6.0968e2	8.0340e3	7.6183e4	281.84	0.117	0.115	3.2676e12	24	17	4	2.864e13	6.422e12	6.422e12	2.347e11	0
1465000000	3.0855e-5	7.5179e2	1.1493e4	7.6402e4	282.18	0.119	0.117	3.1343e12	32	18	4	2.849e13	6.372e12	6.396e12	2.484e11	0
1466000000	1.4098e-5	8.9236e2	1.2863e4	7.6619e4	283.74	0.120	0.118	3.0424e12	25	17	4	2.621e13	4.781e12	4.781e12	2.281e11	0
1467000000	2.9399e-5	7.9852e2	9.8801e3	7.6474e4	282.66	0.120	0.119	2.9771e12	27	17	4	2.573e13	4.952e12	4.953e12	2.210e11	0
1468000000	4.3091e-5	9.3166e2	9.3036e3	7.6682e4	283.48	0.121	0.121	3.0266e12	26	18	4	2.720e13	5.722e12	5.724e12	2.494e11	0
1469000000	5.0793e-5	7.9840e2	9.2442e3	7.6476e4	282.86	0.123	0.123	3.0669e12	30	18	4	2.722e13	6.316e12	6.311e12	2.621e11	0
1470000000	1.7648e-5	8.3978e2	1.2331e4	7.6537e4	282.68	0.125	0.125	3.0131e12	24	18	4	2.488e13	5.277e12	5.284e12	2.176e11	0
1471000000	1.5413e-6	9.4579e2	2.1651e4	7.6701e4	283.84	0.125	0.122	2.8758e12	26	18	4	2.414e13	4.461e12	4.464e12	1.642e11	0
1472000000	6.6648e-6	6.9148e2	1.4071e4	7.6306e4	282.57	0.126	0.122	2.8604e12	27	18	4	2.443e13	4.480e12	4.479e12	1.785e11	0
1473000000	2.6004e-5	7.1903e2	1.0491e4	7.6350e4	282.51	0.128	0.122	2.8571e12	21	19	4	2.462e13	6.505e12	6.501e12	2.131e11	0
1474000000	6.3571e-5	6.6476e2	8.4397e3	7.6269e4	281.94	0.129	0.122	3.0163e12	26	19	4	3.102e13	7.112e12	7.102e12	2.412e11	0
1475000000	2.4969e-5	6.7465e2	2.2174e4	7.6282e4	282.28	0.132	0.125	3.5790e12	17	17	4	4.652e13	9.972e12	9.977e12	3.959e11	0
1476000000	8.2504e-6	6.6557e2	3.1426e4	7.6267e4	282.90	0.132	0.125	4.1015e12	13	17	4	4.660e13	9.036e12	9.052e12	3.731e11	0
1477000000	7.9984e-6	3.8800e2	3.3066e4	7.5834e4	281.32	0.134	0.124	4.4336e12	11	16	4	4.821e13	8.845e12	8.844e12	4.299e11	0
1478000000	1.3982e-5	4.5682e2	2.8086e4	7.5942e4	281.00	0.135	0.124	4.5382e12	13	17	4	4.069e13	9.441e12	9.442e12	4.814e11	0
1479000000	0.0000e0	5.9258e2	5.9341e4	7.6154e4	283.08	0.137	0.127	4.5227e12	14	17	4	3.895e13	4.702e12	4.702e12	3.474e11	0
1480000000	0.0000e0	4.6880e2	7.6690e4	7.5961e4	282.62	0.138	0.128	4.6516e12	16	16	4	4.486e13	4.893e12	4.893e12	4.677e11	0
1481000000	0.0000e0	3.1452e2	8.3658e4	7.5721e4	281.98	0.139	0.127	4.7176e12	20	16	4	5.176e13	6.196e12	6.196e12	5.179e11	0
1482000000	1.7590e-7	2.9590e2	7.8906e4	7.5691e4	279.64	0.150	0.128	4.8377e12	17	16	4	5.413e13	6.813e12	6.813e12	5.180e11	0
1483000000	3.4830e-7	4.6708e2	7.9723e4	7.5959e4	281.94	0.151	0.128	5.0044e12	13	16	4	5.827e13	7.373e12	7.374e12	5.506e11	0
1484000000	0.0000e0	5.4508e2	8.2535e4	7.6081e4	281.94	0.153	0.128	5.0409e12	14	16	4	5.828e13	6.407e12	6.407e12	5.385e11	0
1485000000	0.0000e0	7.0358e2	3.9689e4	7.6325e4	283.15	0.152	0.131	5.0870e12	24	17	4	5.815e13	2.992e12	2.992e12	2.615e11	0
1486000000	0.0000e0	6.3728e2	6.2744e4	7.6223e4	283.11	0.153	0.131	5.0328e12	31	17	4	5.406e13	6.563e12	6.563e12	4.033e11	0
1487000000	0.0000e0	4.5945e2	5.5534e4	7.5946e4	281.93	0.153	0.130	4.8441e12	32	17	4	5.251e13	6.752e12	6.752e12	3.945e11	0
1488000000	4.5380e-7	4.2956e2	4.5097e4	7.5899e4	280.70	0.155	0.132	4.7651e12	38	17	4	5.401e13	7.209e12	7.209e12	3.776e11	0
1489000000	8.7992e-7	6.3012e2	3.9097e4	7.6211e4	281.85	0.156	0.134	4.6719e12	35	16	4	4.955e13	8.417e12	8.417e12	3.662e11	0
1490000000	9.9173e-7	8.2496e2	3.5139e4	7.6514e4	282.88	0.156	0.135	4.5116e12	34	17	4	4.927e13	7.864e12	7.864e12	3.309e11	0
1491000000	0.0000e0	7.6071e2	5.3128e4	7.6415e4	283.05	0.157	0.136	4.3586e12	31	16	4	4.765e13	8.165e12	8.167e12	3.108e11	0
1492000000	1.6279e-7	4.7666e2	3.6277e4	7.5972e4	281.01	0.159	0.139	4.2340e12	34	16	4	4.501e13	7.175e12	7.175e12	2.962e11	0
1493000000	2.9105e-6	6.2576e2	2.5227e4	7.6204e4	281.29	0.160	0.140	4.1572e12	35	16	4	4.605e13	8.523e12	8.522e12	2.981e11	0
1494000000	3.4719e-6	7.2623e2	2.6154e4	7.6360e4	282.20	0.161	0.142	4.0222e12	38	18	4	4.428e13	8.299e12	8.302e12	2.920e11	0
1495000000	1.0280e-5	4.9984e2	1.8367e4	7.6008e4	280.83	0.162	0.144	4.0527e12	39	16	4	4.041e13	8.892e12	8.892e12	3.102e11	0
1496000000	1.6389e-5	5.1309e2	1.3909e4	7.6029e4	279.83	0.164	0.143	3.9408e12	40	18	4	3.821e13	8.412e12	8.413e12	2.771e11	0
1497000000	2.6013e-5	6.7992e2	1.1462e4	7.6290e4	281.12	0.165	0.144	3.8697e12	42	18	4	3.770e13	7.776e12	7.776e12	2.638e11	0
1498000000	9.5150e-6	6.3050e2	1.9581e4	7.6212e4	281.02	0.167	0.145	3.8165e12	42	17	4	4.065e13	7.472e12	7.473e12	2.868e11	0
1499000000	1.2028e-5	6.0027e2	1.5858e4	7.6165e4	280.89	0.170	0.146	3.7744e12	43	17	4	3.814e13	7.538e12	7.538e12	2.880e11	0
1500000000	1.3703e-5	5.9260e2	1.4701e4	7.6153e4	280.22	0.172	0.145	3.6004e12	41	16	4	3.583e13	7.810e12	7.807e12	2.618e11	0
