annees	O2_fraction	CO2_Pa	CH4_ppb	pression_Pa	temperature_K	glace	ocean	biomasse_molC	lignees	guildes	etape_photosynthese	O2_production	O2_liberation	O2_puits	enfouissement_C	accelerateur
0	0.0000e0	9.9980e3	0.0000e0	9.0001e4	284.66	0.043	0.730	-0.0000e0	0	0	0	0.000e0	0.000e0	0.000e0	0.000e0	0
1000000	0.0000e0	1.2646e4	8.8487e1	9.3676e4	286.12	0.044	0.727	1.2056e6	58	9	3	0.000e0	0.000e0	0.000e0	1.289e6	0
2000000	0.0000e0	1.0396e4	5.4162e2	9.0557e4	285.26	0.044	0.728	3.0779e6	200	29	3	0.000e0	0.000e0	0.000e0	3.135e6	0
3000000	0.0000e0	9.1042e3	2.6295e4	8.8740e4	285.75	0.043	0.726	1.2130e8	372	50	3	0.000e0	0.000e0	0.000e0	7.348e7	0
4000000	0.0000e0	8.1088e3	4.4965e5	8.7348e4	288.50	0.040	0.723	1.3083e9	392	59	3	0.000e0	0.000e0	0.000e0	2.797e9	0
5000000	0.0000e0	7.4081e3	2.6973e5	8.6335e4	288.24	0.040	0.721	6.7535e8	414	68	3	0.000e0	0.000e0	0.000e0	2.547e9	0
6000000	0.0000e0	6.9334e3	1.0218e5	8.5643e4	286.84	0.041	0.720	4.1453e8	390	74	3	0.000e0	0.000e0	0.000e0	7.951e8	0
7000000	0.0000e0	7.0767e3	7.0080e4	8.5848e4	286.62	0.041	0.716	3.6975e8	619	78	3	0.000e0	0.000e0	0.000e0	8.477e8	0
8000000	0.0000e0	7.4385e3	6.0341e4	8.6368e4	286.19	0.041	0.715	7.7188e8	811	86	3	0.000e0	0.000e0	0.000e0	7.159e8	0
9000000	0.0000e0	9.3220e3	4.8950e4	8.9049e4	287.45	0.039	0.714	9.0561e10	826	89	3	0.000e0	0.000e0	0.000e0	2.191e10	0
10000000	0.0000e0	7.9728e3	8.0193e5	8.7172e4	288.83	0.038	0.713	3.5116e12	836	88	3	0.000e0	0.000e0	0.000e0	5.488e11	0
11000000	0.0000e0	5.6901e3	6.0009e6	8.4133e4	289.82	0.037	0.710	1.9661e13	604	95	3	0.000e0	0.000e0	0.000e0	2.644e12	0
12000000	0.0000e0	2.5499e3	1.6965e7	7.9954e4	286.13	0.041	0.708	4.5714e13	745	107	3	0.000e0	0.000e0	0.000e0	6.578e12	0
13000000	0.0000e0	4.8416e2	3.2041e7	7.7425e4	279.75	0.060	0.702	6.8990e13	855	115	3	0.000e0	0.000e0	0.000e0	1.120e13	0
14000000	0.0000e0	2.6823e3	2.7562e7	8.0670e4	265.11	0.584	0.700	4.4231e13	841	117	3	0.000e0	0.000e0	0.000e0	1.277e13	0
15000000	0.0000e0	1.4234e3	3.0521e7	7.8846e4	261.91	0.590	0.695	4.4781e13	735	114	3	0.000e0	0.000e0	0.000e0	1.864e13	0
16000000	0.0000e0	1.4669e3	2.4894e7	7.8648e4	260.18	0.597	0.692	4.1326e13	504	99	3	0.000e0	0.000e0	0.000e0	1.492e13	0
17000000	0.0000e0	6.0393e3	1.5706e7	8.5143e4	266.89	0.600	0.690	3.7951e13	560	103	3	0.000e0	0.000e0	0.000e0	6.326e12	0
18000000	0.0000e0	9.5352e3	1.4521e7	9.0147e4	269.24	0.592	0.684	3.4090e13	593	104	3	0.000e0	0.000e0	0.000e0	5.216e12	0
19000000	0.0000e0	1.6439e4	9.0362e6	9.9380e4	282.69	0.307	0.682	2.3750e13	965	114	4	0.000e0	0.000e0	0.000e0	1.346e12	0
20000000	0.0000e0	1.9488e4	2.9985e6	1.0305e5	295.75	0.036	0.678	1.8833e13	856	103	3	1.962e1	0.000e0	3.218e-8	1.201e12	0
21000000	0.0000e0	7.3155e3	1.7801e7	8.7126e4	292.51	0.036	0.677	4.7257e13	746	93	3	2.525e0	0.000e0	2.008e-8	6.358e12	0
22000000	0.0000e0	9.6412e2	4.3023e7	7.8714e4	282.74	0.037	0.674	7.1280e13	728	95	4	6.267e-1	0.000e0	8.718e-9	1.001e13	0
23000000	0.0000e0	2.2512e3	4.2295e7	8.0725e4	283.98	0.041	0.668	6.1260e13	864	93	3	0.000e0	0.000e0	6.599e-9	6.977e12	0
24000000	0.0000e0	4.5780e3	1.0207e7	8.2696e4	287.77	0.040	0.665	3.7020e13	1032	95	3	0.000e0	0.000e0	3.949e-9	1.793e12	0
25000000	0.0000e0	5.3826e3	2.2039e5	8.3392e4	286.24	0.040	0.661	1.7329e13	991	98	4	1.116e0	2.677e12	2.677e12	8.191e10	0
26000000	0.0000e0	5.0987e3	4.0257e5	8.2984e4	286.78	0.039	0.656	8.0583e12	1082	102	4	3.500e0	0.000e0	0.000e0	4.910e10	0
27000000	0.0000e0	5.0923e3	4.3730e4	8.2957e4	284.41	0.040	0.653	3.7848e12	1077	96	4	2.946e0	0.000e0	0.000e0	1.214e10	0
28000000	0.0000e0	6.0951e3	5.7552e4	8.4425e4	285.26	0.040	0.649	1.7128e12	1168	93	3	0.000e0	0.000e0	0.000e0	6.995e9	0
29000000	0.0000e0	6.6122e3	4.2017e4	8.5175e4	285.96	0.040	0.649	7.8236e11	1170	97	3	1.948e0	0.000e0	0.000e0	5.816e9	0
30000000	0.0000e0	5.5833e3	8.0206e4	8.3679e4	285.47	0.040	0.646	5.8974e11	1245	95	3	0.000e0	0.000e0	0.000e0	3.709e10	0
31000000	0.0000e0	5.3947e3	5.4126e4	8.3402e4	285.65	0.039	0.644	4.0537e11	1273	99	4	2.017e1	0.000e0	0.000e0	1.695e10	0
32000000	0.0000e0	5.1606e3	1.8057e4	8.3057e4	283.47	0.038	0.643	1.8996e11	1239	99	3	0.000e0	0.000e0	0.000e0	5.795e9	0
33000000	0.0000e0	6.4596e3	1.8711e5	8.4962e4	287.12	0.040	0.642	3.2006e11	1189	105	4	3.482e-3	0.000e0	0.000e0	1.084e11	0
34000000	0.0000e0	4.9744e3	3.2656e5	8.2797e4	286.88	0.040	0.637	5.3842e11	1366	104	4	6.995e1	0.000e0	0.000e0	1.388e11	0
35000000	0.0000e0	4.2595e3	1.2288e5	8.1730e4	284.89	0.039	0.639	3.7314e11	1610	114	4	1.076e2	0.000e0	0.000e0	6.177e10	0
36000000	0.0000e0	4.8193e3	7.5765e4	8.2556e4	285.17	0.040	0.638	2.0213e11	1506	112	4	6.240e1	0.000e0	0.000e0	1.441e10	0
37000000	0.0000e0	5.6271e3	3.5966e4	8.3741e4	284.43	0.045	0.638	9.8896e10	1343	106	4	1.487e-1	0.000e0	0.000e0	2.796e9	0
38000000	0.0000e0	6.5040e3	6.0607e4	8.5019e4	285.66	0.044	0.639	1.3779e11	1189	101	4	1.450e0	0.000e0	0.000e0	2.027e10	0
39000000	0.0000e0	6.7054e3	9.7796e4	8.5313e4	286.49	0.043	0.640	2.6598e11	984	99	4	3.731e1	0.000e0	0.000e0	3.551e10	0
40000000	0.0000e0	5.6821e3	1.5280e5	8.3828e4	286.31	0.042	0.636	5.3302e11	1325	94	4	9.282e1	0.000e0	0.000e0	6.600e10	0
41000000	0.0000e0	5.7220e3	4.4047e4	8.3880e4	285.67	0.042	0.633	2.5175e11	1042	88	4	5.065e2	1.370e11	1.370e11	2.756e9	0
42000000	0.0000e0	5.6034e3	1.1750e4	8.3705e4	283.91	0.045	0.630	1.1014e11	1330	92	4	1.195e3	4.212e11	4.212e11	2.145e9	0
43000000	0.0000e0	5.5903e3	1.5164e5	8.3693e4	285.27	0.047	0.629	2.8809e11	940	87	4	2.500e3	0.000e0	0.000e0	6.069e10	0
44000000	0.0000e0	4.9894e3	5.4215e5	8.2830e4	286.41	0.047	0.627	8.1549e11	913	86	4	3.788e3	0.000e0	1.280e-3	1.369e11	0
45000000	0.0000e0	4.5538e3	4.1851e5	8.2180e4	286.87	0.047	0.626	8.8142e11	1051	86	4	7.423e3	0.000e0	0.000e0	8.377e10	0
46000000	0.0000e0	4.4639e3	3.8767e5	8.2046e4	285.78	0.046	0.626	5.2871e11	1270	86	4	2.709e4	0.000e0	0.000e0	5.583e10	0
47000000	0.0000e0	5.2601e3	1.2562e5	8.3208e4	286.20	0.046	0.624	2.5890e11	1192	91	4	1.426e5	0.000e0	1.280e-3	2.176e10	0
48000000	0.0000e0	5.1629e3	8.3619e4	8.3063e4	285.00	0.046	0.621	2.0344e11	1105	90	4	6.252e6	0.000e0	2.304e-2	1.933e10	0
49000000	0.0000e0	5.5170e3	1.4545e5	8.3586e4	285.92	0.047	0.619	2.0325e11	1031	87	4	1.612e9	0.000e0	4.216e0	3.416e10	0
50000000	0.0000e0	5.0591e3	1.5915e5	8.2914e4	285.64	0.047	0.616	1.9448e11	1169	98	4	3.097e12	8.652e10	8.652e10	2.219e10	0
51000000	4.5373e-7	5.6005e3	8.3450e4	8.3705e4	285.23	0.048	0.613	1.1616e12	1416	102	4	7.460e13	5.427e12	5.427e12	2.606e11	0
52000000	4.3661e-6	5.1375e3	1.0948e5	8.3027e4	285.11	0.048	0.614	3.5200e12	1921	119	4	1.914e14	1.784e13	1.786e13	9.351e11	0
53000000	7.5245e-5	4.3615e3	3.6600e4	8.1884e4	283.89	0.055	0.611	6.6019e12	1567	123	4	3.070e14	2.457e13	2.454e13	1.242e12	0
54000000	3.3437e-4	4.5344e3	1.2350e4	8.2162e4	283.44	0.059	0.607	1.3784e13	771	102	4	6.070e14	2.840e13	2.828e13	1.915e12	0
55000000	3.8543e-4	4.4079e3	1.9087e4	8.1980e4	281.96	0.082	0.609	2.2347e13	662	98	4	7.339e14	5.124e13	5.129e13	4.033e12	0
56000000	9.7634e-4	4.3931e3	2.6712e4	8.2012e4	282.51	0.085	0.603	3.2223e13	668	107	4	9.872e14	1.173e14	1.174e14	4.528e12	0
57000000	8.7641e-4	4.1819e3	3.8972e4	8.1689e4	282.63	0.086	0.600	4.6343e13	698	107	4	1.274e15	1.520e14	1.523e14	5.719e12	0
58000000	1.0384e-3	3.6680e3	4.0164e4	8.0937e4	281.73	0.087	0.600	5.8863e13	615	104	4	1.423e15	1.798e14	1.801e14	6.554e12	0
59000000	1.4776e-3	3.7110e3	2.9259e4	8.1040e4	282.08	0.088	0.601	7.2544e13	609	114	4	1.624e15	2.002e14	2.004e14	6.786e12	0
60000000	1.1510e-3	2.7968e3	4.2606e4	7.9636e4	280.63	0.090	0.599	8.5727e13	648	114	4	1.891e15	2.118e14	2.125e14	7.249e12	0
61000000	1.3967e-3	2.7322e3	3.5771e4	7.9560e4	279.98	0.092	0.597	9.5748e13	692	117	4	1.754e15	1.920e14	1.929e14	6.268e12	0
62000000	1.0579e-3	3.2790e3	5.0737e4	8.0356e4	280.37	0.093	0.598	1.0035e14	727	116	4	1.751e15	2.233e14	2.248e14	7.353e12	0
63000000	2.3032e-3	3.5515e3	2.1357e4	8.0875e4	281.02	0.094	0.595	1.0371e14	670	117	4	1.792e15	2.328e14	2.328e14	7.099e12	0
64000000	9.1882e-4	3.5815e3	6.0646e4	8.0798e4	280.72	0.095	0.595	1.0715e14	705	122	4	1.809e15	2.327e14	2.353e14	7.386e12	0
65000000	2.5797e-3	3.6186e3	1.9998e4	8.1000e4	280.89	0.097	0.592	1.0923e14	682	112	4	1.840e15	2.444e14	2.451e14	6.975e12	0
66000000	4.3507e-3	3.6110e3	1.2047e4	8.1148e4	280.42	0.099	0.593	1.1333e14	752	120	4	1.918e15	2.764e14	2.779e14	7.020e12	0
67000000	4.3964e-3	3.6000e3	1.1816e4	8.1136e4	279.59	0.100	0.591	1.1519e14	768	121	4	1.933e15	2.754e14	2.783e14	6.843e12	0
68000000	7.2852e-3	2.9361e3	7.0110e3	8.0394e4	279.19	0.102	0.588	1.1708e14	828	125	4	2.044e15	3.205e14	3.222e14	7.588e12	0
69000000	1.4324e-2	2.5458e3	3.2166e3	8.0436e4	278.71	0.105	0.583	1.2133e14	875	117	4	2.217e15	4.019e14	4.029e14	8.957e12	0
70000000	9.8244e-3	2.8862e3	5.9638e3	8.0548e4	277.38	0.146	0.585	1.1863e14	957	126	4	2.108e15	4.481e14	4.558e14	1.026e13	0
71000000	9.2800e-3	3.7006e3	6.7184e3	8.1729e4	278.89	0.147	0.586	1.1911e14	924	130	4	2.345e15	4.392e14	4.434e14	1.009e13	0
72000000	1.1090e-2	4.1804e3	4.7408e3	8.2615e4	279.17	0.148	0.585	1.2173e14	914	130	4	2.266e15	3.992e14	4.036e14	9.029e12	0
73000000	1.0193e-2	3.7336e3	5.0327e3	8.1862e4	278.55	0.150	0.586	1.2144e14	944	126	4	2.233e15	3.803e14	3.876e14	8.643e12	0
74000000	7.6577e-3	3.3937e3	7.5813e3	8.1120e4	278.49	0.151	0.587	1.1901e14	1052	131	4	2.181e15	3.796e14	3.849e14	8.843e12	0
75000000	8.3114e-3	3.6971e3	6.4526e3	8.1636e4	278.16	0.152	0.584	1.1748e14	997	136	4	2.143e15	3.607e14	3.637e14	8.402e12	0
76000000	2.7936e-3	4.2488e3	2.4763e4	8.1961e4	279.22	0.152	0.585	1.1688e14	1105	134	4	2.087e15	3.200e14	3.281e14	7.998e12	0
77000000	6.2511e-3	5.0017e3	6.3579e3	8.3393e4	280.66	0.147	0.586	1.1117e14	969	130	4	1.944e15	2.574e14	2.585e14	6.284e12	0
78000000	5.2812e-3	4.1517e3	7.4780e3	8.2041e4	279.21	0.149	0.584	1.0645e14	919	135	4	1.742e15	2.321e14	2.342e14	5.738e12	0
79000000	4.3907e-3	3.8164e3	8.7630e3	8.1459e4	279.41	0.152	0.582	9.6917e13	874	136	4	1.605e15	2.132e14	2.149e14	5.449e12	0
80000000	2.0551e-3	4.4258e3	1.9868e4	8.2157e4	279.18	0.153	0.580	8.8755e13	887	135	4	1.476e15	1.830e14	1.852e14	5.177e12	0
81000000	1.3246e-3	5.5963e3	2.9925e4	8.3817e4	280.84	0.154	0.577	8.1035e13	851	128	4	1.355e15	1.734e14	1.745e14	5.594e12	0
82000000	1.2213e-3	6.0536e3	2.3845e4	8.4475e4	281.64	0.155	0.577	7.4317e13	793	130	4	1.178e15	1.335e14	1.338e14	4.741e12	0
83000000	9.7888e-4	5.7558e3	2.1811e4	8.4018e4	281.62	0.154	0.579	6.6509e13	814	128	4	1.041e15	1.000e14	1.002e14	3.793e12	0
84000000	7.2405e-4	4.9960e3	3.2460e4	8.2880e4	280.40	0.156	0.579	6.0158e13	680	118	4	9.759e14	1.047e14	1.051e14	4.154e12	0
85000000	4.0558e-4	5.5907e3	2.4471e4	8.3724e4	281.46	0.152	0.578	5.4172e13	570	115	4	8.925e14	5.604e13	5.595e13	2.988e12	0
86000000	2.0276e-4	6.6330e3	5.2138e4	8.5225e4	281.69	0.148	0.575	4.9399e13	489	113	4	7.975e14	6.191e13	6.230e13	3.184e12	0
87000000	8.1177e-4	7.1256e3	2.0452e4	8.5991e4	283.71	0.111	0.573	5.1155e13	440	111	4	1.068e15	8.312e13	8.284e13	3.649e12	0
88000000	6.1955e-4	5.6816e3	3.3062e4	8.3878e4	282.91	0.112	0.577	5.6598e13	488	112	4	1.256e15	9.698e13	9.710e13	4.154e12	0
89000000	1.1996e-3	4.6027e3	3.1476e4	8.2343e4	281.42	0.114	0.579	7.1229e13	499	118	4	1.708e15	1.669e14	1.674e14	5.763e12	0
90000000	7.7363e-4	4.2608e3	5.8189e4	8.1798e4	280.99	0.115	0.580	8.3954e13	577	129	4	1.896e15	1.949e14	1.955e14	7.432e12	0
91000000	1.5078e-3	4.9588e3	3.1316e4	8.2897e4	281.57	0.112	0.580	9.2459e13	591	127	4	1.906e15	2.173e14	2.172e14	7.490e12	0
92000000	1.4123e-3	5.0460e3	3.8850e4	8.3017e4	282.07	0.096	0.577	9.9447e13	502	109	4	2.091e15	2.474e14	2.484e14	7.995e12	0
93000000	3.1990e-3	3.9336e3	1.6151e4	8.1527e4	281.39	0.096	0.574	1.1011e14	509	118	4	2.371e15	2.785e14	2.786e14	7.832e12	0
94000000	3.2956e-3	2.6448e3	1.5619e4	7.9595e4	279.27	0.097	0.574	1.1634e14	567	112	4	2.285e15	2.577e14	2.593e14	6.899e12	0
95000000	1.9819e-3	2.2699e3	3.8211e4	7.8910e4	278.16	0.102	0.578	1.2342e14	600	117	4	2.604e15	3.243e14	3.287e14	8.730e12	0
96000000	2.1428e-3	2.9422e3	3.7086e4	7.9944e4	278.80	0.104	0.580	1.3053e14	598	122	4	2.653e15	3.493e14	3.538e14	9.330e12	0
97000000	4.5926e-3	3.8199e3	1.3722e4	8.1483e4	280.39	0.103	0.581	1.3501e14	692	120	4	2.694e15	3.588e14	3.622e14	8.905e12	0
98000000	4.6555e-3	3.5226e3	1.4292e4	8.1043e4	279.56	0.106	0.579	1.3799e14	756	127	4	2.747e15	3.642e14	3.685e14	8.943e12	0
99000000	1.2506e-2	3.7327e3	1.5927e3	8.2072e4	279.83	0.106	0.577	1.4137e14	834	122	4	2.795e15	2.920e14	2.911e14	6.599e12	0
100000000	1.0830e-2	3.6587e3	4.7817e3	8.1808e4	278.68	0.108	0.577	1.4407e14	793	136	4	2.779e15	3.844e14	3.919e14	8.707e12	0
101000000	1.2426e-2	3.9980e3	3.7098e3	8.2464e4	280.20	0.109	0.578	1.4611e14	808	127	4	2.846e15	3.896e14	3.919e14	8.779e12	0
102000000	1.1315e-2	3.7266e3	4.5767e3	8.1954e4	278.81	0.111	0.575	1.4748e14	914	129	4	2.815e15	3.957e14	3.999e14	8.958e12	0
103000000	1.0214e-2	4.3421e3	5.2018e3	8.2776e4	279.75	0.111	0.577	1.4994e14	930	122	4	2.936e15	3.859e14	3.934e14	8.772e12	0
104000000	1.3919e-2	4.6588e3	3.4696e3	8.3592e4	280.38	0.110	0.577	1.5320e14	968	133	4	2.991e15	4.311e14	4.311e14	9.664e12	0
105000000	1.0217e-2	4.6314e3	5.3115e3	8.3208e4	280.14	0.114	0.577	1.5491e14	1152	149	4	2.978e15	4.029e14	4.102e14	9.161e12	0
106000000	1.4392e-2	4.4965e3	3.0803e3	8.3393e4	280.90	0.109	0.573	1.5409e14	1156	148	4	3.019e15	4.045e14	4.049e14	9.031e12	0
107000000	1.6122e-2	4.0044e3	2.7625e3	8.2815e4	280.12	0.111	0.572	1.5643e14	1251	148	4	2.991e15	4.161e14	4.203e14	9.194e12	0
108000000	1.4421e-2	4.0160e3	3.1860e3	8.2675e4	279.44	0.130	0.570	1.5624e14	1380	160	4	2.966e15	4.024e14	4.060e14	8.957e12	0
109000000	1.3080e-2	4.2393e3	3.9156e3	8.2887e4	279.24	0.142	0.569	1.5434e14	1630	178	4	2.934e15	4.259e14	4.295e14	9.546e12	0
110000000	9.1615e-3	5.0490e3	5.5013e3	8.3731e4	280.75	0.149	0.569	1.5098e14	1712	185	4	2.876e15	3.691e14	3.733e14	8.513e12	0
111000000	1.0507e-2	4.6780e3	5.0760e3	8.3304e4	280.60	0.150	0.565	1.4994e14	1725	190	4	2.978e15	4.104e14	4.137e14	9.364e12	0
112000000	8.1439e-3	4.5422e3	7.4983e3	8.2885e4	279.82	0.167	0.567	1.5131e14	1804	206	4	2.975e15	4.077e14	4.169e14	9.382e12	0
113000000	1.4005e-2	4.8844e3	3.2911e3	8.3936e4	280.70	0.166	0.565	1.4768e14	1759	191	4	3.035e15	4.187e14	4.172e14	9.413e12	0
114000000	1.4537e-2	4.8392e3	3.4435e3	8.3918e4	279.93	0.168	0.567	1.5229e14	1896	203	4	2.987e15	4.365e14	4.426e14	9.702e12	0
115000000	5.3156e-3	5.0446e3	1.3552e4	8.3370e4	280.16	0.167	0.569	1.5287e14	1994	203	4	2.970e15	4.256e14	4.339e14	1.009e13	0
116000000	9.8523e-3	4.8465e3	5.0373e3	8.3494e4	280.73	0.169	0.570	1.4687e14	1870	201	4	3.043e15	3.945e14	3.956e14	9.139e12	0
117000000	1.1004e-2	4.0211e3	4.8487e3	8.2368e4	279.03	0.179	0.569	1.5173e14	2024	203	4	2.991e15	4.196e14	4.229e14	9.547e12	0
118000000	1.1694e-2	4.3201e3	4.6324e3	8.2880e4	278.94	0.183	0.570	1.5318e14	2156	203	4	2.981e15	4.348e14	4.376e14	9.848e12	0
119000000	1.1267e-2	4.8370e3	4.8983e3	8.3611e4	279.44	0.184	0.572	1.5327e14	2230	200	4	2.983e15	4.387e14	4.418e14	9.958e12	0
120000000	1.0613e-2	5.0342e3	5.3500e3	8.3843e4	279.92	0.184	0.574	1.5254e14	2162	202	4	2.969e15	4.260e14	4.325e14	9.658e12	0
121000000	6.6171e-3	5.7051e3	1.0085e4	8.4463e4	280.58	0.185	0.576	1.5158e14	2140	205	4	3.009e15	4.314e14	4.379e14	1.017e13	0
122000000	6.4576e-3	6.1648e3	9.7894e3	8.5121e4	281.15	0.183	0.573	1.4913e14	2178	200	4	3.064e15	4.167e14	4.208e14	9.946e12	0
123000000	8.7825e-3	5.6674e3	6.3013e3	8.4608e4	280.68	0.185	0.574	1.5107e14	2204	207	4	3.045e15	4.146e14	4.174e14	9.657e12	0
124000000	5.0086e-3	4.9022e3	1.4098e4	8.3132e4	279.87	0.185	0.572	1.5207e14	2140	207	4	2.998e15	4.021e14	4.118e14	9.544e12	0
125000000	8.8913e-3	4.4268e3	6.2210e3	8.2781e4	279.68	0.188	0.571	1.4987e14	2125	201	4	3.014e15	4.125e14	4.144e14	9.625e12	0
126000000	1.0849e-2	4.3454e3	4.9869e3	8.2840e4	278.43	0.190	0.569	1.5148e14	2267	211	4	2.927e15	4.157e14	4.184e14	9.478e12	0
127000000	1.3765e-2	5.1194e3	3.5072e3	8.4263e4	279.55	0.190	0.568	1.5178e14	2333	209	4	2.943e15	4.170e14	4.220e14	9.315e12	0
128000000	1.7097e-2	5.0114e3	2.4362e3	8.4414e4	279.40	0.191	0.567	1.5160e14	2438	202	4	2.924e15	4.118e14	4.154e14	9.078e12	0
129000000	1.4503e-2	4.8790e3	3.3430e3	8.3974e4	278.88	0.193	0.566	1.5176e14	2483	220	4	2.936e15	4.251e14	4.304e14	9.459e12	0
130000000	3.2758e-4	5.4920e3	2.4490e5	8.3584e4	279.52	0.194	0.567	1.5036e14	2527	206	4	2.916e15	4.180e14	4.302e14	1.200e13	0
131000000	7.2825e-3	6.1066e3	6.9813e3	8.5113e4	280.39	0.192	0.568	1.3968e14	2490	207	4	3.052e15	3.839e14	3.848e14	9.324e12	0
132000000	1.1123e-2	5.1625e3	3.8328e3	8.4081e4	279.48	0.194	0.565	1.4606e14	2571	213	4	2.957e15	3.830e14	3.863e14	8.794e12	0
133000000	1.6091e-2	4.9104e3	2.5394e3	8.4169e4	279.44	0.194	0.564	1.4944e14	2577	216	4	2.938e15	4.154e14	4.152e14	9.232e12	0
134000000	4.9621e-3	4.9431e3	1.5556e4	8.3188e4	278.71	0.196	0.562	1.5113e14	2784	212	4	2.932e15	4.223e14	4.367e14	9.928e12	0
135000000	5.8402e-3	6.2904e3	9.9342e3	8.5247e4	280.23	0.195	0.557	1.4538e14	2728	211	4	3.012e15	3.948e14	3.969e14	9.767e12	0
136000000	1.1515e-2	5.8345e3	3.8714e3	8.5109e4	280.58	0.195	0.557	1.4671e14	2753	211	4	3.011e15	4.028e14	4.024e14	9.280e12	0
137000000	1.0193e-2	5.5839e3	5.3016e3	8.4617e4	279.60	0.195	0.559	1.5055e14	2890	218	4	2.967e15	4.120e14	4.204e14	9.373e12	0
138000000	4.1475e-3	5.3972e3	1.7959e4	8.3783e4	280.15	0.195	0.558	1.4915e14	2808	212	4	3.027e15	4.083e14	4.150e14	9.984e12	0
139000000	1.8699e-3	5.3109e3	5.0281e4	8.3449e4	279.99	0.195	0.561	1.4989e14	2855	210	4	3.030e15	4.161e14	4.231e14	1.096e13	0
140000000	7.7076e-3	6.6038e3	6.1833e3	8.5878e4	280.57	0.194	0.564	1.4609e14	2909	213	4	3.031e15	3.862e14	3.856e14	9.461e12	0
141000000	1.3205e-2	5.9239e3	3.4688e3	8.5399e4	280.79	0.194	0.562	1.5115e14	2859	209	4	3.009e15	4.236e14	4.241e14	9.562e12	0
142000000	9.9410e-3	5.3588e3	5.7815e3	8.4261e4	279.60	0.194	0.559	1.5213e14	2952	206	4	2.951e15	4.266e14	4.343e14	9.712e12	0
143000000	1.1337e-2	5.2796e3	4.2396e3	8.4274e4	280.44	0.194	0.556	1.5033e14	2880	196	4	2.985e15	4.075e14	4.089e14	9.305e12	0
144000000	1.3031e-2	4.6704e3	3.7363e3	8.3526e4	279.46	0.195	0.555	1.5153e14	2833	197	4	2.943e15	4.234e14	4.261e14	9.522e12	0
145000000	8.0635e-3	5.0370e3	7.2396e3	8.3612e4	279.01	0.196	0.554	1.5053e14	2796	207	4	2.904e15	3.856e14	3.962e14	8.878e12	0
146000000	6.1411e-3	6.4020e3	1.0060e4	8.5438e4	280.66	0.197	0.550	1.4797e14	2760	210	4	2.929e15	3.952e14	3.991e14	9.492e12	0
147000000	6.5345e-3	6.3335e3	9.4776e3	8.5375e4	280.72	0.198	0.549	1.4812e14	2743	217	4	2.932e15	4.089e14	4.132e14	9.747e12	0
148000000	8.1149e-3	5.9388e3	6.5624e3	8.4945e4	280.66	0.197	0.551	1.4693e14	2772	207	4	2.919e15	3.924e14	3.951e14	9.224e12	0
149000000	6.1662e-3	5.2889e3	9.7366e3	8.3809e4	279.44	0.198	0.551	1.4638e14	2709	214	4	2.878e15	3.633e14	3.698e14	8.592e12	0
150000000	1.1162e-2	5.8455e3	4.1807e3	8.5092e4	280.34	0.198	0.551	1.4601e14	2760	222	4	2.900e15	3.940e14	3.945e14	9.038e12	0
151000000	1.1746e-2	4.9751e3	3.8900e3	8.3861e4	279.83	0.199	0.551	1.4772e14	2904	218	4	2.884e15	3.910e14	3.953e14	8.848e12	0
152000000	8.2338e-3	3.5540e3	6.0184e3	8.1413e4	278.29	0.200	0.553	1.4500e14	2724	215	4	2.795e15	3.567e14	3.597e14	8.336e12	0
153000000	6.3582e-3	2.7524e3	8.0168e3	8.0032e4	276.75	0.205	0.551	1.4218e14	2666	216	4	2.784e15	3.059e14	3.110e14	7.266e12	0
154000000	9.4656e-3	2.6073e3	5.0928e3	8.0091e4	276.85	0.206	0.550	1.4209e14	2588	217	4	2.809e15	3.531e14	3.568e14	8.131e12	0
155000000	3.2269e-3	2.5254e3	2.2366e4	7.9408e4	275.91	0.211	0.547	1.4272e14	2661	214	4	2.788e15	3.387e14	3.494e14	8.268e12	0
156000000	3.2292e-3	3.2351e3	2.5500e4	8.0483e4	277.31	0.212	0.547	1.4419e14	2647	210	4	2.928e15	4.054e14	4.122e14	1.017e13	0
157000000	5.6421e-3	5.0108e3	1.0797e4	8.3350e4	278.64	0.210	0.545	1.4109e14	2814	207	4	2.930e15	3.879e14	3.898e14	9.639e12	0
158000000	5.8945e-3	5.5342e3	1.0184e4	8.4145e4	279.75	0.209	0.543	1.4309e14	2696	211	4	2.950e15	3.891e14	3.921e14	9.469e12	0
159000000	8.1589e-3	5.1961e3	6.6100e3	8.3856e4	279.04	0.208	0.543	1.4421e14	2782	215	4	2.894e15	3.821e14	3.842e14	9.000e12	0
160000000	1.5567e-2	5.1803e3	2.6505e3	8.4522e4	279.69	0.207	0.542	1.4628e14	2792	220	4	2.907e15	3.900e14	3.910e14	8.654e12	0
161000000	1.8805e-4	5.0409e3	3.5142e5	8.2914e4	279.06	0.208	0.543	1.4759e14	2858	221	4	2.909e15	4.124e14	4.294e14	1.150e13	0
162000000	3.2458e-3	5.9858e3	2.1390e4	8.4563e4	280.19	0.204	0.540	1.3543e14	2879	227	4	2.987e15	3.703e14	3.744e14	9.610e12	0
163000000	6.2839e-3	5.5974e3	8.6280e3	8.4274e4	279.82	0.203	0.541	1.4020e14	2918	223	4	2.940e15	3.819e14	3.836e14	9.413e12	0
164000000	4.9895e-3	5.4449e3	1.2869e4	8.3930e4	279.63	0.205	0.541	1.4443e14	2844	228	4	2.915e15	3.799e14	3.864e14	9.195e12	0
165000000	6.0544e-3	5.1943e3	9.9169e3	8.3659e4	279.61	0.205	0.540	1.4293e14	2901	229	4	2.891e15	3.878e14	3.914e14	9.364e12	0
166000000	1.0048e-3	5.2687e3	8.2110e4	8.3310e4	278.60	0.206	0.539	1.4184e14	2989	226	4	2.674e15	3.463e14	3.540e14	9.547e12	0
167000000	3.1393e-3	6.4632e3	2.0684e4	8.5248e4	280.12	0.202	0.539	1.3670e14	2917	223	4	2.850e15	3.537e14	3.560e14	9.544e12	0
168000000	6.6538e-3	5.9701e3	7.4446e3	8.4855e4	280.05	0.202	0.538	1.3773e14	2827	224	4	2.722e15	3.524e14	3.524e14	8.712e12	0
169000000	3.6590e-3	5.5013e3	1.8798e4	8.3891e4	279.09	0.203	0.539	1.3935e14	2798	227	4	2.726e15	3.531e14	3.620e14	8.651e12	0
170000000	2.1561e-3	5.9872e3	3.5170e4	8.4465e4	279.66	0.204	0.540	1.3659e14	2659	219	4	2.737e15	3.578e14	3.628e14	9.547e12	0
171000000	3.0576e-3	5.8654e3	2.2964e4	8.4370e4	279.10	0.203	0.540	1.3477e14	2598	202	4	2.673e15	3.532e14	3.560e14	9.363e12	0
172000000	3.8516e-3	6.4354e3	1.6989e4	8.5274e4	279.55	0.205	0.539	1.3507e14	2702	204	4	2.674e15	3.593e14	3.620e14	9.225e12	0
173000000	1.8903e-3	6.0000e3	3.9945e4	8.4460e4	279.73	0.205	0.539	1.3450e14	2654	211	4	2.693e15	3.472e14	3.525e14	9.351e12	0
174000000	4.3014e-3	5.5904e3	1.3379e4	8.4081e4	279.15	0.206	0.538	1.3244e14	2613	204	4	2.619e15	3.297e14	3.319e14	8.417e12	0
175000000	3.1909e-3	5.3410e3	1.9705e4	8.3613e4	278.70	0.206	0.539	1.3164e14	2666	210	4	2.493e15	3.129e14	3.182e14	7.960e12	0
176000000	2.5607e-3	6.1941e3	2.3752e4	8.4804e4	278.39	0.207	0.536	1.2888e14	2707	207	4	2.398e15	2.897e14	2.945e14	7.593e12	0
177000000	5.0845e-3	6.8876e3	1.1137e4	8.6045e4	280.04	0.196	0.537	1.2681e14	2676	203	4	2.619e15	3.497e14	3.511e14	8.820e12	0
178000000	7.8334e-4	6.6757e3	1.0264e5	8.5343e4	280.01	0.196	0.538	1.2932e14	2561	208	4	2.564e15	3.490e14	3.565e14	9.960e12	0
179000000	6.5936e-3	6.7753e3	5.5824e3	8.6023e4	281.84	0.142	0.537	1.2345e14	2605	197	4	2.582e15	3.194e14	3.180e14	8.224e12	0
180000000	7.6511e-3	5.3963e3	6.2143e3	8.4104e4	280.57	0.143	0.535	1.2607e14	2524	202	4	2.528e15	3.442e14	3.452e14	8.233e12	0
181000000	7.2802e-3	4.7056e3	6.3004e3	8.3048e4	279.79	0.146	0.532	1.2621e14	2422	197	4	2.503e15	2.991e14	3.043e14	7.021e12	0
182000000	7.7051e-3	4.9259e3	5.4491e3	8.3414e4	279.81	0.147	0.533	1.2569e14	2470	184	4	2.541e15	2.792e14	2.813e14	6.590e12	0
183000000	6.9363e-3	5.5601e3	8.3403e3	8.4279e4	279.79	0.148	0.533	1.2855e14	2522	193	4	2.559e15	3.692e14	3.735e14	8.715e12	0
184000000	7.0078e-3	5.8963e3	6.9682e3	8.4780e4	280.99	0.149	0.533	1.2742e14	2369	198	4	2.553e15	3.377e14	3.406e14	8.055e12	0
185000000	5.4927e-3	5.2683e3	1.0409e4	8.3717e4	280.27	0.148	0.533	1.2668e14	2444	189	4	2.501e15	3.387e14	3.429e14	8.196e12	0
186000000	5.1755e-3	5.5488e3	1.0887e4	8.4100e4	280.83	0.149	0.530	1.2355e14	2426	188	4	2.498e15	3.399e14	3.424e14	8.412e12	0
187000000	9.1667e-3	5.2300e3	4.2021e3	8.3999e4	279.78	0.151	0.528	1.2243e14	2550	193	4	2.320e15	2.929e14	2.927e14	6.869e12	0
188000000	8.3889e-3	4.6220e3	5.9086e3	8.3026e4	279.31	0.151	0.526	1.2312e14	2554	195	4	2.405e15	3.414e14	3.467e14	7.912e12	0
189000000	5.6365e-4	4.9566e3	1.2789e5	8.2812e4	279.89	0.155	0.521	1.2004e14	2467	184	4	2.382e15	3.161e14	3.233e14	9.345e12	0
190000000	2.2783e-3	6.1728e3	2.7323e4	8.4747e4	281.39	0.153	0.521	1.0993e14	2491	177	4	2.377e15	3.056e14	3.082e14	8.597e12	0
191000000	3.9321e-3	6.5109e3	1.0906e4	8.5391e4	281.98	0.152	0.521	1.0681e14	2441	178	4	2.332e15	2.683e14	2.673e14	7.588e12	0
192000000	4.9365e-3	5.2999e3	9.6520e3	8.3712e4	281.26	0.157	0.519	1.1234e14	2423	178	4	2.282e15	2.883e14	2.904e14	7.241e12	0
193000000	5.3545e-3	4.8085e3	9.3059e3	8.3025e4	280.69	0.162	0.519	1.1308e14	2485	184	4	2.257e15	3.010e14	3.035e14	7.418e12	0
194000000	7.0840e-3	4.5216e3	6.0808e3	8.2757e4	280.01	0.164	0.516	1.1151e14	2474	175	4	2.181e15	2.924e14	2.933e14	7.048e12	0
195000000	2.8815e-3	4.5276e3	2.0248e4	8.2383e4	278.69	0.165	0.514	1.1048e14	2394	173	4	2.114e15	2.751e14	2.821e14	6.938e12	0
196000000	3.1267e-3	6.1575e3	1.6926e4	8.4802e4	280.77	0.163	0.511	1.0222e14	2386	170	4	2.141e15	2.820e14	2.830e14	7.803e12	0
197000000	7.3154e-4	5.8717e3	6.4221e4	8.4167e4	280.49	0.164	0.513	1.0299e14	2324	171	4	1.968e15	2.088e14	2.117e14	6.819e12	0
198000000	1.4001e-3	5.5058e3	3.5585e4	8.3692e4	279.72	0.161	0.514	1.0122e14	2318	176	4	1.929e15	2.181e14	2.199e14	6.753e12	0
199000000	2.8264e-3	6.0548e3	1.7944e4	8.4625e4	281.12	0.162	0.511	1.0087e14	2397	172	4	2.015e15	2.657e14	2.669e14	7.385e12	0
200000000	2.7313e-3	4.8379e3	1.8060e4	8.2829e4	279.92	0.164	0.513	9.8379e13	2330	169	4	1.910e15	2.434e14	2.439e14	6.992e12	0
201000000	2.5685e-3	4.9092e3	1.9231e4	8.2920e4	279.70	0.167	0.512	9.7169e13	2401	176	4	1.879e15	2.391e14	2.409e14	6.621e12	0
202000000	6.4527e-4	4.9507e3	6.6316e4	8.2808e4	279.17	0.168	0.513	9.4689e13	2433	190	4	1.738e15	1.848e14	1.878e14	6.041e12	0
203000000	2.2985e-3	5.9205e3	1.9101e4	8.4380e4	280.74	0.153	0.512	9.0599e13	2378	188	4	1.796e15	2.206e14	2.205e14	6.813e12	0
204000000	1.6374e-3	5.5685e3	3.1317e4	8.3805e4	280.74	0.155	0.513	9.1064e13	2364	188	4	1.779e15	2.323e14	2.342e14	6.944e12	0
205000000	1.4376e-3	5.0271e3	3.3659e4	8.2991e4	280.49	0.158	0.510	8.8935e13	2318	183	4	1.720e15	2.143e14	2.152e14	6.887e12	0
206000000	2.6289e-3	4.7259e3	1.5716e4	8.2654e4	280.34	0.159	0.508	8.7817e13	2355	190	4	1.699e15	2.092e14	2.091e14	6.189e12	0
207000000	1.7069e-3	4.4802e3	2.7142e4	8.2207e4	279.35	0.161	0.506	8.5898e13	2392	192	4	1.632e15	2.027e14	2.048e14	5.948e12	0
208000000	2.0853e-3	4.8169e3	2.0104e4	8.2739e4	280.16	0.162	0.506	8.3083e13	2293	184	4	1.588e15	1.960e14	1.965e14	5.963e12	0
209000000	9.5878e-4	4.9617e3	4.6088e4	8.2852e4	280.60	0.160	0.507	8.0338e13	2382	178	4	1.536e15	1.906e14	1.919e14	6.472e12	0
210000000	2.1575e-3	4.9633e3	1.4925e4	8.2962e4	281.21	0.160	0.504	7.5984e13	2257	186	4	1.517e15	1.714e14	1.705e14	5.817e12	0
211000000	8.6560e-4	5.0040e3	5.0274e4	8.2906e4	280.02	0.163	0.500	7.5992e13	2308	189	4	1.476e15	1.512e14	1.540e14	4.848e12	0
212000000	1.4598e-3	5.4812e3	2.5477e4	8.3660e4	280.87	0.162	0.501	7.3729e13	2263	186	4	1.448e15	1.705e14	1.705e14	5.865e12	0
213000000	1.8112e-3	5.3742e3	1.9066e4	8.3535e4	280.92	0.163	0.497	7.2725e13	2226	183	4	1.402e15	1.636e14	1.635e14	5.322e12	0
214000000	2.0709e-3	4.9349e3	1.5875e4	8.2912e4	280.29	0.164	0.496	7.1135e13	2169	189	4	1.363e15	1.583e14	1.587e14	4.818e12	0
215000000	7.5925e-4	4.4085e3	4.5144e4	8.2016e4	279.27	0.166	0.495	6.9113e13	2221	187	4	1.318e15	1.469e14	1.480e14	5.303e12	0
216000000	1.5196e-3	4.8904e3	2.2272e4	8.2796e4	280.20	0.166	0.493	6.6939e13	2171	183	4	1.283e15	1.553e14	1.551e14	5.373e12	0
217000000	5.5383e-4	5.3571e3	5.7191e4	8.3397e4	280.50	0.166	0.495	6.5326e13	2244	188	4	1.231e15	1.420e14	1.431e14	5.435e12	0
218000000	1.1721e-3	5.9202e3	2.5253e4	8.4276e4	281.61	0.159	0.494	6.2379e13	2053	174	4	1.215e15	1.400e14	1.396e14	5.389e12	0
219000000	7.3606e-4	5.7242e3	4.0719e4	8.3951e4	281.05	0.163	0.492	6.1153e13	2105	185	4	1.187e15	1.336e14	1.341e14	5.152e12	0
220000000	9.8133e-4	5.5419e3	2.9512e4	8.3706e4	280.95	0.165	0.490	6.0037e13	2128	190	4	1.160e15	1.310e14	1.310e14	4.984e12	0
221000000	5.5303e-4	5.3367e3	4.9952e4	8.3367e4	280.80	0.165	0.489	5.8477e13	2166	195	4	1.116e15	1.256e14	1.261e14	5.166e12	0
222000000	8.8763e-4	5.3252e3	2.9119e4	8.3379e4	281.21	0.160	0.488	5.6240e13	1903	188	4	1.090e15	1.202e14	1.199e14	4.968e12	0
223000000	5.5220e-4	5.3268e3	4.6904e4	8.3352e4	280.70	0.160	0.489	5.5001e13	1994	184	4	1.056e15	1.183e14	1.187e14	4.941e12	0
224000000	9.5315e-4	5.1271e3	2.4298e4	8.3094e4	281.76	0.143	0.485	5.3224e13	1932	184	4	1.029e15	1.106e14	1.104e14	4.426e12	0
225000000	2.6537e-4	4.2041e3	7.0193e4	8.1669e4	280.33	0.133	0.481	5.1687e13	1941	191	4	9.778e14	9.737e13	9.787e13	4.492e12	0
226000000	4.7275e-4	4.6194e3	2.3902e4	8.2301e4	282.33	0.108	0.481	4.7922e13	1676	179	4	9.531e14	6.557e13	6.527e13	3.309e12	0
227000000	4.3556e-4	4.1480e3	5.2532e4	8.1600e4	281.72	0.109	0.480	4.8783e13	1950	180	4	9.741e14	1.101e14	1.106e14	4.666e12	0
228000000	4.8892e-4	3.2073e3	3.9633e4	8.0197e4	281.04	0.110	0.477	4.8125e13	1620	166	4	9.268e14	9.289e13	9.289e13	4.325e12	0
229000000	3.1367e-4	3.2125e3	4.4203e4	8.0189e4	280.72	0.111	0.476	4.5871e13	1648	175	4	8.591e14	7.067e13	7.071e13	3.604e12	0
230000000	6.1851e-4	3.4511e3	3.4633e4	8.0574e4	281.14	0.111	0.474	4.5288e13	1885	187	4	8.840e14	9.884e13	9.912e13	4.062e12	0
231000000	2.0127e-4	3.0990e3	5.2942e4	8.0009e4	280.62	0.112	0.473	4.3261e13	1625	176	4	8.148e14	6.125e13	6.128e13	3.456e12	0
232000000	6.6991e-4	3.8923e3	3.2309e4	8.1239e4	281.45	0.112	0.472	4.2669e13	1948	190	4	8.226e14	9.713e13	9.742e13	3.919e12	0
233000000	4.2114e-4	3.7091e3	4.4609e4	8.0943e4	281.09	0.112	0.473	4.2100e13	1657	173	4	8.214e14	8.929e13	8.937e13	4.153e12	0
234000000	5.2296e-4	4.1697e3	3.3689e4	8.1639e4	281.91	0.112	0.473	4.1139e13	1575	167	4	8.050e14	8.365e13	8.353e13	3.912e12	0
235000000	3.0439e-4	4.0023e3	3.4148e4	8.1370e4	282.00	0.114	0.471	3.9919e13	1649	173	4	7.691e14	5.644e13	5.642e13	2.946e12	0
236000000	3.4247e-4	3.7395e3	4.0154e4	8.0982e4	281.45	0.115	0.471	3.8345e13	1791	175	4	7.440e14	6.936e13	6.947e13	3.336e12	0
237000000	2.1844e-4	3.4990e3	5.2724e4	8.0611e4	280.96	0.113	0.467	3.7207e13	1837	172	4	6.738e14	6.447e13	6.464e13	3.356e12	0
238000000	2.2384e-4	3.7664e3	5.2628e4	8.1012e4	281.26	0.115	0.467	3.5994e13	1874	184	4	6.503e14	6.519e13	6.543e13	3.295e12	0
239000000	7.6587e-5	3.7691e3	6.0719e4	8.1003e4	281.86	0.117	0.465	3.3847e13	1712	184	4	5.854e14	3.823e13	3.829e13	2.492e12	0
240000000	3.1399e-4	4.0846e3	3.7465e4	8.1494e4	281.08	0.119	0.465	3.1835e13	1911	189	4	5.880e14	6.006e13	6.017e13	2.939e12	0
241000000	4.3166e-4	4.1397e3	3.1943e4	8.1586e4	281.81	0.120	0.463	3.1590e13	1923	188	4	6.262e14	6.795e13	6.790e13	3.270e12	0
242000000	9.8915e-5	3.9262e3	4.7753e4	8.1239e4	281.92	0.121	0.464	3.0138e13	1833	188	4	5.669e14	3.669e13	3.669e13	2.411e12	0
243000000	3.2836e-4	4.6373e3	3.6924e4	8.2315e4	281.68	0.124	0.465	2.9329e13	1972	194	4	5.675e14	6.194e13	6.196e13	3.067e12	0
244000000	2.0020e-4	5.0236e3	4.1069e4	8.2874e4	282.84	0.123	0.466	2.8604e13	1871	185	4	5.415e14	4.996e13	4.996e13	2.862e12	0
245000000	2.2655e-4	4.5728e3	4.5793e4	8.2211e4	282.06	0.123	0.468	2.8133e13	1868	185	4	5.550e14	5.914e13	5.925e13	3.070e12	0
246000000	1.0403e-4	4.2959e3	4.4635e4	8.1789e4	282.25	0.125	0.468	2.7042e13	1865	184	4	5.216e14	3.516e13	3.516e13	2.271e12	0
247000000	1.9205e-4	4.1538e3	3.5023e4	8.1586e4	281.84	0.126	0.469	2.6063e13	2022	202	4	4.993e14	4.175e13	4.172e13	2.409e12	0
248000000	2.3234e-4	4.1599e3	4.0479e4	8.1599e4	281.48	0.129	0.468	2.5453e13	1973	195	4	4.976e14	5.274e13	5.275e13	2.844e12	0
249000000	8.8520e-5	4.4162e3	5.6680e4	8.1967e4	281.77	0.129	0.466	2.4774e13	1970	194	4	4.489e14	3.945e13	3.953e13	2.444e12	0
250000000	2.3229e-4	4.8600e3	4.0441e4	8.2636e4	281.94	0.128	0.466	2.4372e13	2018	201	4	4.791e14	5.269e13	5.274e13	2.758e12	0
251000000	9.1945e-5	4.6707e3	3.6738e4	8.2343e4	282.54	0.127	0.462	2.3881e13	1922	188	4	4.611e14	2.761e13	2.761e13	1.821e12	0
252000000	1.2685e-4	4.1400e3	4.5376e4	8.1560e4	281.74	0.128	0.462	2.3291e13	2039	194	4	4.424e14	3.990e13	3.996e13	2.336e12	0
253000000	2.5459e-4	3.8464e3	3.0110e4	8.1133e4	281.04	0.130	0.461	2.2815e13	2007	188	4	4.460e14	4.376e13	4.371e13	2.377e12	0
254000000	2.3551e-4	3.8789e3	3.5666e4	8.1180e4	281.05	0.132	0.460	2.2303e13	1936	190	4	4.404e14	4.710e13	4.711e13	2.523e12	0
255000000	1.8973e-4	4.0944e3	3.9556e4	8.1497e4	280.82	0.131	0.459	2.1891e13	1879	181	4	4.282e14	4.494e13	4.492e13	2.546e12	0
256000000	1.5296e-4	4.8041e3	2.7360e4	8.2545e4	282.52	0.124	0.462	2.1397e13	1765	169	4	4.189e14	2.958e13	2.953e13	1.782e12	0
257000000	1.5076e-4	4.2534e3	4.4116e4	8.1730e4	281.54	0.125	0.459	2.0878e13	1974	178	4	4.057e14	4.295e13	4.299e13	2.471e12	0
258000000	1.9244e-4	4.4172e3	3.5980e4	8.1977e4	281.87	0.124	0.460	2.0581e13	1940	173	4	4.034e14	4.195e13	4.194e13	2.386e12	0
259000000	1.1439e-4	4.3379e3	4.6873e4	8.1853e4	281.61	0.124	0.459	2.0167e13	1929	163	4	3.859e14	3.847e13	3.852e13	2.332e12	0
260000000	1.4306e-4	4.5116e3	2.9251e4	8.2112e4	282.20	0.124	0.456	1.9453e13	1929	165	4	3.734e14	2.941e13	2.937e13	1.810e12	0
261000000	1.6111e-4	3.8441e3	4.1730e4	8.1122e4	280.97	0.127	0.452	1.9157e13	1916	167	4	3.774e14	4.177e13	4.183e13	2.259e12	0
262000000	3.0637e-5	4.0595e3	4.3522e4	8.1431e4	281.58	0.127	0.448	1.8471e13	1849	168	4	3.514e14	1.776e13	1.776e13	1.395e12	0
263000000	1.1716e-4	4.6607e3	3.7639e4	8.2331e4	281.38	0.129	0.446	1.7619e13	2020	178	4	3.281e14	3.146e13	3.155e13	1.808e12	0
264000000	6.0366e-5	4.7988e3	2.6038e4	8.2529e4	282.07	0.130	0.446	1.6665e13	1940	170	4	3.231e14	1.626e13	1.623e13	1.232e12	0
265000000	9.0146e-5	4.7082e3	4.5490e4	8.2399e4	281.83	0.129	0.444	1.6545e13	1943	172	4	3.221e14	3.281e13	3.291e13	1.929e12	0
266000000	2.9741e-5	3.8359e3	4.4068e4	8.1098e4	281.68	0.128	0.444	1.5922e13	1948	172	4	2.930e14	1.759e13	1.761e13	1.388e12	0
267000000	1.0376e-4	3.4860e3	4.2631e4	8.0581e4	279.91	0.127	0.446	1.5557e13	1941	181	4	3.018e14	3.245e13	3.256e13	1.833e12	0
268000000	2.0982e-5	4.2816e3	4.6587e4	8.1761e4	281.86	0.131	0.442	1.4963e13	1915	170	4	2.801e14	1.530e13	1.531e13	1.254e12	0
269000000	1.1336e-4	4.3676e3	2.3488e4	8.1896e4	281.46	0.130	0.444	1.4341e13	1842	167	4	2.812e14	2.069e13	2.065e13	1.245e12	0
270000000	6.2624e-5	4.5555e3	4.0854e4	8.2170e4	281.62	0.133	0.443	1.4026e13	1863	172	4	2.708e14	2.382e13	2.383e13	1.588e12	0
271000000	6.3036e-5	4.7847e3	2.8887e4	8.2509e4	281.92	0.130	0.442	1.3370e13	1914	178	4	2.521e14	1.782e13	1.779e13	1.285e12	0
272000000	3.7507e-6	4.8108e3	5.8088e4	8.2543e4	282.09	0.133	0.440	1.2543e13	1879	188	4	2.207e14	8.450e12	8.469e12	7.362e11	0
273000000	1.0498e-4	4.7482e3	2.2097e4	8.2458e4	281.61	0.133	0.438	1.1892e13	1853	184	4	2.274e14	1.841e13	1.837e13	1.134e12	0
274000000	1.0041e-4	4.8022e3	2.6657e4	8.2538e4	281.77	0.133	0.439	1.1397e13	1836	175	4	2.199e14	2.070e13	2.068e13	1.286e12	0
275000000	1.4360e-5	4.6593e3	3.1353e4	8.2319e4	282.36	0.132	0.438	1.0663e13	1851	193	4	2.074e14	9.231e12	9.223e12	6.856e11	0
276000000	2.4882e-5	4.4323e3	2.8998e4	8.1984e4	282.15	0.131	0.437	1.0127e13	1946	196	4	1.943e14	1.096e13	1.095e13	7.860e11	0
277000000	1.1456e-5	4.4674e3	3.5483e4	8.2035e4	281.11	0.146	0.439	9.2877e12	1916	201	4	1.635e14	8.764e12	8.768e12	6.696e11	0
278000000	6.4903e-6	4.9731e3	8.2617e4	8.2784e4	283.00	0.145	0.440	9.0212e12	1793	189	4	1.844e14	1.588e13	1.588e13	1.165e12	0
279000000	1.3055e-6	4.5624e3	1.1282e5	8.2178e4	282.41	0.150	0.437	9.1189e12	1667	177	4	1.891e14	1.101e13	1.101e13	1.187e12	0
280000000	7.9886e-5	4.6756e3	2.3710e4	8.2349e4	281.53	0.154	0.431	9.2914e12	1254	182	4	1.900e14	1.694e13	1.690e13	1.083e12	0
281000000	3.6790e-5	4.7681e3	2.2611e4	8.2481e4	281.20	0.163	0.429	9.2389e12	1470	185	4	1.859e14	1.045e13	1.046e13	1.041e12	0
282000000	5.6330e-6	4.7212e3	6.5876e4	8.2411e4	281.11	0.164	0.432	9.2770e12	1457	199	4	1.900e14	1.155e13	1.156e13	1.151e12	0
283000000	1.5112e-4	5.1507e3	2.1200e4	8.3056e4	281.60	0.164	0.435	9.5795e12	1521	214	4	2.000e14	2.266e13	2.260e13	1.347e12	0
284000000	5.8791e-5	4.7929e3	2.4605e4	8.2520e4	281.80	0.165	0.433	9.8512e12	1503	190	4	1.974e14	1.513e13	1.511e13	1.204e12	0
285000000	9.9343e-5	4.8379e3	2.1773e4	8.2590e4	280.26	0.176	0.431	9.5084e12	1566	194	4	1.827e14	1.780e13	1.779e13	1.502e12	0
286000000	2.7351e-5	5.5306e3	2.6989e4	8.3602e4	281.85	0.176	0.430	9.2071e12	1631	204	4	1.760e14	1.082e13	1.082e13	1.060e12	0
287000000	7.3326e-5	5.5650e3	2.2635e4	8.3656e4	281.58	0.177	0.431	8.9453e12	1698	215	4	1.750e14	1.524e13	1.526e13	1.274e12	0
288000000	1.0250e-4	4.9373e3	2.1113e4	8.2737e4	281.23	0.176	0.431	8.7297e12	1861	219	4	1.690e14	1.735e13	1.733e13	1.274e12	0
289000000	5.1855e-5	4.5334e3	2.6992e4	8.2136e4	280.79	0.177	0.432	8.5057e12	1897	223	4	1.623e14	1.455e13	1.456e13	1.199e12	0
290000000	4.3029e-6	4.7752e3	8.9737e4	8.2492e4	281.34	0.176	0.432	8.3707e12	1971	243	4	1.655e14	1.403e13	1.406e13	1.271e12	0
291000000	5.3506e-5	4.7874e3	3.4838e4	8.2512e4	281.61	0.174	0.430	8.4690e12	1922	249	4	1.661e14	2.638e13	2.637e13	1.364e12	0
292000000	2.9302e-5	4.7679e3	2.1419e4	8.2480e4	281.17	0.175	0.430	8.4569e12	1899	233	4	1.597e14	1.110e13	1.112e13	9.568e11	0
293000000	5.4091e-5	4.8814e3	2.1357e4	8.2650e4	280.85	0.176	0.430	8.2859e12	1909	242	4	1.568e14	1.385e13	1.386e13	1.093e12	0
294000000	2.5200e-6	5.4195e3	9.9057e4	8.3441e4	282.33	0.175	0.431	7.9281e12	1879	244	4	1.520e14	1.388e13	1.390e13	1.114e12	0
295000000	2.2180e-6	4.7499e3	4.8210e4	8.2453e4	282.71	0.173	0.429	8.2505e12	2023	248	4	1.721e14	7.023e12	7.021e12	6.822e11	0
296000000	8.1899e-5	4.5997e3	2.1442e4	8.2237e4	281.63	0.174	0.428	8.0927e12	1841	237	4	1.592e14	1.566e13	1.567e13	9.950e11	0
297000000	4.9363e-6	3.8202e3	5.6163e4	8.1073e4	280.01	0.187	0.426	7.4850e12	1820	225	4	1.428e14	9.094e12	9.105e12	9.979e11	0
298000000	5.9648e-5	4.4013e3	2.3681e4	8.1941e4	281.01	0.187	0.426	7.4270e12	1876	233	4	1.465e14	1.401e13	1.400e13	8.665e11	0
299000000	2.2736e-5	4.4111e3	2.5043e4	8.1952e4	280.25	0.187	0.425	7.4297e12	1926	241	4	1.448e14	9.217e12	9.226e12	9.296e11	0
300000000	3.9504e-5	4.8160e3	2.3662e4	8.2552e4	281.35	0.186	0.422	7.0277e12	1949	243	4	1.350e14	1.128e13	1.128e13	8.364e11	0
301000000	6.3370e-5	3.4849e3	1.9902e4	8.0575e4	280.88	0.186	0.426	7.0206e12	2062	252	4	1.373e14	1.258e13	1.255e13	7.941e11	0
302000000	3.5025e-6	1.7867e3	4.8134e4	7.7998e4	277.35	0.209	0.425	6.1951e12	1775	228	4	1.093e14	6.507e12	6.506e12	7.110e11	0
303000000	3.8049e-5	2.0211e3	2.1375e4	7.8358e4	275.73	0.229	0.425	5.3268e12	1643	228	4	8.874e13	9.362e12	9.397e12	7.480e11	0
304000000	1.1164e-5	2.9745e3	3.0749e4	7.9803e4	277.73	0.229	0.425	5.0617e12	1705	232	4	9.457e13	7.360e12	7.366e12	7.661e11	0
305000000	1.8458e-5	4.0214e3	3.4149e4	8.1373e4	278.97	0.229	0.426	5.2044e12	1809	240	4	1.051e14	1.064e13	1.065e13	7.681e11	0
306000000	6.4680e-5	4.4907e3	2.0723e4	8.2074e4	279.93	0.228	0.425	5.2597e12	1820	242	4	1.077e14	1.306e13	1.303e13	7.968e11	0
307000000	4.2407e-5	4.4399e3	2.1201e4	8.1996e4	279.37	0.229	0.423	4.9561e12	1769	223	4	9.947e13	1.052e13	1.050e13	7.415e11	0
308000000	3.9225e-5	5.0671e3	2.2993e4	8.2922e4	280.30	0.228	0.422	4.5406e12	1730	236	4	8.821e13	1.107e13	1.105e13	7.222e11	0
309000000	4.4685e-7	5.2602e3	8.5544e4	8.3206e4	281.44	0.227	0.425	4.2632e12	1242	218	4	8.470e13	5.772e12	5.772e12	6.193e11	0
310000000	0.0000e0	5.0221e3	1.6295e5	8.2860e4	282.35	0.221	0.423	4.6742e12	1248	224	4	1.132e14	5.207e12	5.207e12	8.306e11	0
311000000	0.0000e0	4.2987e3	1.6177e5	8.1790e4	281.70	0.221	0.423	6.0851e12	1189	212	4	1.440e14	8.778e12	8.778e12	1.032e12	0
312000000	3.5915e-6	3.8665e3	6.9016e4	8.1142e4	280.94	0.220	0.420	6.8746e12	1072	213	4	1.523e14	1.120e13	1.120e13	8.146e11	0
313000000	5.7529e-5	4.0374e3	1.9952e4	8.1400e4	279.35	0.220	0.420	7.3595e12	952	206	4	1.480e14	1.262e13	1.262e13	8.199e11	0
314000000	5.2637e-7	4.2521e3	1.2933e5	8.1719e4	280.96	0.218	0.415	7.4891e12	940	197	4	1.515e14	1.157e13	1.157e13	9.724e11	0
315000000	1.2815e-5	3.9344e3	5.2842e4	8.1244e4	280.46	0.217	0.415	7.9516e12	1005	203	4	1.619e14	1.430e13	1.430e13	1.046e12	0
316000000	7.2446e-5	4.4514e3	2.2318e4	8.2016e4	279.96	0.217	0.410	8.1756e12	922	186	4	1.645e14	1.514e13	1.514e13	1.221e12	0
317000000	2.8999e-5	4.8734e3	3.4166e4	8.2637e4	281.15	0.215	0.408	8.0765e12	994	196	4	1.606e14	1.390e13	1.393e13	1.224e12	0
318000000	6.4294e-5	4.0729e3	2.9283e4	8.1454e4	280.21	0.216	0.405	7.9729e12	1034	196	4	1.590e14	1.844e13	1.844e13	1.442e12	0
319000000	4.7094e-5	3.9067e3	3.5543e4	8.1205e4	280.21	0.215	0.405	8.1811e12	1194	190	4	1.625e14	1.804e13	1.805e13	1.345e12	0
320000000	4.1514e-5	4.1112e3	3.7511e4	8.1509e4	280.06	0.216	0.401	8.4151e12	1250	192	4	1.629e14	1.777e13	1.776e13	1.273e12	0
321000000	3.7912e-5	5.1010e3	3.3444e4	8.2973e4	281.20	0.211	0.628	8.2630e12	1293	193	4	1.555e14	1.582e13	1.582e13	1.158e12	0
322000000	1.1228e-5	6.8042e3	4.3535e4	8.5454e4	283.48	0.196	0.655	8.0553e12	1229	187	4	1.405e14	1.109e13	1.109e13	9.587e11	0
323000000	4.3746e-5	7.8824e3	2.6865e4	8.7006e4	284.25	0.188	0.684	7.6829e12	1291	192	4	1.431e14	1.380e13	1.379e13	9.704e11	0
324000000	2.4611e-5	8.6014e3	3.4017e4	8.8030e4	284.78	0.181	0.704	7.6275e12	1298	186	4	1.423e14	1.304e13	1.304e13	1.006e12	0
325000000	1.0494e-5	1.0215e4	3.7045e4	9.0304e4	286.97	0.151	0.714	6.9310e12	1153	185	4	1.256e14	9.733e12	9.729e12	7.810e11	0
326000000	4.0310e-5	1.0519e4	2.9292e4	9.0732e4	287.12	0.149	0.712	6.8332e12	1203	188	4	1.312e14	1.516e13	1.515e13	1.003e12	0
327000000	3.0077e-6	9.7020e3	5.6225e4	8.9585e4	288.49	0.106	0.706	6.9368e12	1192	186	4	1.206e14	8.485e12	8.485e12	7.007e11	0
328000000	1.8800e-5	8.7516e3	4.3344e4	8.8243e4	287.72	0.106	0.706	7.2949e12	907	177	4	1.455e14	1.424e13	1.424e13	9.863e11	0
329000000	3.3310e-6	6.4681e3	1.1854e5	8.4971e4	287.04	0.106	0.702	8.2355e12	1070	185	4	1.660e14	1.802e13	1.802e13	1.393e12	0
330000000	1.5599e-6	5.6361e3	1.4781e5	8.3760e4	286.17	0.107	0.724	9.3003e12	1080	172	4	1.755e14	2.178e13	2.178e13	1.714e12	0
331000000	0.0000e0	6.3745e3	1.7723e5	8.4838e4	287.13	0.107	0.753	9.6451e12	1208	175	4	1.712e14	1.522e13	1.522e13	1.656e12	0
332000000	0.0000e0	6.6252e3	1.9689e5	8.5202e4	287.18	0.108	0.748	9.5904e12	1320	182	4	1.890e14	1.854e13	1.854e13	1.883e12	0
333000000	1.8368e-7	7.3051e3	2.0841e5	8.6184e4	288.09	0.103	0.751	1.0240e13	1416	187	4	1.983e14	2.354e13	2.354e13	2.289e12	0
334000000	1.7656e-7	6.6465e3	2.0523e5	8.5233e4	287.77	0.105	0.750	1.0625e13	1649	191	4	1.983e14	2.638e13	2.638e13	2.310e12	0
335000000	2.4178e-7	6.1769e3	1.8013e5	8.4551e4	287.15	0.105	0.751	1.0760e13	1756	197	4	1.992e14	2.450e13	2.450e13	2.067e12	0
336000000	0.0000e0	6.7139e3	1.7613e5	8.5329e4	287.23	0.105	0.757	1.0780e13	1811	190	4	2.013e14	2.433e13	2.433e13	1.950e12	0
337000000	1.5170e-7	7.7336e3	1.3787e5	8.6795e4	288.36	0.102	0.756	1.0618e13	1822	192	4	1.879e14	1.958e13	1.958e13	1.641e12	0
338000000	3.1867e-6	6.7558e3	9.8143e4	8.5386e4	287.04	0.103	0.757	1.0498e13	1831	192	4	1.945e14	2.378e13	2.378e13	1.582e12	0
339000000	8.7701e-6	7.1525e3	7.5151e4	8.5958e4	287.24	0.104	0.758	1.0495e13	1786	184	4	1.956e14	2.485e13	2.485e13	1.538e12	0
340000000	1.3793e-5	7.1790e3	5.5469e4	8.5996e4	286.81	0.105	0.777	1.0389e13	1694	193	4	1.837e14	2.261e13	2.260e13	1.365e12	0
341000000	2.8275e-5	8.3558e3	4.2047e4	8.7681e4	287.29	0.106	0.774	1.0037e13	1585	184	4	1.809e14	2.316e13	2.316e13	1.353e12	0
342000000	3.2358e-5	9.4516e3	3.2224e4	8.9233e4	287.64	0.107	0.773	9.8324e12	1523	190	4	1.757e14	1.860e13	1.859e13	1.304e12	0
343000000	4.0673e-5	1.0326e4	2.3821e4	9.0461e4	288.09	0.106	0.773	9.5769e12	1549	189	4	1.747e14	1.601e13	1.601e13	1.324e12	0
344000000	6.0134e-5	9.8013e3	1.6196e4	8.9728e4	287.49	0.106	0.773	9.5139e12	1545	189	4	1.761e14	1.408e13	1.408e13	1.377e12	0
345000000	1.0621e-4	9.7658e3	1.4494e4	8.9682e4	287.12	0.106	0.770	9.4299e12	1671	194	4	1.743e14	1.733e13	1.729e13	1.401e12	0
346000000	1.4460e-4	1.0446e4	1.5579e4	9.0640e4	287.81	0.106	0.767	9.3594e12	1721	191	4	1.730e14	1.956e13	1.954e13	1.336e12	0
347000000	9.8843e-5	9.3493e3	1.8496e4	8.9095e4	287.44	0.106	0.787	9.3546e12	1919	192	4	1.708e14	1.762e13	1.759e13	1.232e12	0
348000000	6.3498e-5	9.1852e3	1.9036e4	8.8860e4	286.99	0.105	0.806	9.0206e12	2071	200	4	1.663e14	1.444e13	1.444e13	1.265e12	0
349000000	3.8788e-5	1.0887e4	2.0335e4	9.1245e4	288.16	0.104	0.805	8.9366e12	2054	191	4	1.657e14	1.192e13	1.193e13	1.218e12	0
350000000	3.5212e-5	1.1804e4	2.1207e4	9.2517e4	288.58	0.102	0.804	8.8324e12	2101	200	4	1.653e14	1.410e13	1.412e13	1.205e12	0
351000000	1.3832e-5	1.2743e4	2.9309e4	9.3810e4	289.80	0.093	0.827	8.6346e12	2123	192	4	1.615e14	1.084e13	1.083e13	9.929e11	0
352000000	3.2270e-5	1.2624e4	1.7970e4	9.3647e4	289.27	0.094	0.827	8.7572e12	2061	190	4	1.696e14	1.087e13	1.087e13	1.102e12	0
353000000	4.0437e-5	1.3003e4	1.8038e4	9.4168e4	289.19	0.094	0.828	8.7462e12	2279	188	4	1.626e14	1.282e13	1.282e13	1.162e12	0
354000000	2.8204e-6	1.4290e4	3.7085e4	9.5920e4	291.05	0.077	0.828	8.2559e12	2159	192	4	1.419e14	8.330e12	8.330e12	8.005e11	0
355000000	5.0729e-5	1.4116e4	2.0024e4	9.5688e4	290.55	0.077	0.827	8.2252e12	2123	194	4	1.613e14	1.362e13	1.362e13	1.088e12	0
356000000	6.1288e-5	1.4062e4	1.7289e4	9.5615e4	290.32	0.077	0.828	8.3873e12	2254	193	4	1.613e14	1.417e13	1.417e13	1.157e12	0
357000000	6.5911e-5	1.4023e4	1.8039e4	9.5563e4	290.36	0.077	0.828	8.4523e12	2367	189	4	1.651e14	1.536e13	1.536e13	1.196e12	0
358000000	5.5816e-5	1.3689e4	1.8343e4	9.5107e4	290.23	0.076	0.827	8.7028e12	2497	191	4	1.686e14	1.426e13	1.426e13	1.229e12	0
359000000	5.1308e-5	1.3234e4	1.8942e4	9.4485e4	290.19	0.077	0.826	8.6995e12	2713	194	4	1.676e14	1.345e13	1.346e13	1.224e12	0
360000000	2.6383e-5	1.2608e4	2.5165e4	9.3624e4	289.79	0.076	0.829	8.8566e12	2743	204	4	1.695e14	1.232e13	1.234e13	1.195e12	0
361000000	4.2042e-5	1.3223e4	2.3820e4	9.4470e4	290.32	0.075	0.829	8.8276e12	2843	205	4	1.700e14	1.558e13	1.557e13	1.247e12	0
362000000	5.1082e-5	1.3908e4	2.0201e4	9.5404e4	290.50	0.074	0.845	8.9094e12	2734	200	4	1.714e14	1.393e13	1.393e13	1.237e12	0
363000000	5.4689e-5	1.4264e4	1.7906e4	9.5888e4	290.56	0.073	0.842	8.8493e12	2766	201	4	1.688e14	1.297e13	1.298e13	1.239e12	0
364000000	5.8925e-5	1.4054e4	1.7439e4	9.5604e4	290.52	0.072	0.841	8.9335e12	2985	200	4	1.695e14	1.285e13	1.285e13	1.225e12	0
365000000	3.1795e-5	1.3880e4	2.3717e4	9.5366e4	290.36	0.072	0.842	8.9031e12	3145	204	4	1.667e14	1.234e13	1.236e13	1.202e12	0
366000000	3.4241e-5	1.4771e4	2.2179e4	9.6575e4	291.05	0.070	0.840	8.6269e12	2871	206	4	1.622e14	1.215e13	1.214e13	1.093e12	0
367000000	4.0597e-5	1.4876e4	1.7686e4	9.6718e4	290.99	0.068	0.839	8.5593e12	2836	208	4	1.617e14	1.139e13	1.139e13	1.089e12	0
368000000	5.5944e-5	1.4328e4	1.4985e4	9.5976e4	290.60	0.067	0.836	8.5219e12	2846	199	4	1.631e14	1.159e13	1.159e13	1.089e12	0
369000000	8.2272e-5	1.3771e4	1.4771e4	9.5220e4	290.40	0.068	0.835	8.5364e12	3000	205	4	1.676e14	1.348e13	1.347e13	1.157e12	0
370000000	5.4453e-5	1.3267e4	1.6872e4	9.4531e4	290.18	0.068	0.860	8.4940e12	3145	203	4	1.648e14	1.141e13	1.142e13	1.096e12	0
371000000	9.2603e-5	1.4141e4	1.3724e4	9.5725e4	290.40	0.069	0.871	8.5453e12	3191	206	4	1.656e14	1.267e13	1.265e13	1.087e12	0
372000000	6.0016e-5	1.4946e4	1.8449e4	9.6813e4	290.77	0.068	0.872	8.5383e12	2923	198	4	1.640e14	1.271e13	1.273e13	1.132e12	0
373000000	6.1195e-5	1.5829e4	1.3112e4	9.8004e4	291.16	0.064	0.877	8.5793e12	2824	199	4	1.686e14	9.658e12	9.637e12	9.663e11	0
374000000	3.7119e-5	1.6929e4	2.5743e4	9.9475e4	291.53	0.062	0.874	8.6682e12	2775	197	4	1.614e14	1.293e13	1.300e13	1.125e12	0
375000000	3.6785e-6	1.7370e4	2.9187e4	1.0006e5	293.32	0.032	0.873	7.9601e12	2075	185	4	1.449e14	4.951e12	4.956e12	5.864e11	0
376000000	2.1319e-4	1.7038e4	5.7267e3	9.9636e4	291.27	0.032	0.880	8.1980e12	2189	180	4	1.639e14	1.046e13	1.051e13	1.043e12	0
377000000	0.0000e0	1.7021e4	3.9884e-14	9.9593e4	292.71	0.033	0.880	8.0745e12	2092	195	4	1.583e14	0.000e0	3.376e7	2.533e10	0
378000000	9.9395e-5	1.7099e4	1.5400e4	9.9706e4	292.09	0.032	0.882	8.2976e12	2142	184	4	1.623e14	1.398e13	1.399e13	1.134e12	0
379000000	4.5468e-5	1.7448e4	8.8955e3	1.0017e5	292.37	0.032	0.880	8.3778e12	2283	188	4	1.632e14	5.960e12	5.932e12	8.155e11	0
380000000	1.4038e-5	1.6808e4	3.8203e4	9.9311e4	292.38	0.033	0.878	8.4984e12	2137	182	4	1.636e14	1.152e13	1.156e13	1.182e12	0
381000000	1.3223e-5	1.7854e4	3.8661e4	1.0070e5	293.75	0.029	0.878	7.9134e12	1447	166	4	1.373e14	1.224e13	1.224e13	7.137e11	0
382000000	2.0839e-4	1.7928e4	9.0625e3	1.0082e5	292.03	0.029	0.874	8.2043e12	1818	190	4	1.657e14	1.319e13	1.325e13	9.774e11	0
383000000	1.7158e-5	1.7871e4	1.1113e4	1.0072e5	292.66	0.029	0.885	8.3717e12	1801	188	4	1.657e14	4.318e12	4.307e12	8.346e11	0
384000000	4.9757e-5	1.7839e4	2.1485e4	1.0069e5	292.49	0.029	0.886	8.4776e12	2061	192	4	1.641e14	1.232e13	1.240e13	1.093e12	0
385000000	9.0290e-5	1.7440e4	2.0818e4	1.0016e5	292.67	0.029	0.884	8.3480e12	1777	181	4	1.619e14	1.666e13	1.660e13	9.276e11	0
386000000	4.0719e-5	1.6901e4	2.6056e4	9.9438e4	292.14	0.030	0.891	8.5403e12	1908	195	4	1.717e14	1.309e13	1.319e13	1.118e12	0
387000000	2.7776e-5	1.7862e4	1.8754e4	1.0071e5	293.29	0.027	0.891	8.3216e12	1796	205	4	1.596e14	8.716e12	8.718e12	6.704e11	0
388000000	1.5266e-4	1.8377e4	8.1023e3	1.0141e5	292.23	0.028	0.890	8.5011e12	1938	200	4	1.680e14	1.102e13	1.103e13	1.124e12	0
389000000	1.9456e-5	1.7867e4	1.1543e4	1.0072e5	292.88	0.027	0.890	8.4710e12	1967	192	4	1.641e14	4.663e12	4.656e12	7.674e11	0
390000000	2.9598e-5	1.7395e4	3.2488e4	1.0009e5	292.32	0.027	0.890	8.5154e12	2159	193	4	1.689e14	1.353e13	1.366e13	1.103e12	0
391000000	8.6185e-6	1.8289e4	6.1928e4	1.0128e5	293.89	0.024	0.887	8.2028e12	1289	191	4	1.459e14	1.485e13	1.486e13	8.530e11	0
392000000	1.2130e-4	1.7960e4	1.0474e4	1.0085e5	292.14	0.022	0.890	8.3146e12	1761	221	4	1.650e14	9.552e12	9.665e12	8.766e11	0
393000000	7.0241e-5	1.7840e4	8.2887e3	1.0069e5	292.54	0.022	0.888	8.3208e12	1970	218	4	1.614e14	7.356e12	7.301e12	9.025e11	0
394000000	3.3026e-5	1.7516e4	2.3110e4	1.0026e5	292.93	0.022	0.886	8.3312e12	1927	215	4	1.608e14	1.109e13	1.110e13	1.089e12	0
395000000	1.4620e-4	1.7233e4	1.2073e4	9.9889e4	292.28	0.021	0.888	8.0333e12	2656	236	4	1.558e14	1.410e13	1.407e13	1.040e12	0
396000000	5.9927e-5	1.7586e4	1.3487e4	1.0035e5	292.82	0.021	0.888	7.8897e12	2623	238	4	1.539e14	9.441e12	9.439e12	9.639e11	0
397000000	9.3294e-5	1.7141e4	1.3140e4	9.9762e4	292.62	0.021	0.887	7.8965e12	2905	230	4	1.519e14	1.132e13	1.133e13	9.909e11	0
398000000	6.7250e-5	1.6329e4	1.7132e4	9.8675e4	292.22	0.021	0.886	7.5498e12	3019	231	4	1.463e14	1.210e13	1.214e13	1.036e12	0
399000000	8.3972e-5	1.6384e4	1.0036e4	9.8749e4	292.34	0.022	0.884	7.5364e12	3023	221	4	1.468e14	9.127e12	9.085e12	8.284e11	0
400000000	2.9674e-5	1.5845e4	2.3401e4	9.8022e4	292.32	0.022	0.887	7.5055e12	2636	213	4	1.444e14	1.028e13	1.031e13	1.007e12	0
401000000	1.2508e-4	1.5757e4	8.4591e3	9.7912e4	292.09	0.022	0.880	7.4640e12	3093	207	4	1.459e14	1.013e13	1.007e13	8.044e11	0
402000000	2.7583e-5	1.4656e4	2.3419e4	9.6419e4	292.01	0.023	0.885	7.4473e12	2490	196	4	1.451e14	9.635e12	9.662e12	1.010e12	0
403000000	1.1788e-4	1.4678e4	1.1436e4	9.6457e4	291.50	0.024	0.884	7.4154e12	2849	198	4	1.428e14	1.173e13	1.171e13	9.627e11	0
404000000	5.3065e-5	1.5231e4	1.9605e4	9.7198e4	291.67	0.025	0.883	7.4504e12	2659	194	4	1.450e14	1.187e13	1.191e13	1.026e12	0
405000000	3.5149e-5	1.6361e4	1.1208e4	9.8714e4	292.40	0.024	0.882	7.3781e12	2634	188	4	1.456e14	6.161e12	6.138e12	6.963e11	0
406000000	4.6914e-5	1.6031e4	1.9554e4	9.8273e4	291.97	0.024	0.881	7.4475e12	2429	196	4	1.482e14	1.095e13	1.101e13	9.592e11	0
407000000	7.2211e-5	1.5648e4	1.4661e4	9.7761e4	291.84	0.023	0.879	7.3124e12	2499	194	4	1.440e14	1.158e13	1.156e13	9.551e11	0
408000000	7.0484e-5	1.6596e4	1.2291e4	9.9032e4	292.30	0.023	0.882	7.3747e12	2667	194	4	1.440e14	9.624e12	9.608e12	8.751e11	0
409000000	1.1314e-4	1.6684e4	1.1120e4	9.9154e4	292.29	0.023	0.883	7.3982e12	2908	197	4	1.435e14	1.132e13	1.131e13	9.420e11	0
410000000	6.2052e-5	1.6225e4	1.5795e4	9.8534e4	292.18	0.023	0.880	7.4274e12	3022	191	4	1.442e14	1.084e13	1.086e13	1.024e12	0
411000000	3.8716e-5	1.6611e4	1.7654e4	9.9049e4	292.51	0.023	0.877	7.3973e12	2717	195	4	1.398e14	9.076e12	9.094e12	8.388e11	0
412000000	1.2288e-4	1.6069e4	9.1515e3	9.8332e4	292.06	0.023	0.877	7.2748e12	3093	212	4	1.401e14	1.032e13	1.027e13	8.148e11	0
413000000	9.6553e-5	1.5272e4	1.1402e4	9.7257e4	291.94	0.023	0.876	7.2123e12	3137	214	4	1.401e14	1.035e13	1.034e13	8.814e11	0
414000000	6.3416e-5	1.4741e4	1.8373e4	9.6536e4	291.57	0.024	0.876	7.0545e12	3132	206	4	1.391e14	1.229e13	1.234e13	9.941e11	0
415000000	5.8546e-5	1.5226e4	1.2074e4	9.7191e4	292.01	0.024	0.872	7.0568e12	3172	217	4	1.398e14	8.576e12	8.544e12	8.270e11	0
416000000	8.7258e-5	1.5024e4	1.4673e4	9.6922e4	291.88	0.024	0.871	7.1614e12	2993	212	4	1.422e14	1.185e13	1.187e13	9.532e11	0
417000000	5.1014e-5	1.4152e4	2.0081e4	9.5737e4	291.43	0.024	0.871	7.0405e12	3057	217	4	1.380e14	1.179e13	1.183e13	9.704e11	0
418000000	8.6550e-5	1.4691e4	1.1961e4	9.6471e4	291.73	0.024	0.871	7.0389e12	3153	212	4	1.388e14	1.053e13	1.048e13	8.724e11	0
419000000	7.3646e-5	1.4877e4	1.4926e4	9.6722e4	291.63	0.026	0.868	7.0785e12	2868	208	4	1.386e14	1.116e13	1.118e13	9.873e11	0
420000000	4.8232e-5	1.5115e4	1.5495e4	9.7040e4	291.94	0.026	0.868	7.0587e12	2743	203	4	1.380e14	9.148e12	9.148e12	8.656e11	0
421000000	6.8414e-5	1.5183e4	1.6276e4	9.7134e4	291.70	0.030	0.866	7.0530e12	2621	209	4	1.384e14	1.130e13	1.131e13	8.481e11	0
422000000	1.5362e-4	1.4721e4	1.0443e4	9.6518e4	291.24	0.030	0.867	7.0610e12	2635	206	4	1.377e14	1.239e13	1.235e13	9.151e11	0
423000000	2.4277e-5	1.4430e4	1.5361e4	9.6112e4	291.70	0.029	0.887	6.9095e12	2247	200	4	1.372e14	6.245e12	6.254e12	7.289e11	0
424000000	1.4928e-4	1.5162e4	1.0503e4	9.7113e4	291.36	0.030	0.890	6.9002e12	2792	210	4	1.353e14	1.219e13	1.220e13	9.071e11	0
425000000	5.6691e-5	1.5189e4	1.5117e4	9.7141e4	291.62	0.030	0.888	6.8023e12	2664	202	4	1.331e14	9.714e12	9.702e12	9.307e11	0
426000000	7.8839e-5	1.6161e4	1.5431e4	9.8450e4	291.78	0.030	0.888	6.8134e12	2593	206	4	1.346e14	1.189e13	1.190e13	9.026e11	0
427000000	2.1409e-5	1.7262e4	9.5154e3	9.9916e4	292.41	0.029	0.887	6.5561e12	2383	196	4	1.325e14	4.155e12	4.138e12	6.098e11	0
428000000	4.6692e-5	1.7538e4	1.8685e4	1.0029e5	292.21	0.030	0.886	6.6805e12	2372	202	4	1.324e14	1.072e13	1.078e13	9.434e11	0
429000000	1.2357e-5	1.7390e4	1.2574e4	1.0008e5	292.67	0.031	0.884	6.6089e12	2505	203	4	1.296e14	3.994e12	3.986e12	6.039e11	0
430000000	1.1243e-4	1.6872e4	1.0781e4	9.9405e4	291.79	0.031	0.883	6.5724e12	2379	201	4	1.298e14	1.072e13	1.075e13	8.998e11	0
431000000	2.4521e-5	1.6464e4	1.3666e4	9.8851e4	292.27	0.030	0.880	6.5621e12	2453	203	4	1.285e14	5.908e12	5.903e12	7.774e11	0
432000000	7.3501e-5	1.6815e4	1.3867e4	9.9325e4	292.08	0.030	0.880	6.5487e12	2784	204	4	1.283e14	1.031e13	1.034e13	8.785e11	0
433000000	5.5269e-5	1.6930e4	1.1368e4	9.9476e4	292.31	0.030	0.883	6.5825e12	2828	206	4	1.300e14	7.720e12	7.708e12	7.651e11	0
434000000	4.1851e-5	1.6497e4	1.0757e4	9.8896e4	292.16	0.030	0.882	6.5532e12	2417	197	4	1.292e14	6.099e12	6.099e12	6.756e11	0
435000000	4.0477e-5	1.6020e4	1.9225e4	9.8257e4	291.60	0.031	0.881	6.5760e12	2275	188	4	1.280e14	9.531e12	9.616e12	8.227e11	0
436000000	2.8510e-5	1.6759e4	1.8264e4	9.9246e4	292.66	0.033	0.879	6.2245e12	1105	187	4	1.228e14	8.519e12	8.507e12	5.068e11	0
437000000	8.2783e-5	1.7135e4	1.1378e4	9.9753e4	292.02	0.033	0.878	6.3040e12	1432	203	4	1.287e14	9.472e12	9.468e12	8.113e11	0
438000000	5.8105e-5	1.7479e4	9.6176e3	1.0021e5	292.18	0.033	0.878	6.4041e12	1412	193	4	1.255e14	6.735e12	6.731e12	7.224e11	0
439000000	1.0073e-4	1.6696e4	8.5554e3	9.9169e4	291.77	0.032	0.878	6.4004e12	1467	208	4	1.287e14	8.433e12	8.403e12	7.518e11	0
440000000	6.1917e-5	1.6096e4	1.8082e4	9.8362e4	291.69	0.033	0.877	6.6416e12	1734	195	4	1.333e14	1.197e13	1.202e13	9.339e11	0
441000000	2.6142e-5	1.6051e4	1.5417e4	9.8297e4	291.89	0.035	0.875	6.5282e12	1884	207	4	1.237e14	6.671e12	6.655e12	7.394e11	0
442000000	1.1092e-4	1.6078e4	1.0271e4	9.8342e4	291.55	0.036	0.872	6.3594e12	2199	219	4	1.261e14	1.006e13	1.005e13	7.183e11	0
443000000	1.0482e-4	1.6450e4	1.2340e4	9.8840e4	291.57	0.037	0.890	6.4141e12	2272	198	4	1.299e14	1.144e13	1.144e13	8.708e11	0
444000000	9.2917e-5	1.8060e4	1.0001e4	1.0098e5	292.13	0.037	0.923	6.5487e12	2336	203	4	1.307e14	8.974e12	8.973e12	7.600e11	0
445000000	2.6898e-5	1.9829e4	1.4642e4	1.0331e5	292.97	0.036	0.921	6.2433e12	2031	198	4	1.217e14	6.280e12	6.294e12	7.224e11	0
446000000	1.0700e-4	2.1638e4	1.3007e4	1.0568e5	292.82	0.036	0.922	6.2463e12	2448	207	4	1.236e14	1.249e13	1.257e13	8.593e11	0
447000000	5.5761e-5	2.4153e4	1.9241e4	1.0892e5	292.12	0.032	0.921	5.9050e12	1466	216	4	1.230e14	1.249e13	1.244e13	7.390e11	0
448000000	2.6706e-5	2.5692e4	9.1115e3	1.1088e5	294.84	0.030	0.920	5.6448e12	1454	209	4	1.131e14	4.652e12	4.639e12	4.430e11	0
449000000	1.5314e-4	2.5970e4	5.9875e3	1.1125e5	293.92	0.030	0.921	5.8458e12	1392	208	4	1.188e14	7.129e12	7.220e12	6.657e11	0
450000000	1.0281e-5	2.6169e4	2.2783e4	1.1149e5	295.37	0.028	0.923	5.4176e12	1213	196	4	1.007e14	6.586e12	6.577e12	5.786e11	0
451000000	2.4698e-5	2.7039e4	3.8729e3	1.1259e5	294.89	0.027	0.923	5.4895e12	1406	210	4	1.141e14	2.147e12	2.132e12	3.599e11	0
452000000	2.6925e-5	2.5217e4	1.9727e4	1.1028e5	294.31	0.027	0.924	5.5946e12	1725	206	4	1.122e14	8.836e12	8.941e12	7.720e11	0
453000000	6.7910e-5	2.3089e4	1.0862e4	1.0755e5	294.42	0.026	0.923	5.5459e12	1819	241	4	1.097e14	8.471e12	8.465e12	5.195e11	0
454000000	9.2322e-6	2.1567e4	1.1134e4	1.0557e5	293.86	0.027	0.924	5.6146e12	1926	218	4	1.112e14	2.790e12	2.801e12	5.734e11	0
455000000	6.1845e-5	2.0380e4	1.3318e4	1.0403e5	292.90	0.028	0.923	5.6431e12	2125	222	4	1.089e14	5.139e12	5.289e12	4.068e11	0
456000000	3.7917e-5	2.0008e4	1.8252e4	1.0354e5	293.68	0.028	0.923	5.4846e12	1609	232	4	1.098e14	9.955e12	9.925e12	5.591e11	0
457000000	4.2962e-5	2.0186e4	1.2043e4	1.0378e5	293.00	0.029	0.922	5.5840e12	2029	234	4	1.104e14	4.557e12	4.644e12	5.180e11	0
458000000	1.4459e-4	2.0143e4	8.9436e3	1.0373e5	292.80	0.030	0.923	5.6750e12	2109	244	4	1.130e14	1.066e13	1.061e13	7.641e11	0
459000000	5.9620e-5	2.0625e4	1.2046e4	1.0435e5	293.31	0.029	0.923	5.6956e12	2238	238	4	1.104e14	8.493e12	8.511e12	7.412e11	0
460000000	1.1500e-4	2.0434e4	7.8185e3	1.0411e5	293.19	0.028	0.922	5.6990e12	2948	243	4	1.121e14	8.765e12	8.734e12	6.633e11	0
461000000	4.5003e-5	1.9601e4	1.6781e4	1.0301e5	292.91	0.028	0.922	5.6774e12	2708	242	4	1.090e14	9.489e12	9.577e12	6.985e11	0
462000000	2.6693e-5	1.9438e4	1.8912e4	1.0279e5	293.50	0.028	0.921	5.2546e12	2056	258	4	1.002e14	8.319e12	8.298e12	5.031e11	0
463000000	6.0598e-5	1.9529e4	6.0976e3	1.0292e5	292.66	0.028	0.922	5.1520e12	2339	261	4	9.979e13	4.678e12	4.675e12	5.393e11	0
464000000	1.3463e-4	1.9974e4	8.4849e3	1.0351e5	292.72	0.028	0.921	5.2050e12	2481	245	4	1.037e14	9.130e12	9.198e12	6.748e11	0
465000000	2.0123e-5	1.9833e4	1.0332e4	1.0331e5	291.36	0.029	0.917	4.7231e12	1662	255	4	8.824e13	4.044e12	4.027e12	5.675e11	0
466000000	1.2166e-4	1.8733e4	1.0351e4	1.0188e5	292.57	0.028	0.917	4.8338e12	2454	252	4	9.684e13	9.672e12	9.765e12	6.010e11	0
467000000	2.2614e-5	1.7794e4	9.6321e3	1.0062e5	292.70	0.027	0.917	4.8604e12	2368	255	4	9.780e13	4.235e12	4.220e12	5.600e11	0
468000000	7.1843e-5	1.7422e4	1.1152e4	1.0013e5	292.10	0.027	0.916	4.8455e12	2734	261	4	9.509e13	8.341e12	8.399e12	6.205e11	0
469000000	0.0000e0	1.7997e4	2.0807e4	1.0089e5	290.85	0.027	0.915	4.5943e12	1668	233	4	7.882e13	5.520e11	5.520e11	3.718e11	0
470000000	5.0051e-5	1.7631e4	7.8392e3	1.0041e5	292.20	0.026	0.913	4.5316e12	2205	233	4	8.484e13	2.793e12	2.882e12	2.792e11	0
471000000	9.5802e-5	1.6683e4	7.3745e3	9.9151e4	291.99	0.026	0.912	4.3665e12	2391	234	4	8.471e13	6.434e12	6.400e12	4.721e11	0
472000000	1.0576e-4	1.6107e4	9.2665e3	9.8381e4	291.70	0.026	0.912	4.4036e12	2708	247	4	8.756e13	8.436e12	8.495e12	5.996e11	0
473000000	6.1980e-5	1.5698e4	7.2170e3	9.7826e4	291.97	0.026	0.910	4.4647e12	2976	250	4	9.023e13	5.557e12	5.522e12	4.942e11	0
474000000	3.3348e-5	1.5183e4	1.8376e4	9.7131e4	291.34	0.027	0.909	4.5210e12	3049	259	4	8.948e13	8.455e12	8.562e12	6.450e11	0
475000000	1.0125e-5	1.5767e4	1.4749e4	9.7915e4	293.08	0.026	0.909	4.3420e12	1931	253	4	8.453e13	4.516e12	4.511e12	2.491e11	0
476000000	3.7024e-5	1.5424e4	9.1352e3	9.7456e4	291.50	0.026	0.908	4.4715e12	2348	232	4	9.137e13	2.675e12	2.774e12	3.598e11	0
477000000	1.0035e-4	1.5109e4	6.2950e3	9.7038e4	291.51	0.027	0.907	4.5185e12	2477	239	4	9.092e13	6.483e12	6.441e12	5.558e11	0
478000000	4.2395e-5	1.4885e4	1.3012e4	9.6728e4	291.73	0.027	0.908	4.5142e12	2547	235	4	8.860e13	6.925e12	6.928e12	5.872e11	0
479000000	5.7821e-5	1.4649e4	6.3881e3	9.6411e4	291.68	0.027	0.907	4.4670e12	2818	247	4	8.711e13	4.364e12	4.358e12	3.698e11	0
480000000	3.7302e-5	1.3509e4	1.2366e4	9.4859e4	290.80	0.027	0.907	4.3839e12	2807	239	4	8.397e13	4.960e12	5.045e12	4.371e11	0
481000000	8.5815e-5	1.3405e4	7.7757e3	9.4722e4	290.92	0.028	0.905	4.3160e12	3067	247	4	8.437e13	6.209e12	6.211e12	4.962e11	0
482000000	1.3382e-4	1.3024e4	7.3333e3	9.4205e4	290.60	0.028	0.904	4.2783e12	3384	254	4	8.217e13	7.540e12	7.564e12	5.323e11	0
483000000	8.5721e-5	1.2483e4	1.0159e4	9.3458e4	290.36	0.028	0.903	4.2749e12	3442	249	4	8.304e13	7.850e12	7.891e12	5.578e11	0
484000000	7.6818e-5	1.2576e4	9.8794e3	9.3585e4	290.44	0.029	0.902	4.2757e12	3482	258	4	8.158e13	7.283e12	7.294e12	5.621e11	0
485000000	8.1856e-5	1.3087e4	7.7135e3	9.4286e4	290.75	0.029	0.904	4.2126e12	3589	248	4	8.171e13	6.511e12	6.476e12	5.321e11	0
486000000	1.4233e-4	1.3524e4	7.7725e3	9.4890e4	290.83	0.029	0.904	4.2315e12	3773	251	4	8.409e13	8.534e12	8.532e12	6.040e11	0
487000000	5.3575e-5	1.3429e4	7.3825e3	9.4751e4	291.15	0.028	0.901	4.2239e12	3547	245	4	8.401e13	4.897e12	4.882e12	4.700e11	0
488000000	8.7299e-5	1.2895e4	1.0185e4	9.4024e4	290.57	0.028	0.901	4.2381e12	3656	251	4	8.352e13	7.974e12	8.037e12	5.822e11	0
489000000	3.3446e-5	1.2690e4	7.2765e3	9.3736e4	290.94	0.028	0.899	4.1779e12	3602	242	4	8.239e13	3.798e12	3.779e12	4.220e11	0
490000000	1.5711e-4	1.2002e4	6.9178e3	9.2802e4	290.06	0.030	0.897	4.1702e12	3355	252	4	8.177e13	7.444e12	7.488e12	5.170e11	0
491000000	1.1037e-4	1.1347e4	6.4591e3	9.1890e4	290.15	0.030	0.896	4.2104e12	3532	250	4	8.330e13	5.987e12	5.987e12	4.571e11	0
492000000	8.5953e-5	1.0374e4	1.1032e4	9.0532e4	289.34	0.031	0.894	4.1717e12	3286	252	4	8.155e13	8.259e12	8.301e12	5.495e11	0
493000000	1.1970e-4	1.0582e4	5.9282e3	9.0827e4	289.75	0.030	0.894	4.2106e12	3429	252	4	8.335e13	6.603e12	6.556e12	5.002e11	0
494000000	1.1651e-4	1.0171e4	8.9888e3	9.0251e4	289.33	0.031	0.895	4.1630e12	3519	252	4	8.202e13	8.256e12	8.257e12	5.788e11	0
495000000	1.0492e-4	1.0525e4	7.9038e3	9.0745e4	289.68	0.030	0.891	4.1928e12	3769	245	4	8.292e13	7.244e12	7.230e12	5.566e11	0
496000000	1.5817e-4	1.0325e4	7.7115e3	9.0471e4	289.50	0.032	0.890	4.2399e12	3567	238	4	8.443e13	8.627e12	8.634e12	5.688e11	0
497000000	3.9125e-5	9.7524e3	1.1818e4	8.9657e4	289.36	0.031	0.889	4.1870e12	3507	244	4	8.060e13	5.703e12	5.722e12	5.195e11	0
498000000	1.8709e-4	9.8805e3	5.8742e3	8.9850e4	289.17	0.032	0.888	4.1719e12	3707	248	4	8.232e13	8.130e12	8.097e12	5.291e11	0
499000000	1.3051e-4	9.4358e3	7.8364e3	8.9219e4	289.17	0.032	0.886	4.2098e12	3473	239	4	8.286e13	7.386e12	7.397e12	5.279e11	0
500000000	5.2204e-5	8.7171e3	1.1598e4	8.8195e4	288.67	0.032	0.887	4.1696e12	3489	247	4	8.022e13	6.424e12	6.456e12	5.244e11	0
501000000	1.0646e-4	8.8099e3	6.6015e3	8.8332e4	288.84	0.032	0.885	4.1297e12	3579	246	4	7.995e13	6.105e12	6.089e12	4.563e11	0
502000000	1.6629e-4	8.3132e3	7.4572e3	8.7632e4	288.28	0.031	0.886	4.1050e12	3573	258	4	8.041e13	8.415e12	8.452e12	5.373e11	0
503000000	1.1113e-4	8.3828e3	8.2280e3	8.7726e4	288.61	0.031	0.885	4.1112e12	3559	239	4	8.013e13	7.533e12	7.516e12	5.633e11	0
504000000	9.4137e-5	8.5189e3	9.4057e3	8.7918e4	288.46	0.032	0.884	4.0749e12	3717	239	4	7.947e13	7.475e12	7.485e12	5.394e11	0
505000000	1.2334e-4	9.0887e3	6.8487e3	8.8728e4	289.02	0.031	0.884	4.0859e12	3798	240	4	8.064e13	6.949e12	6.931e12	5.005e11	0
506000000	1.2520e-4	8.8787e3	8.6412e3	8.8431e4	288.86	0.031	0.883	4.0883e12	3948	248	4	8.033e13	8.111e12	8.146e12	5.586e11	0
507000000	9.9259e-5	8.3438e3	6.7105e3	8.7669e4	288.78	0.031	0.882	4.0698e12	3795	248	4	7.951e13	6.163e12	6.134e12	4.816e11	0
508000000	1.2414e-4	7.7966e3	8.7029e3	8.6890e4	288.03	0.032	0.883	4.0579e12	3346	245	4	7.857e13	8.049e12	8.094e12	5.362e11	0
509000000	1.2348e-4	8.2644e3	7.4630e3	8.7558e4	288.54	0.032	0.883	4.0543e12	3649	244	4	7.962e13	7.458e12	7.437e12	5.436e11	0
510000000	1.0239e-4	8.4184e3	9.4144e3	8.7775e4	288.55	0.032	0.883	4.0449e12	3890	248	4	7.918e13	7.837e12	7.863e12	5.630e11	0
511000000	9.1385e-5	8.5687e3	7.4690e3	8.7988e4	288.83	0.031	0.885	4.0491e12	3632	245	4	7.988e13	6.320e12	6.300e12	5.053e11	0
512000000	1.2932e-4	8.4781e3	8.5963e3	8.7863e4	288.53	0.032	0.884	4.0690e12	3465	239	4	7.984e13	8.261e12	8.291e12	5.612e11	0
513000000	1.0554e-4	8.4321e3	7.2710e3	8.7795e4	288.82	0.031	0.884	4.0738e12	3534	246	4	8.013e13	6.749e12	6.725e12	5.177e11	0
514000000	1.2960e-4	7.9661e3	8.8578e3	8.7133e4	288.39	0.031	0.885	4.0730e12	3281	243	4	7.927e13	8.412e12	8.430e12	5.564e11	0
515000000	1.1847e-4	7.7469e3	6.8249e3	8.6818e4	288.26	0.033	0.884	4.0534e12	3185	240	4	7.912e13	6.986e12	6.945e12	5.225e11	0
516000000	9.1972e-5	7.5375e3	8.5535e3	8.6516e4	288.08	0.033	0.883	4.0688e12	3014	239	4	8.049e13	6.577e12	6.586e12	4.943e11	0
517000000	2.4770e-4	7.3405e3	5.3041e3	8.6247e4	287.86	0.034	0.883	4.0994e12	2966	241	4	8.036e13	8.977e12	8.935e12	5.450e11	0
518000000	1.7827e-4	6.6869e3	8.4914e3	8.5298e4	287.42	0.035	0.882	4.1140e12	3062	232	4	8.031e13	9.773e12	9.814e12	6.106e11	0
519000000	1.4067e-4	6.5165e3	8.9702e3	8.5048e4	287.36	0.034	0.890	4.1240e12	2965	232	4	8.079e13	8.926e12	8.928e12	6.236e11	0
520000000	1.6550e-4	7.0295e3	7.5167e3	8.5792e4	287.57	0.035	0.892	4.1349e12	3047	235	4	8.150e13	8.660e12	8.656e12	6.102e11	0
521000000	1.4308e-4	7.6960e3	7.1369e3	8.6748e4	288.10	0.034	0.891	4.1582e12	2876	227	4	8.227e13	7.525e12	7.522e12	5.415e11	0
522000000	1.4183e-4	7.9399e3	8.8366e3	8.7097e4	288.13	0.033	0.889	4.1580e12	2922	233	4	8.130e13	8.187e12	8.250e12	5.340e11	0
523000000	6.9113e-5	8.3657e3	7.1796e3	8.7697e4	288.65	0.034	0.891	4.1521e12	2962	235	4	8.172e13	5.202e12	5.185e12	4.579e11	0
524000000	1.7109e-4	8.3986e3	7.9333e3	8.7754e4	288.42	0.033	0.890	4.1662e12	2913	239	4	8.226e13	8.894e12	8.935e12	5.157e11	0
525000000	8.9968e-5	8.2930e3	5.5803e3	8.7596e4	288.68	0.032	0.889	4.1580e12	2827	236	4	8.192e13	5.096e12	5.060e12	4.332e11	0
526000000	2.6466e-4	7.6795e3	4.5540e3	8.6735e4	287.98	0.032	0.893	4.1639e12	2863	246	4	8.099e13	7.685e12	7.679e12	5.052e11	0
527000000	8.9168e-5	7.3035e3	9.6165e3	8.6179e4	287.86	0.032	0.893	4.1371e12	2683	234	4	8.079e13	7.206e12	7.234e12	5.110e11	0
528000000	8.6360e-5	8.0337e3	8.5929e3	8.7226e4	288.08	0.033	0.897	4.1088e12	2611	239	4	8.154e13	6.669e12	6.674e12	5.477e11	0
529000000	6.0906e-5	9.1822e3	6.7452e3	8.8855e4	289.26	0.032	0.897	4.0919e12	2568	232	4	7.943e13	4.326e12	4.328e12	3.704e11	0
530000000	8.2726e-5	8.9708e3	1.0870e4	8.8558e4	288.48	0.032	0.895	4.0694e12	2565	222	4	7.381e13	6.331e12	6.528e12	3.841e11	0
531000000	6.1786e-6	9.6395e3	5.7597e3	8.9494e4	289.57	0.032	0.895	3.9832e12	2125	215	4	8.016e13	1.334e12	1.329e12	3.560e11	0
532000000	1.1868e-4	1.0015e4	8.3638e3	9.0033e4	289.17	0.031	0.903	4.0252e12	2280	226	4	7.986e13	6.754e12	6.842e12	4.650e11	0
533000000	3.2358e-5	1.1026e4	7.8685e3	9.1438e4	290.37	0.028	0.895	3.9376e12	2278	225	4	7.368e13	3.765e12	3.758e12	3.989e11	0
534000000	2.6693e-4	1.0580e4	5.7529e3	9.0837e4	289.62	0.028	0.902	3.9961e12	2463	227	4	7.978e13	9.294e12	9.339e12	5.391e11	0
535000000	4.4371e-5	1.0234e4	7.5683e3	9.0333e4	290.00	0.029	0.896	4.0222e12	2471	229	4	7.986e13	4.296e12	4.286e12	4.376e11	0
536000000	9.1976e-5	9.8330e3	9.9791e3	8.9775e4	289.29	0.029	0.902	4.0082e12	2727	236	4	7.840e13	7.752e12	7.825e12	5.281e11	0
537000000	1.1306e-5	1.0129e4	7.1010e3	9.0182e4	290.09	0.028	0.903	3.9439e12	2577	228	4	7.845e13	2.065e12	2.058e12	3.493e11	0
538000000	1.6100e-4	9.9874e3	7.1183e3	8.9998e4	289.27	0.028	0.901	3.9761e12	2598	223	4	7.848e13	7.523e12	7.611e12	4.926e11	0
539000000	3.0713e-5	1.0353e4	7.5267e3	9.0498e4	290.11	0.029	0.901	3.9563e12	2582	220	4	7.797e13	3.601e12	3.587e12	4.020e11	0
540000000	1.9804e-4	1.0098e4	6.6159e3	9.0157e4	289.46	0.029	0.900	3.9614e12	2746	233	4	7.796e13	8.587e12	8.621e12	5.367e11	0
541000000	5.6342e-5	1.0005e4	9.8576e3	9.0014e4	289.70	0.030	0.900	3.9382e12	2943	226	4	7.730e13	5.967e12	5.966e12	5.440e11	0
542000000	1.3350e-4	1.0325e4	5.5084e3	9.0469e4	289.82	0.030	0.899	3.6859e12	2821	227	4	7.149e13	6.215e12	6.188e12	4.168e11	0
543000000	7.9768e-5	9.8226e3	1.1235e4	8.9759e4	289.14	0.030	0.899	3.6922e12	2675	222	4	7.199e13	6.906e12	7.058e12	4.556e11	0
544000000	2.1014e-5	1.0706e4	1.6243e4	9.0990e4	288.44	0.029	0.902	3.5067e12	1613	213	4	6.698e13	5.658e12	5.642e12	3.855e11	0
545000000	1.2912e-4	1.0605e4	5.1001e3	9.0859e4	289.71	0.029	0.901	3.5438e12	2073	225	4	7.049e13	5.594e12	5.576e12	4.392e11	0
546000000	1.1489e-4	1.0709e4	8.1840e3	9.1003e4	289.83	0.029	0.901	3.6110e12	2259	226	4	7.144e13	7.392e12	7.430e12	4.855e11	0
547000000	1.9607e-5	1.0813e4	7.6069e3	9.1139e4	290.31	0.029	0.900	3.5566e12	2232	220	4	6.910e13	2.887e12	2.878e12	3.600e11	0
548000000	1.7315e-4	1.0610e4	5.6678e3	9.0870e4	289.66	0.030	0.900	3.5961e12	2498	226	4	7.091e13	6.790e12	6.809e12	4.694e11	0
549000000	1.7970e-6	1.0652e4	1.7770e4	9.0913e4	290.35	0.030	0.900	3.4454e12	2091	215	4	5.844e13	1.992e12	2.002e12	3.312e11	0
550000000	1.0195e-4	1.1103e4	5.4441e3	9.1551e4	290.17	0.028	0.901	3.4302e12	2084	209	4	6.928e13	5.345e12	5.308e12	3.976e11	0
551000000	7.0339e-5	1.1008e4	9.9320e3	9.1415e4	289.95	0.028	0.902	3.5167e12	3321	229	4	7.012e13	6.699e12	6.778e12	4.923e11	0
552000000	1.0540e-5	1.1266e4	1.9628e4	9.1769e4	291.30	0.024	0.903	3.3369e12	3088	238	4	5.855e13	4.837e12	4.829e12	3.036e11	0
553000000	0.0000e0	1.1146e4	0.0000e0	9.1601e4	289.03	0.022	0.901	3.2896e12	2599	199	4	6.379e13	0.000e0	1.468e6	3.003e5	0
554000000	6.4177e-5	1.0842e4	7.0136e3	9.1184e4	290.27	0.022	0.902	3.2115e12	2930	203	4	6.284e13	4.765e12	4.765e12	4.001e11	0
555000000	3.9982e-6	1.0710e4	5.6549e3	9.0994e4	290.62	0.022	0.901	3.1812e12	2128	201	4	6.771e13	1.225e12	1.223e12	2.914e11	0
556000000	2.1345e-4	1.0120e4	2.9332e3	9.0189e4	289.35	0.022	0.901	3.3347e12	2010	242	4	6.450e13	4.727e12	4.712e12	4.008e11	0
557000000	0.0000e0	9.8502e3	0.0000e0	8.9790e4	288.41	0.024	0.899	3.3359e12	1761	223	4	7.095e13	0.000e0	1.075e6	1.045e5	0
558000000	0.0000e0	9.1743e3	7.8782e-9	8.8838e4	291.18	0.025	0.899	3.8935e12	1739	216	4	8.964e13	0.000e0	2.107e7	2.030e10	0
559000000	1.2690e-6	8.8621e3	5.4494e4	8.8399e4	291.68	0.025	0.898	4.7261e12	1818	213	4	1.131e14	6.054e12	6.054e12	4.414e11	0
560000000	1.2458e-4	8.3615e3	1.0546e4	8.7697e4	289.80	0.024	0.899	5.7397e12	1096	179	4	1.240e14	1.131e13	1.124e13	6.612e11	0
561000000	3.9825e-4	8.6151e3	3.5273e3	8.8083e4	289.03	0.025	0.898	6.1976e12	1183	185	4	1.275e14	7.983e12	8.011e12	4.706e11	0
562000000	2.9365e-4	9.1620e3	3.6149e2	8.8848e4	287.89	0.026	0.899	6.6229e12	1277	167	4	1.339e14	5.604e12	5.375e12	8.920e11	0
563000000	8.8039e-6	9.8045e3	4.6324e4	8.9729e4	290.46	0.026	0.898	6.6543e12	601	148	4	1.213e14	1.033e13	1.040e13	7.587e11	0
564000000	0.0000e0	1.0355e4	1.2549e-30	9.0498e4	292.18	0.024	0.899	6.4711e12	552	150	4	1.252e14	0.000e0	3.114e6	7.427e9	0
565000000	0.0000e0	1.0000e4	1.3723e5	9.0008e4	292.48	0.024	0.898	6.5879e12	863	147	4	1.321e14	6.578e12	6.578e12	8.319e11	0
566000000	0.0000e0	1.0230e4	1.6116e5	9.0331e4	288.71	0.024	0.900	6.9541e12	749	159	4	1.498e14	2.818e12	2.818e12	1.160e12	0
567000000	0.0000e0	8.8452e3	2.8391e5	8.8387e4	288.10	0.023	0.899	7.6178e12	436	138	4	1.484e14	0.000e0	9.139e5	1.730e12	0
568000000	0.0000e0	7.6110e3	2.2217e5	8.6624e4	291.80	0.023	0.900	9.4383e12	373	129	4	2.141e14	9.447e12	9.447e12	2.649e12	0
569000000	0.0000e0	6.4922e3	1.9950e5	8.5009e4	291.01	0.023	0.901	1.1430e13	420	128	4	2.469e14	1.576e13	1.576e13	3.363e12	0
570000000	0.0000e0	5.3094e3	1.9144e5	8.3283e4	290.11	0.023	0.899	1.3623e13	458	129	4	3.054e14	2.519e13	2.519e13	4.513e12	0
571000000	0.0000e0	4.1218e3	1.5284e5	8.1526e4	289.03	0.022	0.899	1.5906e13	507	132	4	3.386e14	3.187e13	3.187e13	4.434e12	0
572000000	0.0000e0	2.6692e3	1.0796e5	7.9344e4	287.17	0.022	0.898	1.7548e13	616	134	4	3.579e14	2.758e13	2.758e13	3.255e12	0
573000000	0.0000e0	1.8191e3	9.9046e4	7.8049e4	285.69	0.024	0.897	1.8859e13	751	134	4	3.879e14	3.500e13	3.500e13	3.551e12	0
574000000	8.2616e-7	1.3759e3	9.1960e4	7.7368e4	283.21	0.024	0.897	1.9290e13	907	140	4	3.792e14	3.236e13	3.236e13	3.592e12	0
575000000	1.0283e-5	2.7946e3	4.7909e4	7.9532e4	286.19	0.025	0.897	2.0267e13	1096	135	4	4.079e14	3.312e13	3.312e13	2.654e12	0
576000000	4.2934e-5	2.8211e3	3.3130e4	7.9574e4	285.89	0.024	0.897	2.0795e13	1244	143	4	4.136e14	3.161e13	3.160e13	2.394e12	0
577000000	7.6586e-5	3.1374e3	2.2405e4	8.0054e4	285.94	0.024	0.897	2.0877e13	1484	142	4	4.034e14	2.703e13	2.703e13	2.013e12	0
578000000	2.2305e-4	3.5205e3	1.1866e4	8.0642e4	285.85	0.024	0.897	2.0389e13	1541	144	4	3.803e14	2.473e13	2.469e13	1.691e12	0
579000000	5.0799e-4	4.1025e3	6.3479e3	8.1536e4	285.84	0.024	0.898	1.9402e13	1720	151	4	3.514e14	2.261e13	2.256e13	1.260e12	0
580000000	1.7563e-4	4.7528e3	1.3363e4	8.2471e4	286.80	0.024	0.900	1.7537e13	1426	140	4	2.923e14	1.374e13	1.389e13	9.653e11	0
581000000	4.7786e-4	5.2553e3	8.8883e3	8.3238e4	286.64	0.024	0.899	1.6393e13	1598	141	4	2.994e14	2.313e13	2.309e13	1.255e12	0
582000000	1.7339e-4	6.7070e3	8.8867e3	8.5327e4	288.44	0.023	0.900	1.5437e13	1574	144	4	2.853e14	1.222e13	1.217e13	1.046e12	0
583000000	6.9685e-5	7.5437e3	2.4832e4	8.6523e4	288.80	0.022	0.899	1.4478e13	1667	141	4	2.628e14	1.240e13	1.262e13	9.274e11	0
584000000	5.1529e-5	8.3755e3	2.2769e4	8.7710e4	290.04	0.023	0.899	1.3618e13	1561	135	4	2.566e14	5.206e12	5.322e12	5.405e11	0
585000000	4.9698e-4	8.3886e3	7.2494e3	8.7770e4	289.17	0.023	0.898	1.3350e13	1897	141	4	2.518e14	2.044e13	2.045e13	1.133e12	0
586000000	2.1430e-4	7.5441e3	1.0022e4	8.6537e4	288.91	0.022	0.898	1.2665e13	2079	137	4	2.381e14	1.441e13	1.437e13	1.134e12	0
587000000	1.3242e-4	7.5136e3	1.3197e4	8.6486e4	288.91	0.022	0.899	1.2133e13	2345	141	4	2.256e14	1.053e13	1.062e13	8.572e11	0
588000000	4.0419e-4	7.8194e3	8.0408e3	8.6949e4	288.97	0.021	0.898	1.1764e13	2519	145	4	2.262e14	1.874e13	1.872e13	1.123e12	0
589000000	1.3252e-4	7.8851e3	5.9842e3	8.7017e4	289.38	0.021	0.898	1.1336e13	2598	143	4	2.159e14	7.644e12	7.594e12	7.561e11	0
590000000	2.4880e-4	7.1610e3	9.0918e3	8.5989e4	288.75	0.020	0.897	1.0977e13	2656	143	4	2.076e14	1.107e13	1.115e13	7.566e11	0
591000000	3.2250e-4	6.7284e3	8.5696e3	8.5372e4	288.20	0.021	0.895	1.0644e13	2535	141	4	2.038e14	1.613e13	1.617e13	1.004e12	0
592000000	2.6603e-4	7.4458e3	7.9069e3	8.6400e4	288.74	0.021	0.895	1.0153e13	2695	154	4	1.928e14	1.365e13	1.359e13	1.013e12	0
593000000	1.7086e-4	7.9070e3	9.8923e3	8.7053e4	289.05	0.022	0.895	9.8207e12	2736	150	4	1.856e14	1.093e13	1.099e13	8.617e11	0
594000000	2.5941e-4	8.0621e3	6.1299e3	8.7282e4	289.18	0.023	0.893	9.3289e12	2700	153	4	1.775e14	1.129e13	1.126e13	8.250e11	0
595000000	1.4430e-4	7.4478e3	1.0395e4	8.6392e4	288.73	0.023	0.894	9.0133e12	2864	152	4	1.693e14	9.461e12	9.544e12	7.481e11	0
596000000	2.4465e-4	7.5747e3	4.9714e3	8.6583e4	288.69	0.023	0.895	8.6160e12	3120	148	4	1.650e14	1.075e13	1.063e13	8.708e11	0
597000000	1.0094e-4	7.6591e3	8.6867e3	8.6691e4	288.86	0.024	0.893	8.2273e12	3297	155	4	1.539e14	7.616e12	7.623e12	7.790e11	0
598000000	1.4520e-4	7.8313e3	9.1739e3	8.6942e4	288.84	0.024	0.891	7.9682e12	3384	147	4	1.499e14	8.769e12	8.843e12	6.927e11	0
599000000	8.9426e-5	7.8771e3	5.0129e3	8.7002e4	289.02	0.024	0.891	7.5727e12	3510	151	4	1.455e14	5.071e12	5.012e12	5.997e11	0
600000000	6.7637e-5	7.9412e3	1.3766e4	8.7092e4	288.81	0.024	0.892	7.3600e12	3586	154	4	1.384e14	8.014e12	8.123e12	6.860e11	0
601000000	0.0000e0	8.9079e3	4.7871e-8	8.8460e4	290.32	0.024	0.893	6.8578e12	2990	152	4	1.257e14	0.000e0	4.052e10	2.522e9	0
602000000	2.8394e-4	8.4705e3	8.2962e3	8.7867e4	289.48	0.024	0.893	6.7081e12	3261	150	4	1.302e14	1.376e13	1.376e13	8.047e11	0
603000000	4.0316e-5	7.7709e3	9.2687e3	8.6845e4	289.35	0.024	0.895	6.6320e12	2935	152	4	1.298e14	4.577e12	4.581e12	6.321e11	0
604000000	5.3580e-5	7.4908e3	1.7261e4	8.6446e4	288.49	0.025	0.896	6.5540e12	2959	145	4	1.275e14	9.349e12	9.499e12	7.350e11	0
605000000	1.5498e-6	8.4642e3	2.7187e4	8.7832e4	290.07	0.025	0.896	6.2489e12	2492	149	4	1.192e14	7.952e11	8.653e11	2.254e11	0
606000000	1.6922e-4	8.6770e3	9.8422e3	8.8149e4	288.08	0.025	0.894	6.1594e12	2736	152	4	1.223e14	1.132e13	1.120e13	7.634e11	0
607000000	1.4233e-4	8.0208e3	9.1987e3	8.7212e4	288.77	0.025	0.903	6.1399e12	2733	148	4	1.186e14	9.569e12	9.611e12	7.366e11	0
608000000	8.8335e-5	9.1991e3	8.3202e3	8.8881e4	289.42	0.024	0.908	6.0160e12	2965	157	4	1.192e14	6.984e12	6.929e12	7.697e11	0
609000000	6.8709e-5	1.1317e4	8.9757e3	9.1844e4	290.80	0.024	0.911	5.9625e12	2815	148	4	1.147e14	6.334e12	6.344e12	7.260e11	0
610000000	1.0126e-4	1.2223e4	4.4269e3	9.3101e4	291.14	0.023	0.911	5.8035e12	3085	148	4	1.126e14	5.054e12	4.997e12	5.557e11	0
611000000	1.4496e-5	1.2227e4	1.7458e4	9.3099e4	291.49	0.023	0.911	5.6461e12	3203	152	4	1.070e14	4.608e12	4.658e12	6.512e11	0
612000000	7.1329e-6	1.3469e4	1.0150e4	9.4801e4	290.13	0.021	0.913	5.2782e12	3179	157	4	1.039e14	2.302e12	2.297e12	7.107e11	0
613000000	0.0000e0	1.5152e4	9.4098e-1	9.7085e4	292.91	0.019	0.913	4.9224e12	3085	151	4	9.355e13	1.704e10	1.969e10	5.158e10	0
614000000	5.0417e-5	1.4430e4	1.3537e4	9.6114e4	292.89	0.018	0.911	4.8294e12	2956	147	4	8.788e13	7.354e12	7.368e12	6.571e11	0
615000000	1.6639e-7	1.4046e4	9.3628e3	9.5587e4	292.63	0.018	0.914	4.6264e12	2861	143	4	9.015e13	4.778e11	4.808e11	4.666e11	0
616000000	4.7366e-5	1.4298e4	1.1926e4	9.5935e4	292.02	0.018	0.916	4.6684e12	3261	150	4	9.320e13	5.906e12	6.024e12	5.160e11	0
617000000	4.9763e-8	1.4878e4	2.4951e4	9.6716e4	293.05	0.017	0.918	4.5525e12	2831	148	4	8.557e13	2.673e11	3.113e11	2.086e11	0
618000000	3.4204e-6	1.5055e4	1.9568e4	9.6955e4	292.91	0.017	0.917	4.5177e12	2718	153	4	8.619e13	1.897e12	1.963e12	3.201e11	0
619000000	1.0599e-5	1.4636e4	8.6635e3	9.6389e4	292.88	0.017	0.916	4.4974e12	2866	148	4	8.875e13	2.268e12	2.277e12	4.507e11	0
620000000	2.4255e-5	1.4546e4	1.5029e4	9.6269e4	292.34	0.016	0.916	4.5805e12	2977	146	4	9.086e13	5.371e12	5.464e12	5.399e11	0
621000000	1.2503e-5	1.5285e4	2.7597e4	9.7267e4	293.60	0.016	0.921	4.4465e12	2783	142	4	7.941e13	7.083e12	7.122e12	6.472e11	0
622000000	7.8167e-5	1.5312e4	8.4535e3	9.7309e4	292.86	0.016	0.920	4.4366e12	2454	143	4	8.754e13	4.527e12	4.597e12	4.381e11	0
623000000	1.0756e-5	1.4634e4	1.6903e4	9.6387e4	292.57	0.016	0.919	4.4471e12	2088	146	4	9.350e13	3.673e12	3.748e12	4.915e11	0
624000000	1.7294e-5	1.4586e4	1.9790e4	9.6323e4	292.69	0.016	0.919	4.6121e12	2296	145	4	9.835e13	3.605e12	3.715e12	3.062e11	0
625000000	5.8198e-6	1.4885e4	2.9198e4	9.6726e4	292.76	0.016	0.918	4.7178e12	2310	141	4	9.610e13	2.867e12	3.038e12	2.704e11	0
626000000	4.7990e-5	1.4423e4	1.0363e4	9.6104e4	293.53	0.015	0.919	4.4677e12	1942	128	4	7.096e13	6.523e12	6.509e12	4.898e11	0
627000000	2.5272e-6	1.3720e4	2.3495e4	9.5144e4	292.90	0.014	0.920	4.7071e12	1935	137	4	1.009e14	2.911e12	2.932e12	5.980e11	0
628000000	5.0311e-6	1.4122e4	8.0328e3	9.5691e4	293.15	0.014	0.921	4.9152e12	1966	130	4	1.031e14	1.542e12	1.551e12	3.823e11	0
629000000	1.7473e-5	1.4186e4	1.7902e4	9.5780e4	292.52	0.015	0.920	5.0984e12	2302	132	4	1.035e14	4.206e12	4.305e12	4.583e11	0
630000000	2.2764e-5	1.4252e4	1.3237e4	9.5869e4	293.15	0.014	0.926	5.0802e12	1982	134	4	1.037e14	4.170e12	4.197e12	5.297e11	0
631000000	5.7480e-5	1.4365e4	1.2411e4	9.6026e4	292.43	0.015	0.938	5.1656e12	2138	130	4	1.051e14	7.485e12	7.576e12	6.351e11	0
632000000	9.6855e-7	1.5605e4	2.6854e4	9.7696e4	294.30	0.016	0.938	4.7224e12	1722	130	4	7.995e13	2.350e12	2.354e12	5.220e11	0
633000000	9.1935e-7	1.6680e4	2.7606e4	9.9139e4	293.41	0.014	0.946	4.8374e12	2115	134	4	9.794e13	7.680e11	8.720e11	1.709e11	0
634000000	0.0000e0	1.7811e4	1.8989e3	1.0064e5	294.73	0.014	0.947	4.8121e12	2178	135	4	9.424e13	4.408e10	5.106e10	1.585e11	0
635000000	6.2533e-5	1.9048e4	7.5491e3	1.0228e5	294.19	0.013	0.945	4.8134e12	2546	135	4	9.550e13	5.022e12	5.045e12	5.583e11	0
636000000	3.6824e-5	1.9409e4	6.9649e3	1.0276e5	294.34	0.012	0.946	4.7819e12	2581	131	4	9.402e13	3.993e12	3.980e12	6.200e11	0
637000000	4.0569e-6	2.0112e4	1.4736e4	1.0368e5	294.76	0.012	0.944	4.7057e12	2540	135	4	8.606e13	2.460e12	2.489e12	5.154e11	0
638000000	5.6747e-7	2.0405e4	6.6870e3	1.0406e5	295.16	0.011	0.945	4.4905e12	2623	136	4	8.623e13	6.514e11	6.530e11	3.629e11	0
639000000	5.8509e-6	1.9871e4	2.1115e4	1.0336e5	294.20	0.011	0.944	4.4957e12	2555	133	4	8.324e13	2.409e12	2.568e12	2.866e11	0
640000000	0.0000e0	2.0597e4	2.9970e-102	1.0431e5	295.96	0.008	0.942	4.0703e12	1534	128	4	7.729e13	0.000e0	3.719e8	1.832e9	0
641000000	1.1742e-5	2.1104e4	1.0029e4	1.0497e5	295.20	0.009	0.943	4.0893e12	2156	125	4	7.419e13	2.870e12	2.902e12	4.387e11	0
642000000	9.0571e-6	2.1803e4	1.7750e4	1.0588e5	295.14	0.008	0.944	4.0665e12	1847	129	4	8.391e13	4.701e12	4.736e12	5.641e11	0
643000000	0.0000e0	2.2735e4	8.6256e4	1.0709e5	297.60	0.008	0.941	3.9257e12	1601	121	4	5.819e13	3.197e12	3.197e12	6.424e11	0
644000000	2.2352e-5	2.2275e4	1.2563e4	1.0649e5	296.17	0.007	0.939	4.0258e12	1790	128	4	8.046e13	5.570e12	5.575e12	6.001e11	0
645000000	9.5210e-6	2.0411e4	1.6940e4	1.0407e5	295.67	0.006	0.939	4.2603e12	1951	135	4	8.557e13	5.276e12	5.281e12	6.268e11	0
646000000	1.3858e-5	2.0032e4	1.1807e4	1.0357e5	295.42	0.006	0.940	4.3707e12	1914	128	4	8.632e13	5.168e12	5.174e12	6.004e11	0
647000000	1.3700e-5	1.9279e4	8.0090e3	1.0258e5	294.86	0.007	0.939	4.4957e12	1596	120	4	8.800e13	4.068e12	4.077e12	5.892e11	0
648000000	7.7824e-7	1.8858e4	1.5668e4	1.0203e5	294.93	0.007	0.939	4.6631e12	1632	145	4	9.117e13	2.702e12	2.709e12	6.672e11	0
649000000	2.6282e-5	1.8885e4	1.2513e4	1.0207e5	295.15	0.007	0.938	4.8106e12	1964	152	4	9.021e13	6.780e12	6.777e12	6.675e11	0
650000000	4.9904e-5	1.8288e4	6.7286e3	1.0128e5	294.53	0.008	0.937	4.7906e12	1712	158	4	9.093e13	5.585e12	5.561e12	5.611e11	0
651000000	2.0198e-4	1.7344e4	4.2970e3	1.0004e5	293.62	0.007	0.937	5.0593e12	1217	163	4	1.004e14	8.359e12	8.261e12	6.644e11	0
652000000	1.9244e-6	1.7366e4	2.2334e4	1.0005e5	295.15	0.007	0.937	5.4186e12	983	138	4	1.124e14	5.430e12	5.433e12	7.587e11	0
653000000	1.4090e-4	1.6100e4	6.4126e3	9.8375e4	293.71	0.007	0.937	5.7807e12	949	138	4	1.111e14	8.856e12	8.775e12	7.512e11	0
654000000	1.5265e-4	1.5992e4	8.5276e3	9.8231e4	293.50	0.007	0.937	5.8253e12	1034	138	4	1.148e14	1.065e13	1.063e13	8.211e11	0
655000000	7.9901e-5	1.6123e4	6.3774e3	9.8400e4	293.73	0.008	0.936	6.0506e12	1103	130	4	1.158e14	6.216e12	6.167e12	7.217e11	0
656000000	5.0071e-6	1.6639e4	2.3880e4	9.9084e4	294.45	0.007	0.937	6.1122e12	1242	134	4	1.181e14	4.588e12	4.607e12	7.421e11	0
657000000	0.0000e0	1.7487e4	8.4083e-44	1.0021e5	294.69	0.007	0.937	6.0870e12	1407	132	4	1.190e14	0.000e0	1.551e6	7.465e9	0
658000000	1.4606e-4	1.7617e4	5.2848e3	1.0040e5	294.22	0.007	0.938	6.0896e12	1308	129	4	1.224e14	7.616e12	7.568e12	7.240e11	0
659000000	6.4484e-5	1.6844e4	1.0990e4	9.9362e4	294.19	0.008	0.936	6.2810e12	1420	128	4	1.289e14	6.943e12	6.982e12	7.865e11	0
660000000	1.0483e-4	1.6168e4	1.1120e4	9.8463e4	293.85	0.008	0.936	6.4681e12	1389	125	4	1.289e14	1.035e13	1.038e13	8.685e11	0
661000000	9.7435e-5	1.5890e4	6.5339e3	9.8089e4	293.69	0.008	0.937	6.5531e12	1658	136	4	1.336e14	7.196e12	7.124e12	8.115e11	0
662000000	3.7432e-5	1.5620e4	1.0601e4	9.7719e4	294.06	0.009	0.935	6.7935e12	1565	133	4	1.353e14	5.400e12	5.419e12	7.547e11	0
663000000	4.4028e-5	1.4929e4	1.8631e4	9.6789e4	293.29	0.008	0.937	6.8850e12	1931	138	4	1.359e14	9.446e12	9.588e12	8.466e11	0
664000000	3.2218e-6	1.5727e4	4.2651e4	9.7862e4	294.37	0.008	0.936	6.1763e12	1819	144	4	1.179e14	7.382e12	7.471e12	6.533e11	0
665000000	0.0000e0	1.6083e4	5.9089e-16	9.8338e4	294.66	0.008	0.937	5.8602e12	2062	150	4	1.090e14	0.000e0	3.956e9	1.367e10	0
666000000	1.9850e-5	1.5945e4	4.3586e3	9.8154e4	293.65	0.009	0.937	5.9224e12	2254	149	4	1.198e14	1.940e12	1.926e12	4.990e11	0
667000000	3.2920e-6	1.6000e4	1.6678e4	9.8227e4	294.35	0.010	0.937	6.0650e12	2306	148	4	1.210e14	2.394e12	2.410e12	7.398e11	0
668000000	1.0419e-5	1.6185e4	4.2376e4	9.8478e4	292.15	0.010	0.938	6.0266e12	2405	154	4	1.189e14	1.067e13	1.079e13	8.077e11	0
669000000	0.0000e0	1.6902e4	1.8993e-6	9.9433e4	295.30	0.011	0.937	5.7073e12	2186	167	4	1.012e14	0.000e0	5.688e8	3.270e10	0
670000000	1.7160e-4	1.7512e4	8.5271e2	1.0026e5	292.61	0.012	0.938	5.5898e12	2397	167	4	1.076e14	3.600e12	3.455e12	8.086e11	0
671000000	0.0000e0	1.7369e4	1.3169e-15	1.0006e5	294.74	0.010	0.938	5.5932e12	2411	174	4	1.089e14	0.000e0	5.462e9	1.450e10	0
672000000	2.9557e-6	1.7481e4	2.8501e4	1.0021e5	295.26	0.013	0.938	5.5432e12	2452	174	4	1.063e14	3.931e12	3.941e12	6.719e11	0
673000000	0.0000e0	1.8337e4	2.8052e-17	1.0134e5	295.01	0.013	0.938	5.2646e12	2457	164	4	1.046e14	0.000e0	2.996e9	1.614e10	0
674000000	1.2421e-4	1.9160e4	3.9458e3	1.0244e5	294.47	0.014	0.936	5.3981e12	2689	170	4	1.076e14	5.521e12	5.469e12	5.418e11	0
675000000	1.1149e-5	1.8182e4	1.3198e4	1.0114e5	294.64	0.014	0.936	5.5830e12	2680	155	4	1.128e14	3.394e12	3.417e12	7.251e11	0
676000000	9.6546e-5	1.8400e4	5.9942e3	1.0143e5	294.20	0.014	0.936	5.4705e12	3030	161	4	1.079e14	6.390e12	6.356e12	6.953e11	0
677000000	2.6752e-5	1.9162e4	6.6415e3	1.0243e5	294.75	0.013	0.935	5.4716e12	2925	150	4	1.066e14	3.251e12	3.251e12	5.901e11	0
678000000	6.9037e-5	1.8825e4	7.9524e3	1.0199e5	294.53	0.012	0.934	5.4181e12	2988	153	4	1.048e14	6.127e12	6.138e12	7.544e11	0
679000000	5.5687e-5	1.8329e4	1.1197e4	1.0134e5	294.40	0.012	0.934	5.3878e12	3095	151	4	1.048e14	7.149e12	7.196e12	7.478e11	0
680000000	1.1200e-4	1.8199e4	5.1633e3	1.0117e5	294.30	0.012	0.934	5.3344e12	3244	155	4	1.050e14	6.587e12	6.509e12	6.971e11	0
681000000	8.3125e-6	1.7815e4	1.1298e4	1.0065e5	294.66	0.012	0.933	5.1570e12	3146	145	4	1.005e14	2.719e12	2.737e12	6.903e11	0
682000000	5.7802e-5	1.7992e4	1.0821e4	1.0089e5	294.08	0.012	0.933	5.1166e12	3168	149	4	9.859e13	7.268e12	7.337e12	7.092e11	0
683000000	1.8061e-4	1.7951e4	9.1732e3	1.0085e5	294.17	0.013	0.932	5.0763e12	3076	159	4	9.705e13	1.218e13	1.216e13	7.937e11	0
684000000	1.9225e-4	1.7017e4	9.8860e3	9.9606e4	293.75	0.014	0.930	5.0024e12	3025	182	4	9.748e13	1.363e13	1.359e13	7.404e11	0
685000000	6.7182e-5	1.6972e4	1.4008e4	9.9534e4	293.76	0.014	0.929	4.8995e12	2795	185	4	9.360e13	9.686e12	9.680e12	7.550e11	0
686000000	5.9606e-6	1.7829e4	1.6317e4	1.0067e5	294.44	0.016	0.928	4.8167e12	2902	186	4	9.528e13	2.311e12	2.361e12	4.635e11	0
687000000	6.3999e-5	1.7465e4	1.0475e4	1.0019e5	293.73	0.016	0.927	4.8263e12	3017	168	4	9.491e13	5.188e12	5.326e12	4.440e11	0
688000000	1.3754e-5	1.7516e4	2.1214e4	1.0025e5	294.36	0.015	0.928	4.7841e12	2848	177	4	9.274e13	5.246e12	5.308e12	5.239e11	0
689000000	1.4233e-5	1.7481e4	2.0286e4	1.0021e5	294.00	0.016	0.928	4.7138e12	2964	167	4	9.166e13	3.182e12	3.305e12	3.070e11	0
690000000	5.0433e-5	1.7640e4	1.6993e4	1.0042e5	294.63	0.016	0.928	4.6559e12	2852	173	4	9.093e13	9.109e12	9.148e12	6.255e11	0
691000000	0.0000e0	1.7386e4	2.1181e0	1.0008e5	293.88	0.015	0.927	4.6891e12	3120	169	4	9.379e13	9.265e9	1.780e11	1.314e9	0
692000000	6.7781e-5	1.7363e4	6.3531e3	1.0005e5	292.50	0.016	0.925	4.6650e12	2797	156	4	8.791e13	5.009e12	4.952e12	6.887e11	0
693000000	3.8720e-5	1.7089e4	9.5981e3	9.9687e4	293.80	0.017	0.924	4.6865e12	3249	178	4	9.023e13	5.188e12	5.193e12	6.655e11	0
694000000	9.7155e-5	1.7269e4	4.9924e3	9.9932e4	293.81	0.018	0.924	4.6475e12	3699	175	4	9.064e13	5.550e12	5.496e12	6.091e11	0
695000000	4.9535e-5	1.6909e4	8.1786e3	9.9448e4	293.76	0.019	0.931	4.6178e12	3792	173	4	8.992e13	5.184e12	5.164e12	6.792e11	0
696000000	9.4940e-5	1.7386e4	7.2631e3	1.0009e5	293.70	0.019	0.930	4.6123e12	3834	173	4	9.010e13	6.736e12	6.739e12	6.609e11	0
697000000	2.6808e-5	1.8299e4	6.4988e3	1.0129e5	294.10	0.019	0.954	4.5770e12	3754	169	4	8.979e13	3.276e12	3.260e12	5.782e11	0
698000000	4.2689e-5	2.0536e4	9.5918e3	1.0423e5	294.92	0.020	0.954	4.5698e12	3492	163	4	8.835e13	5.585e12	5.591e12	6.579e11	0
699000000	1.0821e-4	2.1767e4	5.4354e3	1.0584e5	294.91	0.018	0.957	4.5450e12	3593	159	4	8.909e13	5.954e12	5.891e12	6.554e11	0
700000000	4.7449e-6	2.2974e4	1.2198e4	1.0740e5	296.12	0.014	0.957	4.5027e12	3066	154	4	8.440e13	2.313e12	2.322e12	5.733e11	0
701000000	1.6841e-5	2.3913e4	1.4046e4	1.0860e5	295.89	0.014	0.956	4.4543e12	3362	172	4	8.636e13	4.128e12	4.196e12	5.197e11	0
702000000	1.2033e-5	2.5456e4	2.2208e4	1.1058e5	296.83	0.013	0.958	4.1530e12	2943	157	4	7.596e13	6.472e12	6.496e12	5.354e11	0
703000000	1.8400e-5	2.7083e4	1.0224e4	1.1264e5	296.65	0.013	0.958	4.1199e12	2893	162	4	7.985e13	3.937e12	3.971e12	5.189e11	0
704000000	1.2520e-4	2.8591e4	3.7411e3	1.1456e5	296.76	0.013	0.958	4.1094e12	2933	171	4	8.050e13	5.602e12	5.547e12	5.923e11	0
705000000	0.0000e0	3.0059e4	0.0000e0	1.1639e5	295.91	0.012	0.959	4.0581e12	2641	150	4	7.954e13	0.000e0	1.184e6	2.904e5	0
706000000	0.0000e0	3.2005e4	0.0000e0	1.1881e5	296.35	0.013	0.958	3.6878e12	2508	136	4	6.819e13	0.000e0	8.366e5	8.404e4	0
707000000	6.6200e-5	3.2717e4	3.0162e3	1.1970e5	296.52	0.012	0.957	3.5195e12	2606	141	4	7.052e13	3.047e12	2.983e12	4.996e11	0
708000000	1.0950e-6	3.3458e4	4.1837e4	1.2061e5	296.75	0.012	0.955	3.6256e12	1384	160	4	7.580e13	4.306e12	4.305e12	5.168e11	0
709000000	0.0000e0	3.2831e4	3.1129e4	1.1983e5	296.64	0.010	0.954	3.7219e12	1092	143	4	8.472e13	5.627e11	5.627e11	7.119e11	0
710000000	8.7207e-6	3.2772e4	1.5376e4	1.1976e5	299.07	0.010	0.953	4.2500e12	905	128	4	9.209e13	4.594e12	4.592e12	6.169e11	0
711000000	2.1035e-5	3.2076e4	5.3013e3	1.1890e5	297.96	0.010	0.955	4.7840e12	987	137	4	1.044e14	3.228e12	3.211e12	7.290e11	0
712000000	5.6766e-5	3.2330e4	1.3693e4	1.1922e5	296.62	0.010	0.954	5.1024e12	1075	137	4	1.015e14	1.041e13	1.035e13	7.586e11	0
713000000	2.2288e-4	3.2272e4	2.0162e3	1.1917e5	297.43	0.010	0.954	5.2969e12	971	136	4	1.065e14	6.312e12	6.222e12	6.874e11	0
714000000	1.8443e-5	3.2232e4	1.1077e4	1.1909e5	298.66	0.009	0.954	5.6592e12	1023	138	4	1.087e14	4.360e12	4.385e12	5.584e11	0
715000000	1.9194e-5	3.1408e4	8.3491e3	1.1807e5	298.49	0.008	0.953	5.9843e12	1052	135	4	1.222e14	3.861e12	3.856e12	6.276e11	0
716000000	5.3279e-5	3.0402e4	8.6299e3	1.1682e5	297.57	0.007	0.954	6.5852e12	1137	131	4	1.302e14	6.480e12	6.488e12	8.106e11	0
717000000	5.3589e-5	2.9404e4	7.7929e3	1.1557e5	297.69	0.007	0.954	6.8559e12	1125	140	4	1.308e14	6.127e12	6.097e12	8.167e11	0
718000000	7.4726e-5	2.9576e4	1.3010e4	1.1579e5	297.58	0.007	0.954	7.2479e12	1172	140	4	1.388e14	1.092e13	1.102e13	8.976e11	0
719000000	1.2785e-5	2.9678e4	3.0347e4	1.1591e5	298.64	0.008	0.953	6.4788e12	1320	158	4	1.208e14	1.077e13	1.080e13	8.710e11	0
720000000	2.7788e-5	2.9240e4	1.3152e4	1.1536e5	297.80	0.009	0.955	6.6924e12	1306	152	4	1.353e14	6.363e12	6.372e12	8.546e11	0
721000000	1.7436e-4	2.9705e4	8.4829e3	1.1596e5	297.59	0.008	0.955	7.0696e12	1379	150	4	1.432e14	1.229e13	1.234e13	8.804e11	0
722000000	1.1174e-4	2.9314e4	1.4290e4	1.1547e5	297.57	0.010	0.953	7.3447e12	1568	164	4	1.508e14	1.511e13	1.509e13	1.007e12	0
723000000	1.9557e-4	2.8709e4	6.2910e3	1.1471e5	297.19	0.011	0.952	7.3602e12	1820	179	4	1.418e14	1.135e13	1.124e13	9.750e11	0
724000000	1.8233e-5	2.8373e4	9.2276e3	1.1427e5	297.73	0.011	0.952	7.4364e12	1931	177	4	1.423e14	4.090e12	4.089e12	8.231e11	0
725000000	6.0631e-5	2.7704e4	1.4618e4	1.1343e5	297.21	0.011	0.952	7.1418e12	2113	164	4	1.412e14	1.014e13	1.025e13	8.892e11	0
726000000	1.3604e-6	2.7298e4	3.6128e4	1.1292e5	297.82	0.013	0.951	6.6003e12	1989	195	4	1.213e14	4.159e12	4.225e12	6.503e11	0
727000000	0.0000e0	2.7145e4	1.3713e-46	1.1272e5	298.11	0.013	0.950	6.2926e12	2195	187	4	1.145e14	0.000e0	3.370e9	5.801e9	0
728000000	2.8227e-6	2.7026e4	4.2910e3	1.1257e5	297.08	0.012	0.949	6.3567e12	2405	182	4	1.336e14	8.802e11	8.781e11	4.798e11	0
729000000	6.8471e-6	2.6824e4	1.5460e4	1.1232e5	297.63	0.013	0.948	6.7195e12	2340	178	4	1.359e14	4.017e12	4.042e12	8.450e11	0
730000000	3.9886e-5	2.6174e4	2.8662e4	1.1150e5	295.25	0.013	0.947	6.8605e12	2475	194	4	1.360e14	1.560e13	1.568e13	1.037e12	0
731000000	0.0000e0	2.6079e4	1.6987e4	1.1137e5	297.21	0.012	0.948	7.0943e12	2403	185	4	1.420e14	1.998e11	2.246e11	7.235e11	0
732000000	4.1678e-5	2.6215e4	2.5236e4	1.1155e5	295.30	0.013	0.946	6.9496e12	2738	197	4	1.366e14	1.413e13	1.421e13	9.552e11	0
733000000	1.8639e-6	2.5351e4	2.9113e4	1.1044e5	297.19	0.012	0.947	6.8543e12	2860	202	4	1.330e14	2.094e12	2.156e12	4.682e11	0
734000000	3.6010e-5	2.5102e4	6.3181e3	1.1013e5	296.82	0.012	0.945	6.6609e12	3231	201	4	1.351e14	3.312e12	3.334e12	4.732e11	0
735000000	3.5972e-5	2.4178e4	1.6798e4	1.0895e5	296.33	0.012	0.946	7.0727e12	3394	196	4	1.463e14	7.816e12	7.925e12	8.046e11	0
736000000	1.4803e-5	2.3782e4	2.3870e4	1.0844e5	297.04	0.012	0.945	7.0608e12	3360	195	4	1.464e14	7.133e12	7.194e12	8.077e11	0
737000000	2.2043e-5	2.3414e4	6.8758e3	1.0796e5	296.58	0.013	0.945	7.1978e12	3639	203	4	1.457e14	2.735e12	2.756e12	4.898e11	0
738000000	3.2456e-5	2.2578e4	1.4263e4	1.0689e5	296.08	0.013	0.945	7.2582e12	3592	185	4	1.372e14	5.338e12	5.416e12	6.882e11	0
739000000	6.7743e-5	2.2036e4	1.1652e4	1.0619e5	296.24	0.012	0.945	7.0468e12	3716	216	4	1.385e14	6.490e12	6.542e12	5.972e11	0
740000000	1.0234e-4	2.1641e4	8.7774e3	1.0568e5	295.65	0.013	0.943	7.0934e12	3882	196	4	1.394e14	8.139e12	8.182e12	8.458e11	0
741000000	1.0372e-4	2.1119e4	1.0945e4	1.0500e5	295.34	0.013	0.943	7.1416e12	3872	184	4	1.411e14	1.088e13	1.089e13	9.851e11	0
742000000	7.0807e-5	2.1441e4	6.2248e3	1.0542e5	295.71	0.013	0.939	6.8825e12	3635	176	4	1.306e14	5.744e12	5.709e12	7.211e11	0
743000000	4.1131e-5	2.0533e4	1.5254e4	1.0423e5	295.38	0.014	0.939	6.8816e12	3924	185	4	1.349e14	8.169e12	8.243e12	8.732e11	0
744000000	1.6467e-4	2.0361e4	8.8279e3	1.0402e5	295.09	0.014	0.940	6.5937e12	3936	182	4	1.281e14	1.219e13	1.214e13	8.729e11	0
745000000	7.4341e-5	1.9949e4	7.8606e3	1.0347e5	295.25	0.013	0.940	6.5615e12	3816	165	4	1.246e14	7.218e12	7.197e12	8.573e11	0
746000000	1.2677e-4	1.9834e4	8.4026e3	1.0332e5	295.13	0.014	0.940	6.4817e12	3862	174	4	1.249e14	9.696e12	9.712e12	8.769e11	0
747000000	8.0143e-5	1.9390e4	7.6588e3	1.0274e5	295.01	0.014	0.940	6.2472e12	3783	173	4	1.193e14	7.297e12	7.260e12	8.824e11	0
748000000	2.4457e-6	1.9663e4	9.4543e3	1.0309e5	295.46	0.014	0.939	5.9911e12	4036	185	4	1.157e14	1.729e12	1.735e12	6.549e11	0
749000000	5.8638e-5	1.9464e4	9.5404e3	1.0283e5	294.85	0.013	0.940	5.7797e12	4178	177	4	1.067e14	7.543e12	7.574e12	6.906e11	0
750000000	1.1172e-4	2.0048e4	1.0809e4	1.0360e5	295.16	0.013	0.940	5.5065e12	3812	195	4	1.047e14	1.053e13	1.045e13	7.196e11	0
751000000	2.2178e-4	1.9237e4	4.8673e3	1.0255e5	294.72	0.013	0.940	5.4110e12	3943	202	4	1.040e14	8.425e12	8.361e12	6.655e11	0
752000000	4.5395e-5	1.7783e4	1.0995e4	1.0061e5	294.83	0.012	0.941	5.6271e12	4226	200	4	1.142e14	6.671e12	6.700e12	8.413e11	0
753000000	1.3183e-4	1.7030e4	5.3533e3	9.9618e4	294.34	0.013	0.941	5.7530e12	4388	192	4	1.148e14	7.288e12	7.219e12	6.945e11	0
754000000	2.5718e-5	1.5895e4	1.1127e4	9.8088e4	294.40	0.013	0.941	5.7856e12	4316	186	4	1.120e14	4.856e12	4.876e12	7.497e11	0
755000000	1.0928e-4	1.5133e4	6.3534e3	9.7070e4	293.74	0.011	0.942	5.4970e12	4269	200	4	1.027e14	7.217e12	7.151e12	6.971e11	0
756000000	3.7715e-5	1.5114e4	9.9372e3	9.7037e4	294.18	0.008	0.943	5.6119e12	4329	200	4	1.107e14	5.378e12	5.392e12	7.628e11	0
757000000	1.1753e-4	1.4893e4	6.6148e3	9.6747e4	293.82	0.007	0.941	5.5658e12	4482	187	4	1.087e14	7.564e12	7.530e12	7.439e11	0
758000000	2.4987e-5	1.4976e4	1.3072e4	9.6850e4	294.12	0.007	0.948	5.6067e12	4173	188	4	1.126e14	5.490e12	5.513e12	7.669e11	0
759000000	8.9646e-5	1.5705e4	5.6205e3	9.7838e4	294.18	0.007	0.948	5.5596e12	4228	179	4	1.083e14	5.889e12	5.827e12	6.387e11	0
760000000	7.7455e-6	1.6082e4	1.4740e4	9.8337e4	294.95	0.006	0.954	5.5780e12	3732	178	4	1.108e14	3.401e12	3.418e12	7.176e11	0
761000000	7.5759e-5	1.6685e4	6.5263e3	9.9151e4	294.69	0.007	0.953	5.5247e12	3500	200	4	1.077e14	5.346e12	5.347e12	5.736e11	0
762000000	2.0222e-6	1.6590e4	1.6965e4	9.9017e4	295.02	0.007	0.955	5.0644e12	3095	198	4	9.701e13	2.052e12	2.074e12	6.580e11	0
763000000	3.6324e-5	1.7126e4	7.1135e3	9.9736e4	294.78	0.006	0.955	5.1796e12	3385	188	4	9.800e13	3.891e12	3.901e12	5.936e11	0
764000000	4.4615e-5	1.7746e4	9.1823e3	1.0056e5	294.79	0.006	0.957	5.1036e12	3779	184	4	9.474e13	5.383e12	5.415e12	6.531e11	0
765000000	1.5107e-4	1.8689e4	8.7539e3	1.0182e5	294.80	0.006	0.958	5.0066e12	3542	180	4	9.864e13	1.024e13	1.019e13	6.672e11	0
766000000	9.4399e-6	2.0122e4	2.3103e4	1.0369e5	294.19	0.005	0.960	4.8529e12	3190	179	4	9.151e13	5.954e12	5.946e12	6.005e11	0
767000000	2.4666e-5	2.0783e4	6.8126e3	1.0456e5	294.41	0.005	0.960	4.2040e12	2989	190	4	8.598e13	3.667e12	3.645e12	5.572e11	0
768000000	1.7874e-5	2.1258e4	9.1802e3	1.0517e5	295.89	0.005	0.958	4.2551e12	3771	188	4	8.249e13	3.606e12	3.602e12	5.755e11	0
769000000	1.3210e-7	2.1726e4	1.6466e4	1.0578e5	296.06	0.005	0.959	4.0480e12	3854	185	4	6.491e13	7.806e11	8.080e11	3.710e11	0
770000000	6.9333e-7	2.1859e4	6.0284e3	1.0595e5	296.66	0.006	0.958	3.4523e12	3637	179	4	6.909e13	6.797e11	6.795e11	2.842e11	0
771000000	9.1545e-7	2.1681e4	1.5271e4	1.0572e5	294.65	0.006	0.970	3.8860e12	3507	179	4	7.779e13	1.486e12	1.485e12	5.348e11	0
772000000	5.8834e-5	2.3056e4	9.5081e3	1.0751e5	296.55	0.006	0.970	3.9536e12	3637	195	4	8.305e13	6.669e12	6.643e12	5.263e11	0
773000000	3.5043e-5	2.4624e4	9.7428e3	1.0952e5	297.14	0.006	0.971	3.7731e12	3457	186	4	7.317e13	5.421e12	5.392e12	4.766e11	0
774000000	6.0196e-5	2.6122e4	5.0977e3	1.1143e5	297.02	0.007	0.971	3.9639e12	3719	197	4	7.594e13	4.464e12	4.450e12	5.332e11	0
775000000	2.9765e-5	2.7562e4	9.2533e3	1.1325e5	297.47	0.008	0.971	4.2536e12	3802	208	4	8.663e13	4.768e12	4.805e12	5.739e11	0
776000000	5.9928e-5	2.8976e4	8.5367e3	1.1504e5	298.02	0.008	0.971	4.1604e12	3552	202	4	7.735e13	6.864e12	6.816e12	5.318e11	0
777000000	3.4261e-5	3.0098e4	7.2525e3	1.1644e5	297.81	0.008	0.971	4.4055e12	3924	201	4	8.892e13	4.363e12	4.392e12	6.201e11	0
778000000	1.7014e-5	3.1968e4	1.3848e4	1.1877e5	299.09	0.008	0.972	4.0100e12	3495	208	4	6.532e13	5.596e12	5.582e12	4.589e11	0
779000000	2.1751e-4	3.3046e4	3.9607e3	1.2012e5	298.32	0.008	0.973	4.1143e12	3698	199	4	8.900e13	7.962e12	7.877e12	6.215e11	0
780000000	0.0000e0	3.4118e4	3.6084e-7	1.2142e5	300.22	0.007	0.973	3.6710e12	2640	193	4	4.629e13	0.000e0	1.446e9	1.401e10	0
781000000	3.6408e-6	3.5620e4	1.1152e4	1.2327e5	299.85	0.006	0.974	3.9046e12	3211	194	4	7.443e13	2.511e12	2.521e12	4.715e11	0
782000000	7.6995e-5	3.6276e4	5.7441e3	1.2408e5	299.41	0.006	0.972	4.1572e12	3666	192	4	8.405e13	6.350e12	6.333e12	5.565e11	0
783000000	3.4318e-5	3.7030e4	1.1094e4	1.2499e5	300.05	0.006	0.971	4.2186e12	3450	200	4	8.031e13	8.038e12	8.010e12	5.317e11	0
784000000	5.1968e-5	3.6972e4	4.7574e3	1.2492e5	299.49	0.006	0.971	4.3136e12	3686	201	4	8.603e13	4.137e12	4.117e12	5.380e11	0
785000000	4.2689e-5	3.7413e4	8.5162e3	1.2546e5	299.98	0.006	0.972	4.0763e12	3452	201	4	6.966e13	5.893e12	5.869e12	4.977e11	0
786000000	6.5061e-5	3.7322e4	4.0289e3	1.2535e5	299.54	0.007	0.971	4.1171e12	3799	199	4	8.746e13	4.254e12	4.197e12	5.087e11	0
787000000	2.2012e-5	3.7928e4	1.2619e4	1.2609e5	300.06	0.007	0.972	4.2607e12	3284	198	4	7.919e13	5.928e12	5.914e12	5.635e11	0
788000000	3.3247e-5	3.8389e4	7.7055e3	1.2665e5	299.93	0.007	0.971	4.2174e12	3354	194	4	8.036e13	4.419e12	4.445e12	4.953e11	0
789000000	1.8835e-6	3.8459e4	1.4694e4	1.2673e5	300.29	0.008	0.970	4.0464e12	3437	197	4	7.574e13	2.305e12	2.322e12	3.927e11	0
790000000	9.3503e-5	3.8620e4	4.0956e3	1.2694e5	299.77	0.008	0.970	3.9937e12	3911	197	4	7.862e13	5.177e12	5.129e12	4.916e11	0
791000000	1.5711e-5	3.8615e4	1.4316e4	1.2692e5	300.52	0.008	0.968	3.9463e12	3175	194	4	6.984e13	5.571e12	5.563e12	4.676e11	0
792000000	4.4090e-5	3.8466e4	6.3763e3	1.2674e5	299.74	0.009	0.967	3.8767e12	3215	212	4	7.759e13	3.779e12	3.851e12	4.228e11	0
793000000	8.4807e-7	3.8273e4	1.1515e4	1.2650e5	300.33	0.008	0.970	3.9068e12	3238	209	4	7.405e13	1.314e12	1.322e12	4.226e11	0
794000000	1.0577e-4	3.8087e4	3.6152e3	1.2629e5	299.58	0.008	0.969	3.9675e12	3646	208	4	7.720e13	4.753e12	4.734e12	4.713e11	0
795000000	3.5077e-6	3.7485e4	1.4169e4	1.2554e5	300.43	0.008	0.970	3.9270e12	3095	203	4	7.483e13	2.859e12	2.868e12	4.416e11	0
796000000	2.7225e-5	3.7717e4	7.9573e3	1.2583e5	299.47	0.008	0.969	3.9574e12	3406	200	4	7.736e13	4.174e12	4.251e12	4.924e11	0
797000000	1.1211e-5	3.8489e4	1.6024e4	1.2677e5	300.81	0.008	0.969	3.9242e12	3111	206	4	7.550e13	5.485e12	5.481e12	4.613e11	0
798000000	1.1626e-4	3.7860e4	3.8056e3	1.2601e5	299.51	0.009	0.968	4.0164e12	3449	198	4	7.979e13	5.647e12	5.585e12	5.505e11	0
799000000	0.0000e0	3.8254e4	1.5305e4	1.2648e5	300.63	0.009	0.969	3.9792e12	2920	197	4	7.356e13	7.330e11	7.358e11	4.033e11	0
800000000	1.7267e-5	3.9006e4	7.1862e3	1.2739e5	299.86	0.011	0.968	4.1349e12	3169	202	4	8.443e13	2.732e12	2.791e12	4.965e11	0
801000000	1.7776e-5	3.9747e4	9.5876e3	1.2829e5	300.43	0.011	0.968	4.1120e12	3174	212	4	8.050e13	4.254e12	4.258e12	5.059e11	0
802000000	5.2158e-5	4.0436e4	5.1342e3	1.2913e5	300.18	0.011	0.965	4.1371e12	3631	200	4	8.143e13	4.310e12	4.309e12	4.863e11	0
803000000	7.9374e-5	3.9567e4	4.4941e3	1.2808e5	299.95	0.010	0.966	4.1905e12	3734	195	4	8.523e13	5.184e12	5.121e12	5.482e11	0
804000000	0.0000e0	3.8571e4	4.7565e3	1.2686e5	300.39	0.010	0.966	4.3064e12	3146	201	4	8.466e13	1.674e11	1.715e11	2.873e11	0
805000000	2.7166e-5	3.8091e4	8.5157e3	1.2629e5	299.83	0.009	0.967	4.3361e12	3645	198	4	8.572e13	4.517e12	4.546e12	6.194e11	0
806000000	8.2562e-6	3.7877e4	1.8373e4	1.2602e5	300.85	0.010	0.966	4.1253e12	3087	215	4	7.915e13	5.344e12	5.336e12	5.205e11	0
807000000	6.7758e-5	3.7124e4	6.0425e3	1.2511e5	299.66	0.010	0.965	4.0883e12	3645	208	4	8.069e13	5.777e12	5.754e12	6.096e11	0
808000000	1.8354e-5	3.6957e4	1.1040e4	1.2490e5	300.18	0.010	0.963	4.0851e12	3499	198	4	8.038e13	4.866e12	4.867e12	5.313e11	0
809000000	2.2555e-5	3.6116e4	5.9506e3	1.2388e5	299.63	0.010	0.961	4.1732e12	3682	197	4	7.934e13	3.017e12	3.032e12	4.933e11	0
810000000	1.0854e-5	3.4090e4	8.0853e3	1.2139e5	298.88	0.009	0.962	4.2429e12	3649	198	4	8.440e13	2.398e12	2.470e12	5.270e11	0
811000000	1.0013e-5	3.3080e4	7.3177e3	1.2014e5	299.31	0.009	0.962	4.3117e12	3870	199	4	8.723e13	2.497e12	2.487e12	4.982e11	0
812000000	0.0000e0	3.2278e4	1.3295e2	1.1915e5	298.90	0.010	0.961	4.2801e12	3746	192	4	8.314e13	6.019e10	6.577e10	9.328e10	0
813000000	1.8493e-5	3.1191e4	7.0053e3	1.1780e5	298.69	0.009	0.961	4.2450e12	3470	217	4	8.269e13	2.967e12	2.988e12	5.751e11	0
814000000	6.7565e-5	3.0141e4	5.5876e3	1.1650e5	298.38	0.008	0.962	4.2210e12	4278	207	4	8.247e13	5.199e12	5.162e12	5.802e11	0
815000000	8.5773e-6	2.9381e4	7.0146e3	1.1554e5	298.41	0.009	0.961	4.1974e12	4013	206	4	8.101e13	2.148e12	2.141e12	5.372e11	0
816000000	1.1170e-6	2.8672e4	1.2461e4	1.1465e5	298.31	0.009	0.960	4.1664e12	3546	195	4	8.091e13	1.401e12	1.421e12	5.497e11	0
817000000	3.9898e-5	2.8299e4	5.7746e3	1.1418e5	298.16	0.009	0.961	4.1301e12	3269	206	4	8.240e13	3.590e12	3.594e12	4.498e11	0
818000000	1.5748e-5	2.7459e4	7.3051e3	1.1312e5	298.01	0.009	0.960	4.1627e12	3704	202	4	8.345e13	2.865e12	2.858e12	5.678e11	0
819000000	1.1766e-5	2.6694e4	8.9514e3	1.1215e5	297.59	0.009	0.963	4.2105e12	3951	197	4	8.288e13	2.673e12	2.701e12	5.628e11	0
820000000	4.4267e-5	2.6852e4	5.7588e3	1.1235e5	297.61	0.009	0.962	4.2105e12	4073	204	4	8.127e13	4.013e12	3.991e12	5.459e11	0
821000000	0.0000e0	2.6970e4	3.9800e-3	1.1250e5	298.20	0.009	0.962	4.1839e12	3670	196	4	8.253e13	0.000e0	4.424e8	3.628e10	0
822000000	9.3392e-5	2.6751e4	4.7022e3	1.1223e5	297.47	0.009	0.963	4.1431e12	3686	197	4	8.350e13	5.122e12	5.103e12	5.823e11	0
823000000	1.2991e-5	2.6338e4	6.7736e3	1.1170e5	297.68	0.009	0.962	3.9867e12	3995	210	4	7.927e13	2.418e12	2.409e12	5.325e11	0
824000000	2.1505e-5	2.6128e4	6.7488e3	1.1143e5	297.54	0.010	0.961	4.0767e12	4007	200	4	8.026e13	2.835e12	2.853e12	5.490e11	0
825000000	3.0731e-5	2.5741e4	7.3143e3	1.1094e5	297.42	0.010	0.961	4.1026e12	4116	201	4	7.985e13	3.376e12	3.408e12	5.282e11	0
826000000	4.2437e-5	2.5135e4	4.9435e3	1.1017e5	297.30	0.010	0.960	4.0787e12	4570	212	4	7.956e13	3.396e12	3.378e12	4.925e11	0
827000000	8.7924e-6	2.4215e4	8.0055e3	1.0899e5	297.30	0.009	0.960	4.0597e12	4222	213	4	8.006e13	2.144e12	2.148e12	5.553e11	0
828000000	2.0522e-5	2.3523e4	1.0997e4	1.0810e5	296.73	0.009	0.959	3.9727e12	4497	211	4	7.868e13	4.291e12	4.351e12	5.484e11	0
829000000	9.0790e-6	2.3992e4	1.7416e4	1.0870e5	295.63	0.009	0.963	3.7714e12	3192	207	4	7.150e13	4.450e12	4.442e12	3.743e11	0
830000000	8.8604e-5	2.4271e4	6.8571e3	1.0907e5	296.95	0.009	0.964	3.8411e12	3688	224	4	7.650e13	6.249e12	6.274e12	5.505e11	0
831000000	7.8230e-6	2.4643e4	1.4512e4	1.0954e5	295.84	0.009	0.963	3.7949e12	3219	221	4	7.423e13	3.508e12	3.501e12	4.453e11	0
832000000	7.8330e-5	2.4220e4	5.5019e3	1.0901e5	296.88	0.009	0.964	3.8507e12	3667	217	4	7.709e13	4.828e12	4.852e12	5.494e11	0
833000000	0.0000e0	2.3564e4	3.9683e-6	1.0815e5	297.12	0.008	0.963	3.8540e12	3350	205	4	7.632e13	0.000e0	1.260e6	2.523e10	0
834000000	8.9246e-5	2.2840e4	5.2125e3	1.0723e5	296.51	0.008	0.965	3.8329e12	3777	212	4	7.569e13	4.939e12	4.947e12	5.504e11	0
835000000	4.5883e-6	2.2675e4	1.1641e4	1.0701e5	295.45	0.009	0.965	3.7829e12	3221	206	4	6.927e13	2.227e12	2.223e12	4.854e11	0
836000000	1.0117e-4	2.3171e4	3.6572e3	1.0766e5	296.69	0.008	0.965	3.7741e12	4082	209	4	7.549e13	4.535e12	4.487e12	4.957e11	0
837000000	2.5223e-5	2.3145e4	7.2475e3	1.0762e5	297.12	0.008	0.967	3.7890e12	4216	211	4	7.575e13	3.441e12	3.433e12	4.764e11	0
838000000	2.1669e-5	2.3406e4	7.9580e3	1.0795e5	296.89	0.008	0.971	3.8033e12	4403	209	4	7.566e13	3.282e12	3.300e12	5.459e11	0
839000000	2.3730e-6	2.3878e4	9.7500e3	1.0856e5	297.49	0.007	0.973	3.7658e12	3764	206	4	7.317e13	1.436e12	1.439e12	4.175e11	0
840000000	5.0985e-5	2.4457e4	5.0056e3	1.0931e5	297.09	0.007	0.972	3.6690e12	3728	217	4	6.806e13	3.445e12	3.446e12	4.136e11	0
841000000	3.2712e-5	2.5056e4	4.4574e3	1.1007e5	297.29	0.008	0.972	3.6550e12	3706	208	4	7.394e13	2.599e12	2.593e12	4.081e11	0
842000000	3.0870e-5	2.5669e4	7.6855e3	1.1085e5	297.38	0.008	0.971	3.7325e12	4016	199	4	7.405e13	3.769e12	3.803e12	5.248e11	0
843000000	3.1199e-6	2.5835e4	7.1519e3	1.1106e5	297.80	0.007	0.972	3.7333e12	3452	205	4	7.344e13	1.297e12	1.297e12	4.587e11	0
844000000	6.9491e-5	2.6175e4	4.2814e3	1.1150e5	297.43	0.007	0.971	3.6264e12	3462	213	4	6.055e13	3.658e12	3.653e12	4.168e11	0
845000000	5.9844e-5	2.5630e4	6.1571e3	1.1080e5	297.20	0.007	0.971	3.3429e12	3028	182	4	6.707e13	2.637e12	2.739e12	3.327e11	0
846000000	0.0000e0	2.5869e4	1.2848e-7	1.1110e5	298.45	0.006	0.971	3.4440e12	2595	185	4	6.711e13	0.000e0	3.336e9	1.554e10	0
847000000	3.5100e-5	2.6783e4	6.4498e3	1.1227e5	297.91	0.008	0.972	3.4832e12	3157	188	4	7.008e13	3.515e12	3.522e12	3.972e11	0
848000000	9.7050e-5	2.7258e4	5.3408e3	1.1287e5	297.60	0.008	0.972	3.5368e12	3383	203	4	6.653e13	5.327e12	5.293e12	4.676e11	0
849000000	7.9763e-7	2.7094e4	1.0246e4	1.1266e5	298.28	0.008	0.973	3.6095e12	3230	194	4	6.899e13	9.183e11	9.238e11	4.583e11	0
850000000	6.0570e-5	2.7071e4	5.7689e3	1.1263e5	297.69	0.008	0.973	3.4531e12	3403	192	4	6.746e13	4.356e12	4.329e12	4.552e11	0
851000000	7.9822e-6	2.7717e4	5.4864e3	1.1344e5	297.95	0.008	0.972	3.4199e12	3231	180	4	6.668e13	1.596e12	1.594e12	4.069e11	0
852000000	1.6438e-6	2.8696e4	1.0002e4	1.1468e5	298.67	0.008	0.976	3.3268e12	2891	196	4	6.238e13	1.307e12	1.309e12	3.419e11	0
853000000	0.0000e0	2.9446e4	9.6408e3	1.1562e5	298.20	0.008	0.975	3.1958e12	2881	188	4	5.802e13	6.309e10	8.675e10	8.649e10	0
854000000	4.5926e-5	3.0106e4	5.2013e3	1.1645e5	298.61	0.006	0.975	3.0061e12	2931	192	4	6.168e13	3.800e12	3.772e12	3.253e11	0
855000000	5.7855e-5	3.0858e4	7.0384e3	1.1739e5	298.78	0.007	0.975	3.1197e12	3019	196	4	6.297e13	5.198e12	5.146e12	4.568e11	0
856000000	1.6341e-5	3.1088e4	5.2935e3	1.1767e5	298.70	0.007	0.974	3.1866e12	3249	203	4	6.295e13	2.158e12	2.151e12	4.315e11	0
857000000	1.2819e-6	3.0791e4	1.0083e4	1.1730e5	299.09	0.006	0.973	3.2438e12	2992	193	4	6.387e13	1.135e12	1.137e12	4.664e11	0
858000000	3.2900e-5	3.0663e4	7.1925e3	1.1714e5	298.58	0.006	0.974	3.3174e12	3056	188	4	6.618e13	3.948e12	3.964e12	4.656e11	0
859000000	1.4898e-5	3.1416e4	6.3776e3	1.1808e5	299.01	0.006	0.975	3.3434e12	3228	201	4	6.740e13	2.516e12	2.505e12	4.020e11	0
860000000	2.4570e-6	3.1873e4	6.0593e3	1.1864e5	298.92	0.007	0.972	3.4104e12	2864	195	4	6.815e13	8.883e11	9.080e11	4.451e11	0
861000000	5.8565e-5	3.1437e4	6.1018e3	1.1811e5	298.87	0.006	0.972	3.4514e12	2849	202	4	6.832e13	3.818e12	3.847e12	4.249e11	0
862000000	1.0803e-5	3.1020e4	9.4692e3	1.1759e5	299.62	0.006	0.972	3.4019e12	2703	199	4	6.758e13	3.078e12	3.076e12	2.897e11	0
863000000	1.0016e-4	3.0838e4	4.3218e3	1.1737e5	298.51	0.005	0.972	3.4804e12	2863	194	4	6.944e13	4.527e12	4.555e12	4.692e11	0
864000000	8.3044e-6	3.0727e4	1.1879e4	1.1722e5	299.71	0.005	0.970	3.4392e12	2566	198	4	6.697e13	3.408e12	3.400e12	3.116e11	0
865000000	0.0000e0	3.0030e4	5.0175e-33	1.1635e5	298.31	0.005	0.969	3.4754e12	2690	184	4	6.910e13	2.973e9	1.308e11	9.631e8	0
866000000	2.6968e-5	2.8995e4	4.4557e3	1.1506e5	298.41	0.005	0.969	3.4894e12	2733	193	4	6.936e13	2.070e12	2.084e12	3.651e11	0
867000000	8.5134e-6	2.7854e4	1.3703e4	1.1362e5	298.30	0.005	0.969	3.5067e12	3224	191	4	6.840e13	3.535e12	3.554e12	4.707e11	0
868000000	7.3176e-6	2.7180e4	7.1405e3	1.1277e5	298.54	0.005	0.969	3.3903e12	2427	199	4	6.823e13	1.845e12	1.847e12	3.016e11	0
869000000	6.1286e-6	2.6842e4	7.1557e3	1.1234e5	297.84	0.005	0.968	3.4504e12	2799	197	4	6.840e13	8.722e11	9.333e11	2.644e11	0
870000000	2.6894e-5	2.6450e4	9.3568e3	1.1184e5	297.87	0.007	0.969	3.4000e12	3061	202	4	6.740e13	4.396e12	4.408e12	4.733e11	0
871000000	2.1691e-5	2.7024e4	6.3327e3	1.1257e5	298.20	0.006	0.970	3.4193e12	3318	208	4	6.961e13	3.062e12	3.044e12	3.980e11	0
872000000	0.0000e0	2.6829e4	0.0000e0	1.1232e5	296.60	0.006	0.971	3.4711e12	2695	201	4	6.681e13	0.000e0	1.433e6	3.392e5	0
873000000	4.7118e-5	2.6509e4	6.5220e3	1.1192e5	297.85	0.007	0.969	3.4823e12	2535	199	4	6.879e13	4.270e12	4.270e12	5.233e11	0
874000000	6.8067e-6	2.6618e4	1.0769e4	1.1206e5	298.78	0.007	0.969	3.3546e12	2331	198	4	6.682e13	2.746e12	2.740e12	2.425e11	0
875000000	0.0000e0	2.6300e4	9.1377e-15	1.1165e5	297.19	0.006	0.970	3.3113e12	2640	196	4	6.288e13	1.452e9	1.190e11	6.567e8	0
876000000	1.1643e-6	2.6279e4	5.9740e3	1.1162e5	298.26	0.006	0.969	3.2536e12	2336	186	4	6.274e13	7.284e11	7.299e11	2.688e11	0
877000000	0.0000e0	2.5551e4	6.6534e-48	1.1070e5	297.23	0.005	0.968	3.2483e12	2388	187	4	6.437e13	1.722e9	1.331e11	7.545e8	0
878000000	1.4541e-6	2.5248e4	7.3083e3	1.1031e5	297.87	0.005	0.968	3.2897e12	2657	189	4	6.625e13	9.161e11	9.227e11	4.134e11	0
879000000	6.3813e-5	2.5326e4	7.7529e3	1.1042e5	297.67	0.005	0.969	3.3394e12	2793	194	4	6.633e13	5.114e12	5.162e12	4.227e11	0
880000000	4.4006e-6	2.5420e4	9.8094e3	1.1053e5	298.36	0.006	0.968	3.3258e12	2675	205	4	6.595e13	1.930e12	1.933e12	3.296e11	0
881000000	4.4952e-5	2.5106e4	3.6782e3	1.1013e5	297.56	0.006	0.967	3.3148e12	2733	181	4	6.576e13	1.723e12	1.767e12	2.393e11	0
882000000	7.6996e-5	2.3796e4	7.5266e3	1.0846e5	297.25	0.006	0.967	3.3158e12	3051	191	4	6.497e13	6.010e12	6.063e12	4.564e11	0
883000000	9.3978e-6	2.3040e4	1.1054e4	1.0748e5	297.70	0.006	0.967	3.2483e12	2705	192	4	6.439e13	2.962e12	2.964e12	3.952e11	0
884000000	7.0314e-5	2.2962e4	3.5513e3	1.0739e5	297.07	0.006	0.968	3.2257e12	3354	197	4	6.490e13	3.527e12	3.479e12	3.606e11	0
885000000	3.7857e-5	2.2428e4	1.1032e4	1.0669e5	297.21	0.006	0.968	3.1893e12	2828	193	4	6.164e13	5.811e12	5.780e12	4.285e11	0
886000000	1.0106e-5	2.1997e4	5.6833e3	1.0613e5	296.85	0.006	0.968	3.2236e12	3234	192	4	6.480e13	1.648e12	1.655e12	4.248e11	0
887000000	1.2607e-5	2.1765e4	1.0412e4	1.0583e5	296.66	0.007	0.966	3.2448e12	3155	192	4	6.416e13	2.126e12	2.202e12	3.156e11	0
888000000	1.2075e-5	2.1990e4	9.8300e3	1.0612e5	297.66	0.006	0.966	3.1821e12	2798	207	4	6.342e13	3.150e12	3.146e12	2.747e11	0
889000000	7.2593e-5	2.1634e4	2.4630e3	1.0567e5	296.39	0.006	0.965	3.2046e12	3185	199	4	6.331e13	2.408e12	2.398e12	3.811e11	0
890000000	5.4807e-6	2.0847e4	1.1335e4	1.0464e5	296.86	0.006	0.966	3.1968e12	3213	190	4	6.316e13	2.268e12	2.275e12	4.539e11	0
891000000	4.6573e-5	2.0961e4	4.7194e3	1.0479e5	296.68	0.006	0.966	3.1846e12	3584	198	4	6.346e13	3.355e12	3.325e12	3.531e11	0
892000000	9.0682e-6	2.0806e4	1.6088e4	1.0458e5	295.20	0.007	0.966	3.1533e12	2875	202	4	6.096e13	3.965e12	3.958e12	3.593e11	0
893000000	5.1290e-6	2.0208e4	1.2244e4	1.0380e5	296.45	0.007	0.967	3.1695e12	2886	212	4	6.262e13	1.717e12	1.763e12	3.196e11	0
894000000	5.8937e-5	2.0186e4	6.2586e3	1.0378e5	296.58	0.007	0.967	3.1413e12	2847	213	4	6.270e13	4.615e12	4.599e12	3.661e11	0
895000000	4.8747e-8	2.0344e4	1.0904e4	1.0398e5	296.60	0.008	0.967	2.9858e12	3138	209	4	5.906e13	4.105e11	4.145e11	4.418e11	0
896000000	3.2751e-6	2.0714e4	5.5038e3	1.0446e5	296.87	0.008	0.965	2.7348e12	3382	208	4	5.471e13	1.006e12	1.003e12	2.459e11	0
897000000	0.0000e0	2.0376e4	2.5519e-33	1.0402e5	296.69	0.008	0.964	2.8067e12	2934	195	4	5.909e13	0.000e0	9.514e9	2.801e9	0
898000000	3.3245e-5	2.0456e4	7.4682e3	1.0413e5	296.77	0.009	0.964	2.8868e12	2748	194	4	5.918e13	3.800e12	3.798e12	3.162e11	0
899000000	2.8705e-5	2.0516e4	4.3369e3	1.0421e5	296.24	0.010	0.966	2.9028e12	3175	202	4	5.677e13	2.238e12	2.228e12	3.834e11	0
900000000	4.3432e-7	2.0497e4	7.5388e3	1.0418e5	296.66	0.010	0.966	2.8757e12	3273	194	4	5.606e13	5.011e11	5.099e11	3.357e11	0
901000000	7.4038e-5	1.9902e4	5.5204e3	1.0341e5	296.05	0.009	0.968	2.8560e12	3291	199	4	5.604e13	3.709e12	3.769e12	3.335e11	0
902000000	3.0686e-6	1.9616e4	1.7105e4	1.0303e5	297.03	0.009	0.968	2.7499e12	2853	212	4	5.415e13	2.494e12	2.495e12	2.969e11	0
903000000	1.0676e-4	1.9892e4	2.6839e3	1.0340e5	296.16	0.010	0.966	2.7437e12	3116	207	4	5.588e13	3.055e12	3.038e12	2.502e11	0
904000000	8.9155e-5	1.9414e4	4.7467e3	1.0277e5	296.16	0.009	0.966	2.7707e12	3244	209	4	5.595e13	3.923e12	3.929e12	3.075e11	0
905000000	8.9681e-7	1.9187e4	8.5324e3	1.0246e5	296.13	0.011	0.966	2.7786e12	3392	195	4	5.575e13	8.065e11	8.078e11	4.091e11	0
906000000	2.6035e-5	1.9879e4	4.7685e3	1.0337e5	296.26	0.011	0.972	2.7721e12	3492	203	4	5.511e13	2.055e12	2.066e12	2.834e11	0
907000000	1.5630e-5	2.0578e4	1.2456e4	1.0429e5	296.22	0.011	0.972	2.7568e12	3303	191	4	5.414e13	3.512e12	3.589e12	3.293e11	0
908000000	1.1491e-5	2.2053e4	6.9465e3	1.0620e5	297.50	0.011	0.971	2.7783e12	2867	205	4	5.716e13	2.147e12	2.150e12	2.130e11	0
909000000	8.3090e-8	2.2129e4	7.5649e3	1.0630e5	295.47	0.012	0.971	2.7748e12	2910	193	4	5.352e13	3.284e11	3.302e11	3.755e11	0
910000000	3.4190e-5	2.2784e4	5.1387e3	1.0715e5	296.95	0.011	0.970	2.7249e12	3201	192	4	5.333e13	2.855e12	2.847e12	3.453e11	0
911000000	2.8613e-5	2.3455e4	6.6044e3	1.0802e5	297.14	0.011	0.971	2.6799e12	3269	197	4	5.202e13	3.140e12	3.120e12	3.300e11	0
912000000	7.5869e-9	2.4055e4	6.3404e3	1.0879e5	297.27	0.011	0.972	2.5366e12	3146	189	4	5.027e13	2.153e11	2.227e11	3.457e11	0
913000000	4.6607e-5	2.4590e4	6.0767e3	1.0948e5	297.48	0.011	0.971	2.5064e12	3080	195	4	4.974e13	3.447e12	3.460e12	3.088e11	0
914000000	6.0806e-5	2.4834e4	6.8499e3	1.0979e5	297.79	0.010	0.971	2.4903e12	3087	188	4	5.056e13	5.080e12	5.068e12	3.167e11	0
915000000	4.0561e-6	2.5415e4	9.3522e3	1.1052e5	296.37	0.011	0.970	2.5007e12	2485	204	4	5.072e13	1.747e12	1.743e12	3.608e11	0
916000000	2.5108e-6	2.6279e4	6.1175e3	1.1162e5	298.17	0.011	0.970	2.4908e12	2620	205	4	4.950e13	9.440e11	9.505e11	2.554e11	0
917000000	3.6311e-6	2.6210e4	7.0467e3	1.1154e5	297.63	0.010	0.968	2.4780e12	2610	206	4	4.946e13	1.905e11	2.719e11	5.455e10	0
918000000	1.3961e-5	2.5995e4	5.8352e3	1.1126e5	298.17	0.010	0.968	2.4468e12	2549	204	4	4.857e13	1.878e12	1.888e12	2.307e11	0
919000000	2.4067e-5	2.5336e4	4.9072e3	1.1043e5	297.61	0.008	0.968	2.4213e12	2770	183	4	4.794e13	2.057e12	2.072e12	3.200e11	0
920000000	4.7738e-5	2.4986e4	6.1877e3	1.0998e5	297.59	0.010	0.968	2.4190e12	3013	192	4	4.851e13	3.835e12	3.851e12	3.492e11	0
921000000	0.0000e0	2.5375e4	8.3062e3	1.1047e5	296.37	0.009	0.968	2.2485e12	1959	178	4	3.566e13	0.000e0	7.753e5	8.147e10	0
922000000	4.5733e-5	2.5486e4	4.5683e3	1.1062e5	298.05	0.007	0.967	2.2126e12	1923	182	4	4.514e13	3.179e12	3.160e12	2.305e11	0
923000000	2.6887e-7	2.4826e4	2.7014e4	1.0977e5	298.61	0.007	0.968	2.2209e12	1632	192	4	4.634e13	1.426e12	1.426e12	3.316e11	0
924000000	6.2405e-6	2.4476e4	1.2470e4	1.0932e5	298.45	0.007	0.968	2.2842e12	1848	186	4	4.935e13	2.828e12	2.824e12	3.099e11	0
925000000	2.9659e-5	2.3794e4	7.8890e3	1.0845e5	297.71	0.008	0.969	2.4245e12	1763	172	4	5.019e13	3.964e12	3.956e12	3.539e11	0
926000000	5.4510e-5	2.3793e4	3.4634e3	1.0845e5	297.44	0.008	0.969	2.4805e12	1813	157	4	5.081e13	2.886e12	2.848e12	2.767e11	0
927000000	2.6302e-5	2.3261e4	5.0553e3	1.0777e5	296.01	0.008	0.969	2.5187e12	1937	169	4	5.117e13	2.374e12	2.351e12	3.469e11	0
928000000	1.1269e-7	2.3300e4	6.8722e3	1.0781e5	297.58	0.008	0.968	2.6216e12	1907	165	4	5.472e13	3.468e11	3.551e11	3.393e11	0
929000000	8.1235e-5	2.2872e4	4.2235e3	1.0727e5	297.02	0.008	0.968	2.6975e12	2171	167	4	5.421e13	3.424e12	3.446e12	3.469e11	0
930000000	8.6096e-6	2.2608e4	1.2912e4	1.0692e5	297.55	0.008	0.969	2.6597e12	2183	186	4	5.106e13	3.237e12	3.244e12	2.979e11	0
931000000	1.5401e-6	2.2951e4	7.1904e3	1.0736e5	297.63	0.008	0.966	2.6229e12	2120	174	4	5.106e13	1.344e12	1.342e12	2.938e11	0
932000000	5.2007e-6	2.2547e4	4.1839e3	1.0684e5	296.97	0.008	0.965	2.6078e12	1906	169	4	5.103e13	1.380e12	1.421e12	3.163e11	0
933000000	2.7528e-5	2.2463e4	6.8364e3	1.0674e5	297.41	0.008	0.964	2.5939e12	2080	176	4	5.134e13	2.995e12	3.009e12	2.905e11	0
934000000	6.2553e-5	2.1801e4	3.8882e3	1.0588e5	296.95	0.008	0.964	2.6125e12	2105	169	4	5.230e13	3.308e12	3.275e12	3.301e11	0
935000000	3.1528e-5	2.0943e4	5.0136e3	1.0476e5	296.66	0.008	0.965	2.6199e12	2039	165	4	5.192e13	2.751e12	2.726e12	3.481e11	0
936000000	5.7585e-7	2.0202e4	6.3408e3	1.0379e5	296.70	0.008	0.964	2.5738e12	1679	160	4	4.965e13	8.127e11	8.182e11	3.046e11	0
937000000	3.2753e-5	1.9779e4	6.6719e3	1.0324e5	296.52	0.008	0.965	2.4931e12	1872	176	4	4.865e13	3.775e12	3.757e12	3.047e11	0
938000000	3.4421e-6	2.0143e4	1.0761e4	1.0372e5	297.11	0.008	0.969	2.6088e12	1635	167	4	5.624e13	2.068e12	2.069e12	3.858e11	0
939000000	3.0249e-5	1.9611e4	8.0773e3	1.0302e5	296.90	0.007	0.968	2.8258e12	1815	158	4	5.914e13	4.117e12	4.112e12	4.105e11	0
940000000	5.4905e-5	1.9005e4	4.3247e3	1.0223e5	296.13	0.007	0.968	2.9286e12	1803	178	4	5.914e13	3.144e12	3.181e12	4.815e11	0
941000000	1.9991e-5	1.9345e4	1.3156e4	1.0267e5	297.12	0.008	0.968	2.9838e12	1788	172	4	5.705e13	5.129e12	5.129e12	3.427e11	0
942000000	3.6515e-5	1.9183e4	5.1832e3	1.0246e5	296.44	0.008	0.968	2.9060e12	2099	180	4	5.855e13	3.133e12	3.116e12	3.458e11	0
943000000	2.4386e-5	1.9005e4	4.2866e3	1.0222e5	294.96	0.008	0.967	2.8140e12	1988	181	4	5.120e13	2.247e12	2.226e12	3.838e11	0
944000000	0.0000e0	1.9154e4	1.2195e-1	1.0242e5	296.48	0.008	0.967	2.7705e12	2044	186	4	5.295e13	1.822e10	2.795e10	1.728e10	0
945000000	1.9556e-6	1.9260e4	8.2566e3	1.0256e5	296.82	0.009	0.968	2.7245e12	2062	183	4	5.269e13	1.351e12	1.350e12	3.252e11	0
946000000	3.7618e-5	1.9130e4	4.2429e3	1.0239e5	296.17	0.010	0.966	2.7870e12	1998	185	4	5.399e13	2.622e12	2.656e12	3.535e11	0
947000000	8.6834e-5	1.8676e4	6.5667e3	1.0180e5	296.30	0.010	0.966	2.7928e12	2284	192	4	5.356e13	5.730e12	5.744e12	3.828e11	0
948000000	2.6123e-5	1.8409e4	1.0323e4	1.0144e5	296.66	0.009	0.966	2.7529e12	2232	186	4	5.281e13	4.833e12	4.812e12	3.560e11	0
949000000	2.1034e-5	1.7833e4	5.7123e3	1.0067e5	296.00	0.009	0.965	2.7773e12	2140	186	4	5.366e13	2.716e12	2.704e12	3.608e11	0
950000000	3.4018e-6	1.7516e4	7.6509e3	1.0025e5	295.70	0.010	0.965	2.6577e12	2122	178	4	5.143e13	1.650e12	1.663e12	3.743e11	0
951000000	1.8364e-5	1.7834e4	7.7437e3	1.0067e5	296.16	0.011	0.964	2.6441e12	2264	181	4	5.046e13	3.252e12	3.245e12	3.587e11	0
952000000	1.7184e-5	1.8139e4	6.1118e3	1.0108e5	296.09	0.011	0.968	2.6369e12	1898	171	4	5.126e13	2.580e12	2.588e12	3.461e11	0
953000000	6.8458e-5	1.7924e4	4.4123e3	1.0080e5	295.83	0.012	0.967	2.7636e12	1854	183	4	5.947e13	3.833e12	3.822e12	3.578e11	0
954000000	1.6683e-4	1.7556e4	4.4180e3	1.0032e5	295.48	0.012	0.966	3.1700e12	1951	164	4	6.129e13	6.136e12	6.030e12	4.783e11	0
955000000	1.2428e-5	1.7909e4	9.9510e3	1.0077e5	294.51	0.013	0.967	3.3645e12	1584	171	4	6.567e13	3.321e12	3.311e12	4.621e11	0
956000000	1.8069e-6	1.8411e4	9.2528e3	1.0144e5	296.45	0.013	0.967	3.6580e12	1915	190	4	7.610e13	1.675e12	1.675e12	4.702e11	0
957000000	5.6771e-5	1.8616e4	5.7318e3	1.0171e5	296.11	0.013	0.965	3.7714e12	1898	185	4	7.395e13	5.288e12	5.308e12	5.241e11	0
958000000	1.3851e-4	1.8479e4	4.4495e3	1.0154e5	295.83	0.014	0.966	3.8554e12	1903	182	4	7.917e13	7.173e12	7.174e12	5.185e11	0
959000000	7.0508e-5	1.8708e4	8.1231e3	1.0184e5	296.33	0.013	0.966	3.9121e12	2059	177	4	7.558e13	6.291e12	6.234e12	4.661e11	0
960000000	9.2129e-5	1.8842e4	4.4631e3	1.0202e5	295.99	0.014	0.964	3.9297e12	2320	184	4	7.483e13	4.745e12	4.714e12	5.174e11	0
961000000	3.8680e-8	1.9153e4	8.3889e3	1.0242e5	296.59	0.014	0.964	3.8289e12	2132	187	4	7.213e13	6.967e11	6.998e11	4.864e11	0
962000000	3.6008e-5	1.9297e4	7.4032e3	1.0261e5	296.29	0.015	0.962	3.7637e12	2309	200	4	7.236e13	3.287e12	3.340e12	4.070e11	0
963000000	8.5796e-5	1.9292e4	8.4231e3	1.0261e5	296.46	0.014	0.962	3.5993e12	2638	203	4	6.968e13	7.044e12	6.997e12	4.606e11	0
964000000	3.9530e-6	1.9188e4	5.7083e3	1.0246e5	296.28	0.015	0.961	3.6177e12	2589	186	4	6.943e13	1.316e12	1.313e12	4.288e11	0
965000000	9.2245e-6	1.9358e4	6.3749e3	1.0269e5	296.13	0.014	0.961	3.5925e12	2510	186	4	6.722e13	1.571e12	1.634e12	3.486e11	0
966000000	5.1565e-5	1.8949e4	5.2966e3	1.0215e5	296.27	0.013	0.962	3.4807e12	2694	196	4	6.401e13	3.778e12	3.770e12	4.135e11	0
967000000	8.8650e-5	1.8659e4	4.4246e3	1.0177e5	296.04	0.013	0.961	3.4866e12	2825	195	4	6.557e13	4.509e12	4.481e12	4.411e11	0
968000000	1.7197e-6	1.8413e4	7.4179e3	1.0144e5	296.31	0.014	0.960	3.3869e12	2812	191	4	6.205e13	1.214e12	1.215e12	3.782e11	0
969000000	8.0769e-5	1.8306e4	4.1052e3	1.0131e5	295.96	0.015	0.958	3.3041e12	2912	185	4	6.171e13	3.880e12	3.861e12	3.530e11	0
970000000	7.3697e-5	1.7735e4	5.5941e3	1.0055e5	295.66	0.014	0.958	3.2461e12	3093	183	4	6.063e13	4.651e12	4.638e12	3.971e11	0
971000000	6.1672e-5	1.7720e4	7.8550e3	1.0053e5	296.21	0.015	0.957	3.0535e12	2604	170	4	5.732e13	6.222e12	6.174e12	3.693e11	0
972000000	6.7045e-5	1.6980e4	3.9047e3	9.9544e4	295.45	0.014	0.960	3.0900e12	2944	189	4	5.740e13	3.364e12	3.347e12	3.574e11	0
973000000	5.7179e-6	1.6777e4	5.3920e3	9.9266e4	295.49	0.014	0.959	3.0484e12	3235	181	4	5.720e13	1.498e12	1.510e12	3.670e11	0
974000000	6.4601e-5	1.6793e4	4.4381e3	9.9294e4	295.40	0.014	0.961	2.9238e12	3207	184	4	5.552e13	3.555e12	3.556e12	3.565e11	0
975000000	9.0853e-6	1.6837e4	6.5300e3	9.9347e4	295.64	0.015	0.965	2.9136e12	3295	179	4	5.519e13	2.467e12	2.461e12	3.538e11	0
976000000	6.1857e-5	1.7144e4	3.8832e3	9.9762e4	295.43	0.015	0.965	2.8882e12	3570	174	4	5.353e13	3.528e12	3.517e12	3.337e11	0
977000000	5.1259e-5	1.7216e4	3.9543e3	9.9857e4	295.49	0.013	0.964	2.8371e12	3472	171	4	5.311e13	3.492e12	3.488e12	3.360e11	0
978000000	8.6939e-6	1.7477e4	6.2626e3	1.0020e5	295.70	0.012	0.966	2.7663e12	3615	174	4	5.135e13	2.226e12	2.223e12	3.456e11	0
979000000	1.6116e-5	1.8269e4	5.4013e3	1.0125e5	296.17	0.011	0.966	2.7094e12	3653	162	4	5.199e13	2.506e12	2.504e12	3.038e11	0
980000000	2.6930e-5	1.7783e4	3.5617e3	1.0061e5	295.71	0.011	0.966	2.7366e12	3480	162	4	5.426e13	2.742e12	2.763e12	3.141e11	0
981000000	5.3000e-5	1.7640e4	4.5796e3	1.0042e5	295.61	0.011	0.966	2.7659e12	3753	158	4	5.187e13	3.898e12	3.925e12	3.174e11	0
982000000	8.7244e-5	1.8377e4	6.1473e3	1.0140e5	296.12	0.012	0.968	2.6746e12	3537	156	4	4.954e13	5.929e12	5.862e12	3.475e11	0
983000000	0.0000e0	1.9097e4	8.1202e2	1.0234e5	296.54	0.013	0.967	2.6615e12	3645	188	4	5.017e13	2.572e11	2.574e11	7.843e10	0
984000000	0.0000e0	1.9283e4	9.3554e-45	1.0259e5	296.72	0.013	0.964	2.6394e12	3526	183	4	4.877e13	0.000e0	5.071e8	2.861e9	0
985000000	1.8312e-6	1.9453e4	6.3408e3	1.0281e5	296.48	0.012	0.965	2.5934e12	3596	188	4	4.862e13	1.461e12	1.464e12	3.224e11	0
986000000	2.9290e-5	2.0166e4	4.6804e3	1.0375e5	296.59	0.012	0.970	2.5197e12	4120	190	4	4.782e13	3.062e12	3.047e12	3.330e11	0
987000000	4.1806e-5	2.0754e4	3.8678e3	1.0452e5	296.65	0.012	0.971	2.5529e12	3851	179	4	5.769e13	2.951e12	2.947e12	3.047e11	0
988000000	8.8038e-5	2.1190e4	5.3282e3	1.0509e5	296.65	0.011	0.975	3.1026e12	3967	194	4	5.723e13	5.128e12	5.202e12	5.480e11	0
989000000	1.4117e-5	2.2568e4	1.2702e4	1.0687e5	296.02	0.012	0.974	2.6634e12	3447	185	4	4.368e13	4.701e12	4.689e12	4.080e11	0
990000000	2.1998e-5	2.3723e4	7.8003e3	1.0836e5	297.87	0.013	0.972	2.4907e12	3556	183	4	4.034e13	5.356e12	5.354e12	2.945e11	0
991000000	4.2317e-6	2.4514e4	6.1251e3	1.0937e5	297.92	0.011	0.974	2.3008e12	3732	184	4	4.082e13	2.915e12	2.935e12	2.495e11	0
992000000	0.0000e0	2.5491e4	5.1376e2	1.1062e5	298.11	0.011	0.975	2.1592e12	3967	197	4	3.928e13	1.872e11	2.063e11	2.703e10	0
993000000	1.8421e-5	2.6987e4	4.5046e3	1.1252e5	297.71	0.011	0.977	2.0679e12	3942	172	4	3.759e13	4.117e12	4.100e12	2.993e11	0
994000000	1.1799e-6	2.8305e4	5.3808e3	1.1418e5	298.76	0.012	0.976	2.0624e12	3915	169	4	4.030e13	1.463e12	1.467e12	2.818e11	0
995000000	1.9578e-5	2.9288e4	4.5599e3	1.1542e5	298.94	0.011	0.975	1.9110e12	4271	167	4	3.629e13	3.523e12	3.525e12	2.806e11	0
996000000	2.4412e-5	2.9763e4	4.0835e3	1.1602e5	298.99	0.011	0.974	1.8644e12	4054	169	4	3.703e13	2.938e12	2.926e12	2.512e11	0
997000000	0.0000e0	3.0396e4	4.0070e-18	1.1681e5	300.48	0.012	0.974	1.8337e12	2556	162	4	3.505e13	0.000e0	5.123e5	5.156e9	0
998000000	0.0000e0	3.1151e4	6.5787e-16	1.1775e5	300.45	0.013	0.972	1.8587e12	2263	156	4	3.800e13	0.000e0	7.209e8	7.426e9	0
999000000	1.7793e-7	3.2064e4	7.0914e3	1.1888e5	299.80	0.013	0.975	1.9480e12	2128	145	4	4.049e13	1.503e12	1.523e12	3.357e11	0
1000000000	7.6300e-6	3.3421e4	6.5527e3	1.2056e5	300.10	0.014	0.974	1.9724e12	2176	130	4	3.842e13	3.125e12	3.126e12	2.935e11	0
1001000000	1.7370e-5	3.3869e4	4.9261e3	1.2112e5	300.03	0.013	0.974	1.9551e12	2088	129	4	3.816e13	3.617e12	3.618e12	2.945e11	0
1002000000	3.8716e-5	3.4241e4	4.2226e3	1.2158e5	300.01	0.014	0.973	1.9919e12	1798	128	4	4.517e13	4.366e12	4.358e12	3.224e11	0
1003000000	0.0000e0	3.4531e4	4.5864e-6	1.2193e5	301.01	0.014	0.974	2.0236e12	1477	120	4	4.195e13	3.694e10	3.702e10	1.381e10	0
1004000000	1.7944e-6	3.5010e4	2.3279e4	1.2252e5	301.08	0.013	0.974	2.1022e12	1678	121	4	4.107e13	6.135e12	6.133e12	3.709e11	0
1005000000	3.6571e-6	3.5723e4	9.5323e3	1.2339e5	299.18	0.013	0.974	2.1873e12	1655	118	4	4.441e13	6.056e12	6.052e12	4.452e11	0
1006000000	8.3456e-5	3.5503e4	5.4929e3	1.2313e5	300.38	0.014	0.974	2.4215e12	1797	121	4	5.215e13	9.720e12	9.720e12	4.303e11	0
1007000000	8.8773e-7	3.5804e4	9.3578e3	1.2349e5	300.84	0.014	0.974	2.6360e12	1464	117	4	5.624e13	4.232e12	4.233e12	3.886e11	0
1008000000	1.2796e-5	3.6133e4	9.2280e3	1.2390e5	300.94	0.013	0.975	2.8726e12	1484	118	4	6.368e13	6.613e12	6.609e12	4.760e11	0
1009000000	0.0000e0	3.6281e4	8.2757e-13	1.2407e5	301.62	0.013	0.974	2.9062e12	1273	115	4	5.715e13	4.575e10	4.575e10	1.445e10	0
1010000000	3.3891e-6	3.5994e4	3.6346e4	1.2373e5	302.14	0.013	0.973	3.0290e12	1415	116	4	6.671e13	1.359e13	1.359e13	7.440e11	0
1011000000	0.0000e0	3.5805e4	2.5231e-9	1.2349e5	301.79	0.014	0.972	3.4489e12	1388	123	4	7.299e13	1.193e11	1.193e11	1.890e10	0
1012000000	2.0295e-5	3.6257e4	1.8410e4	1.2405e5	301.44	0.015	0.970	3.4891e12	1555	114	4	7.496e13	1.616e13	1.615e13	7.235e11	0
1013000000	4.0971e-5	3.6808e4	8.3006e3	1.2472e5	299.36	0.016	0.970	3.9610e12	1469	118	4	9.086e13	1.159e13	1.155e13	7.543e11	0
1014000000	5.9854e-7	3.6432e4	2.5748e4	1.2426e5	301.55	0.017	0.969	4.5133e12	1355	117	4	1.015e14	9.390e12	9.403e12	6.772e11	0
1015000000	3.5184e-6	3.6332e4	1.3387e4	1.2414e5	299.28	0.017	0.970	4.5156e12	1335	118	4	9.879e13	8.712e12	8.709e12	8.073e11	0
1016000000	0.0000e0	3.6071e4	2.3490e4	1.2382e5	301.21	0.016	0.972	4.9779e12	1369	124	4	1.074e14	9.157e12	9.226e12	6.706e11	0
1017000000	2.2070e-5	3.6165e4	1.6349e4	1.2394e5	299.26	0.016	0.971	5.0270e12	1451	122	4	1.069e14	1.392e13	1.390e13	9.896e11	0
1018000000	0.0000e0	3.6653e4	3.4397e-50	1.2453e5	301.84	0.015	0.972	5.2941e12	1660	126	4	1.124e14	1.467e10	3.134e10	4.482e9	0
1019000000	9.1273e-6	3.7244e4	3.5036e4	1.2525e5	301.91	0.016	0.971	5.3101e12	1969	128	4	1.091e14	2.085e13	2.085e13	1.118e12	0
1020000000	2.7953e-5	3.7111e4	1.8621e4	1.2509e5	299.46	0.015	0.971	5.3117e12	2041	131	4	1.062e14	2.008e13	2.005e13	1.543e12	0
1021000000	0.0000e0	3.6368e4	8.9338e-88	1.2418e5	302.37	0.015	0.971	5.4516e12	2197	128	4	1.051e14	0.000e0	2.485e9	3.967e9	0
1022000000	1.9673e-6	3.5623e4	4.7223e4	1.2327e5	301.80	0.016	0.970	5.2572e12	2396	135	4	1.040e14	3.102e13	3.102e13	1.417e12	0
1023000000	1.6528e-6	3.5387e4	2.5089e4	1.2298e5	299.13	0.016	0.970	5.1497e12	2420	130	4	9.256e13	2.339e13	2.339e13	1.490e12	0
1024000000	0.0000e0	3.5185e4	1.0387e-54	1.2273e5	301.89	0.016	0.969	5.0136e12	2622	123	4	9.579e13	8.700e10	9.104e10	4.879e9	0
1025000000	1.1669e-5	3.4745e4	1.9684e4	1.2219e5	300.82	0.016	0.970	4.8990e12	2849	125	4	9.693e13	2.795e13	2.795e13	8.547e11	0
1026000000	1.5849e-5	3.4704e4	1.1478e4	1.2214e5	299.00	0.017	0.969	4.9372e12	2738	132	4	9.845e13	2.070e13	2.068e13	7.691e11	0
1027000000	0.0000e0	3.4580e4	1.2837e-38	1.2199e5	300.91	0.017	0.968	4.9513e12	2857	131	4	9.784e13	9.573e10	1.146e11	3.889e9	0
1028000000	3.9013e-5	3.5518e4	9.6435e3	1.2315e5	300.66	0.018	0.970	4.9278e12	2995	134	4	9.825e13	2.270e13	2.269e13	6.689e11	0
1029000000	5.3397e-5	3.6261e4	5.9897e3	1.2406e5	299.27	0.017	0.969	4.8880e12	2908	139	4	9.600e13	1.824e13	1.819e13	7.311e11	0
1030000000	0.0000e0	3.6602e4	2.5951e-29	1.2447e5	301.10	0.017	0.968	4.7396e12	3192	137	4	8.890e13	1.005e11	1.172e11	4.883e9	0
1031000000	7.2222e-6	3.6728e4	1.2770e4	1.2462e5	301.33	0.018	0.967	4.3666e12	3132	134	4	8.074e13	1.868e13	1.868e13	5.845e11	0
1032000000	0.0000e0	3.6395e4	7.8905e-43	1.2421e5	300.80	0.017	0.967	4.1124e12	3442	135	4	7.889e13	7.131e10	7.131e10	3.615e9	0
1033000000	4.9789e-5	3.6313e4	7.3761e3	1.2412e5	300.59	0.018	0.966	3.9478e12	3589	141	4	7.801e13	1.716e13	1.715e13	5.003e11	0
1034000000	2.6245e-6	3.6762e4	5.1196e3	1.2466e5	299.37	0.018	0.966	3.9356e12	3353	142	4	7.790e13	1.159e13	1.159e13	6.065e11	0
1035000000	1.4367e-6	3.6947e4	7.7212e3	1.2489e5	300.96	0.018	0.966	3.8547e12	3798	135	4	7.526e13	1.245e13	1.246e13	5.303e11	0
1036000000	9.2149e-6	3.6634e4	6.2414e3	1.2451e5	300.76	0.017	0.966	3.7577e12	3957	136	4	7.425e13	1.346e13	1.347e13	5.190e11	0
1037000000	1.2742e-5	3.6463e4	7.0056e3	1.2430e5	300.83	0.017	0.965	3.7039e12	3360	137	4	7.190e13	1.394e13	1.394e13	5.983e11	0
1038000000	1.5861e-6	3.6237e4	3.1117e4	1.2402e5	299.34	0.017	0.966	3.6094e12	2205	128	4	7.169e13	1.673e13	1.673e13	8.221e11	0
1039000000	0.0000e0	3.6272e4	1.8452e4	1.2406e5	301.57	0.016	0.965	3.3832e12	2270	121	4	7.320e13	2.216e13	2.217e13	5.230e11	0
1040000000	0.0000e0	3.5488e4	5.7177e-266	1.2310e5	299.85	0.017	0.965	3.3747e12	2326	133	4	5.280e13	1.570e10	1.570e10	8.351e8	0
1041000000	9.0390e-5	3.5339e4	5.7631e3	1.2293e5	300.09	0.017	0.964	3.5143e12	2772	125	4	7.439e13	2.107e13	2.104e13	5.698e11	0
1042000000	0.0000e0	3.5402e4	3.8845e4	1.2300e5	299.22	0.017	0.963	3.7134e12	2610	129	4	7.742e13	1.455e13	1.455e13	6.497e11	0
1043000000	0.0000e0	3.4622e4	4.9968e-2	1.2204e5	302.00	0.016	0.962	3.2403e12	2578	124	4	5.897e13	5.569e11	5.570e11	1.371e10	0
1044000000	0.0000e0	3.3610e4	1.5697e-74	1.2079e5	301.51	0.016	0.962	3.3449e12	2550	127	4	6.437e13	2.735e10	2.796e10	3.394e9	0
1045000000	0.0000e0	3.2803e4	1.3810e-22	1.1980e5	298.68	0.016	0.961	3.4188e12	2766	128	4	6.267e13	2.919e8	2.929e8	1.522e7	0
1046000000	3.9553e-5	3.2303e4	1.1103e4	1.1918e5	299.61	0.017	0.959	3.5910e12	3121	134	4	7.652e13	2.137e13	2.133e13	6.178e11	0
1047000000	0.0000e0	3.1292e4	2.1880e-50	1.1792e5	300.74	0.016	0.959	3.7705e12	2397	128	4	7.634e13	5.918e10	6.844e10	3.875e9	0
1048000000	5.0939e-5	3.0151e4	4.4809e3	1.1651e5	298.19	0.016	0.961	3.7229e12	2690	127	4	7.633e13	1.599e13	1.595e13	6.744e11	0
1049000000	0.0000e0	2.9261e4	8.2742e-42	1.1539e5	300.03	0.015	0.961	3.8412e12	2572	127	4	7.876e13	6.767e10	8.395e10	3.825e9	0
1050000000	4.4961e-5	2.8501e4	9.4559e3	1.1444e5	299.31	0.016	0.960	3.9119e12	2909	116	4	7.990e13	1.814e13	1.813e13	5.986e11	0
1051000000	0.0000e0	2.8130e4	1.5837e4	1.1396e5	297.85	0.015	0.960	4.0175e12	2835	132	4	8.139e13	1.283e13	1.283e13	7.174e11	0
1052000000	0.0000e0	2.5908e4	1.4728e4	1.1115e5	299.43	0.015	0.960	4.0222e12	3083	127	4	8.376e13	1.562e13	1.564e13	5.194e11	0
1053000000	2.6288e-5	2.3979e4	7.3323e3	1.0869e5	297.60	0.015	0.960	4.1357e12	3205	134	4	8.365e13	1.569e13	1.567e13	7.004e11	0
1054000000	1.7990e-4	2.2233e4	5.8736e3	1.0646e5	297.42	0.015	0.960	4.0512e12	3412	130	4	7.959e13	2.098e13	2.095e13	5.917e11	0
1055000000	3.1451e-6	2.0895e4	2.0559e4	1.0470e5	297.61	0.014	0.962	3.8849e12	3375	129	4	7.681e13	1.450e13	1.462e13	4.599e11	0
1056000000	0.0000e0	1.9584e4	4.4582e-36	1.0298e5	297.77	0.014	0.962	3.7748e12	3244	130	4	7.501e13	6.508e10	7.235e10	4.448e9	0
1057000000	6.4422e-5	1.8831e4	2.4807e3	1.0200e5	295.43	0.014	0.962	3.5793e12	3332	139	4	6.719e13	1.062e13	1.057e13	5.957e11	0
1058000000	9.6027e-5	1.8255e4	8.0122e3	1.0124e5	296.22	0.014	0.961	3.4934e12	3722	138	4	7.040e13	1.599e13	1.596e13	5.067e11	0
1059000000	1.3329e-5	1.7250e4	1.2612e4	9.9898e4	296.37	0.014	0.961	3.4485e12	3777	140	4	6.934e13	1.295e13	1.307e13	4.119e11	0
1060000000	0.0000e0	1.6454e4	1.6198e-32	9.8834e4	296.69	0.014	0.961	3.3934e12	3625	141	4	6.823e13	5.945e10	6.215e10	4.903e9	0
1061000000	4.6872e-5	1.5994e4	4.3220e3	9.8223e4	294.61	0.013	0.962	3.2769e12	3584	134	4	5.819e13	9.996e12	9.957e12	5.391e11	0
1062000000	9.5980e-5	1.5309e4	7.1058e3	9.7306e4	295.36	0.012	0.961	3.2277e12	3904	146	4	6.388e13	1.437e13	1.436e13	4.291e11	0
1063000000	1.6710e-6	1.4572e4	1.4502e4	9.6302e4	295.71	0.012	0.961	2.9906e12	3831	141	4	5.894e13	1.100e13	1.105e13	3.260e11	0
1064000000	0.0000e0	1.4074e4	1.2764e-32	9.5624e4	295.90	0.012	0.961	2.9597e12	3618	148	4	6.080e13	6.890e10	7.570e10	3.931e9	0
1065000000	0.0000e0	1.3461e4	6.2284e-8	9.4790e4	295.28	0.012	0.960	2.9176e12	3990	138	4	5.893e13	1.752e11	1.784e11	9.487e9	0
1066000000	6.0857e-5	1.2693e4	3.0912e3	9.3743e4	293.46	0.011	0.959	2.7769e12	3968	145	4	5.065e13	9.881e12	9.832e12	4.200e11	0
1067000000	8.4977e-5	1.2089e4	3.2068e3	9.2914e4	293.44	0.011	0.961	2.7367e12	4262	142	4	5.122e13	1.021e13	1.014e13	4.029e11	0
1068000000	1.1781e-6	1.1375e4	6.5486e3	9.1919e4	294.30	0.011	0.961	2.7404e12	4447	146	4	5.481e13	7.667e12	7.667e12	4.028e11	0
1069000000	1.9073e-5	1.1079e4	6.3315e3	9.1509e4	294.15	0.011	0.961	2.6774e12	4316	147	4	5.380e13	1.147e13	1.149e13	3.225e11	0
1070000000	4.0570e-6	1.0759e4	6.6922e3	9.1062e4	294.06	0.010	0.961	2.6745e12	4344	150	4	5.274e13	9.400e12	9.401e12	3.969e11	0
1071000000	2.7441e-6	1.0368e4	6.8321e3	9.0516e4	293.97	0.010	0.961	2.5443e12	3987	145	4	4.877e13	9.184e12	9.188e12	3.848e11	0
1072000000	3.1562e-5	9.5554e3	6.7881e3	8.9378e4	293.58	0.010	0.961	2.5475e12	1818	117	4	5.188e13	1.165e13	1.164e13	4.243e11	0
1073000000	5.2117e-5	8.8268e3	6.8379e3	8.8351e4	293.21	0.010	0.960	2.5165e12	1574	116	4	5.691e13	1.324e13	1.324e13	4.067e11	0
1074000000	7.0134e-5	8.2410e3	8.6961e3	8.7520e4	293.04	0.010	0.962	3.1010e12	1423	119	4	7.625e13	1.787e13	1.787e13	5.094e11	0
1075000000	6.4924e-5	7.8419e3	1.3673e4	8.6950e4	293.23	0.010	0.962	4.1140e12	1253	123	4	1.079e14	2.349e13	2.348e13	7.239e11	0
1076000000	1.3225e-4	7.3832e3	1.3273e4	8.6298e4	292.93	0.010	0.963	5.7333e12	1188	123	4	1.516e14	3.096e13	3.095e13	9.579e11	0
1077000000	2.4372e-4	7.0346e3	1.2971e4	8.5807e4	292.73	0.009	0.964	7.5686e12	1111	117	4	1.887e14	3.754e13	3.753e13	1.199e12	0
1078000000	2.8513e-4	6.5985e3	1.3068e4	8.5180e4	292.45	0.009	0.963	8.8578e12	1160	121	4	1.949e14	4.145e13	4.146e13	1.427e12	0
1079000000	2.7364e-4	6.1633e3	1.3628e4	8.4547e4	292.24	0.009	0.963	9.5643e12	1258	118	4	1.963e14	4.141e13	4.141e13	1.540e12	0
1080000000	2.6865e-4	5.5628e3	1.4024e4	8.3671e4	291.84	0.009	0.963	1.0188e13	1229	124	4	2.139e14	4.041e13	4.042e13	1.554e12	0
1081000000	2.7559e-4	5.0067e3	1.4180e4	8.2855e4	291.40	0.009	0.963	1.0687e13	1210	119	4	2.173e14	3.900e13	3.897e13	1.603e12	0
1082000000	2.7174e-4	4.5426e3	1.3398e4	8.2169e4	291.04	0.009	0.963	1.1149e13	1268	121	4	2.218e14	3.325e13	3.325e13	1.533e12	0
1083000000	3.3158e-4	4.0474e3	1.1945e4	8.1439e4	290.24	0.009	0.967	1.1323e13	1370	122	4	2.245e14	3.137e13	3.136e13	1.477e12	0
1084000000	2.7913e-4	4.4492e3	1.1114e4	8.2031e4	290.71	0.009	0.973	1.1490e13	1439	125	4	2.254e14	2.715e13	2.716e13	1.328e12	0
1085000000	3.2462e-4	4.3988e3	1.0009e4	8.1960e4	290.42	0.008	0.974	1.1609e13	1577	127	4	2.270e14	2.551e13	2.550e13	1.293e12	0
1086000000	3.1779e-4	4.9463e3	9.4475e3	8.2769e4	291.01	0.008	0.973	1.1655e13	1673	129	4	2.257e14	2.414e13	2.413e13	1.216e12	0
1087000000	3.2762e-4	4.8022e3	8.3994e3	8.2557e4	290.85	0.007	0.973	1.1438e13	1846	130	4	2.151e14	2.107e13	2.107e13	1.110e12	0
1088000000	4.0535e-4	4.6723e3	7.3261e3	8.2372e4	290.54	0.007	0.973	1.1083e13	2054	129	4	2.110e14	2.113e13	2.112e13	1.049e12	0
1089000000	3.4816e-4	4.9353e3	7.0338e3	8.2756e4	290.77	0.007	0.974	1.0747e13	2241	130	4	2.003e14	1.866e13	1.867e13	9.538e11	0
1090000000	3.4318e-4	5.0962e3	6.5602e3	8.2992e4	290.83	0.007	0.974	1.0381e13	2515	130	4	1.951e14	1.698e13	1.697e13	8.920e11	0
1091000000	3.6257e-4	5.4119e3	5.9688e3	8.3458e4	291.03	0.007	0.975	1.0010e13	2584	134	4	1.884e14	1.586e13	1.587e13	8.302e11	0
1092000000	3.6469e-4	5.6726e3	5.5512e3	8.3840e4	291.27	0.006	0.975	9.6388e12	2850	136	4	1.772e14	1.511e13	1.510e13	7.793e11	0
1093000000	3.5827e-4	5.7467e3	5.0558e3	8.3947e4	291.17	0.006	0.975	9.1936e12	3144	130	4	1.701e14	1.310e13	1.309e13	7.124e11	0
1094000000	3.6930e-4	6.2212e3	4.6389e3	8.4640e4	291.61	0.005	0.974	8.7937e12	3247	131	4	1.649e14	1.261e13	1.261e13	6.580e11	0
1095000000	3.8137e-4	6.1337e3	4.1274e3	8.4514e4	291.47	0.003	0.975	8.5154e12	3021	134	4	1.611e14	1.149e13	1.151e13	5.838e11	0
1096000000	3.7092e-4	6.3021e3	4.1491e3	8.4758e4	291.71	0.001	0.975	8.1571e12	3349	129	4	1.511e14	1.167e13	1.166e13	5.913e11	0
1097000000	3.8345e-4	6.2960e3	3.7938e3	8.4750e4	291.64	0.000	0.975	7.7284e12	3222	132	4	1.410e14	1.043e13	1.045e13	5.409e11	0
1098000000	3.8556e-4	6.5014e3	3.7790e3	8.5048e4	291.80	0.000	0.975	7.4288e12	3525	124	4	1.372e14	1.057e13	1.057e13	5.489e11	0
1099000000	3.2179e-4	6.7005e3	3.4906e3	8.5331e4	291.91	0.000	0.975	7.0080e12	3265	123	4	1.290e14	8.448e12	8.460e12	4.663e11	0
1100000000	4.1083e-4	6.7925e3	3.0717e3	8.5472e4	291.88	0.000	0.975	6.7086e12	3223	125	4	1.233e14	8.688e12	8.707e12	4.497e11	0
1101000000	3.6031e-4	6.9951e3	2.9381e3	8.5760e4	292.09	0.000	0.975	6.2267e12	2913	127	4	1.127e14	7.376e12	7.387e12	4.061e11	0
1102000000	4.9127e-4	6.7486e3	2.5325e3	8.5416e4	291.85	0.000	0.975	5.9097e12	3233	129	4	1.105e14	9.091e12	9.069e12	4.147e11	0
1103000000	5.8096e-4	6.6016e3	2.2976e3	8.5212e4	291.64	0.001	0.975	5.7218e12	3383	128	4	1.066e14	8.770e12	8.766e12	4.024e11	0
1104000000	4.5938e-4	6.7957e3	2.9805e3	8.5481e4	291.79	0.001	0.974	5.5201e12	3317	129	4	1.039e14	8.978e12	8.963e12	4.467e11	0
1105000000	2.0393e-4	7.3180e3	3.5991e3	8.6211e4	292.29	0.000	0.975	5.2888e12	3450	121	4	9.750e13	5.915e12	5.914e12	4.262e11	0
1106000000	5.2998e-4	7.9574e3	2.7691e3	8.7158e4	292.54	0.002	0.975	4.7836e12	3404	125	4	8.607e13	9.981e12	9.909e12	4.824e11	0
1107000000	7.0943e-5	8.2825e3	3.8369e3	8.7579e4	293.00	0.002	0.975	4.5381e12	3645	121	4	8.443e13	3.741e12	3.745e12	3.595e11	0
1108000000	3.0106e-4	8.0488e3	2.3865e3	8.7267e4	292.61	0.002	0.975	4.3393e12	3956	121	4	8.110e13	5.823e12	5.783e12	3.385e11	0
1109000000	1.8628e-4	8.0454e3	2.8943e3	8.7251e4	292.54	0.001	0.974	4.0309e12	3894	124	4	7.005e13	4.122e12	4.268e12	2.470e11	0
1110000000	6.8603e-5	8.1511e3	3.3989e3	8.7391e4	292.78	0.001	0.973	3.7045e12	3557	124	4	6.946e13	3.081e12	3.108e12	2.700e11	0
1111000000	2.6941e-4	8.4530e3	2.6440e3	8.7840e4	292.94	0.001	0.971	3.6867e12	3770	123	4	7.238e13	6.316e12	6.247e12	3.643e11	0
1112000000	2.8561e-4	8.3169e3	2.2713e3	8.7648e4	292.75	0.001	0.970	3.6373e12	4088	119	4	6.888e13	5.410e12	5.421e12	3.081e11	0
1113000000	2.9930e-4	8.3357e3	2.2741e3	8.7676e4	292.79	0.001	0.970	3.4940e12	4320	125	4	6.564e13	5.287e12	5.293e12	3.037e11	0
1114000000	2.7904e-4	8.1482e3	2.2043e3	8.7407e4	292.70	0.001	0.970	3.3842e12	4502	127	4	6.389e13	4.784e12	4.789e12	2.903e11	0
1115000000	3.2445e-4	7.9539e3	2.4304e3	8.7134e4	292.45	0.001	0.969	3.2768e12	4318	120	4	6.074e13	5.670e12	5.702e12	3.070e11	0
1116000000	2.4467e-6	8.2380e3	4.6821e3	8.7509e4	293.17	0.001	0.969	3.1233e12	4132	123	4	5.671e13	1.557e12	1.566e12	2.931e11	0
1117000000	9.4017e-5	7.8614e3	2.8521e3	8.6980e4	292.67	0.001	0.969	2.9676e12	4503	126	4	5.582e13	3.324e12	3.285e12	2.951e11	0
1118000000	2.6385e-4	7.8506e3	2.2583e3	8.6980e4	292.51	0.002	0.969	2.8238e12	4743	126	4	5.406e13	4.935e12	4.891e12	2.967e11	0
1119000000	9.7402e-5	7.7792e3	4.2507e3	8.6862e4	292.48	0.002	0.970	2.7367e12	4302	130	4	5.080e13	3.275e12	3.442e12	2.314e11	0
1120000000	7.2052e-4	7.7212e3	5.6482e2	8.6837e4	292.22	0.002	0.970	2.7259e12	3896	124	4	5.073e13	4.370e12	4.133e12	1.836e11	0
1121000000	1.1296e-4	7.8841e3	3.7461e3	8.7014e4	291.61	0.002	0.980	2.6680e12	4056	124	4	4.723e13	3.665e12	3.698e12	3.190e11	0
1122000000	1.3275e-4	8.4830e3	2.2169e3	8.7870e4	292.91	0.002	0.979	2.6431e12	3830	128	4	5.566e13	3.037e12	2.983e12	2.981e11	0
1123000000	4.6936e-4	8.7003e3	1.8560e3	8.8210e4	292.79	0.003	0.978	2.7559e12	4124	128	4	5.577e13	5.283e12	5.253e12	2.985e11	0
1124000000	3.0964e-4	9.1412e3	2.3241e3	8.8820e4	293.14	0.004	0.977	2.5696e12	4415	136	4	4.961e13	4.730e12	4.721e12	3.187e11	0
1125000000	1.4534e-4	9.5132e3	2.2312e3	8.9329e4	293.47	0.004	0.978	2.4963e12	4374	142	4	4.883e13	2.656e12	2.657e12	2.357e11	0
1126000000	3.0629e-4	9.5729e3	2.0356e3	8.9429e4	293.23	0.004	0.978	2.4599e12	4482	140	4	4.737e13	3.989e12	3.997e12	2.565e11	0
1127000000	2.6023e-4	1.0136e4	2.4823e3	9.0216e4	293.55	0.004	0.977	2.4972e12	4730	140	4	4.873e13	4.305e12	4.322e12	2.950e11	0
1128000000	6.9632e-5	1.0760e4	2.1404e3	9.1070e4	294.15	0.004	0.978	2.4329e12	4395	141	4	4.455e13	1.756e12	1.749e12	2.199e11	0
1129000000	3.8302e-4	1.0658e4	1.6871e3	9.0957e4	293.87	0.004	0.978	2.3975e12	4898	144	4	4.764e13	4.281e12	4.266e12	2.639e11	0
1130000000	2.9328e-4	1.0611e4	2.1841e3	9.0883e4	293.89	0.004	0.977	2.4360e12	5083	148	4	4.842e13	4.302e12	4.273e12	3.013e11	0
1131000000	3.1371e-4	1.0645e4	1.8532e3	9.0932e4	293.86	0.004	0.981	2.4796e12	5165	147	4	4.850e13	3.586e12	3.602e12	2.441e11	0
1132000000	2.6218e-4	1.0940e4	2.1837e3	9.1339e4	293.96	0.004	0.982	2.2591e12	5262	143	4	4.358e13	2.531e12	2.619e12	1.732e11	0
1133000000	2.0098e-4	1.1434e4	1.9932e3	9.2020e4	294.26	0.004	0.982	2.2544e12	5312	149	4	4.313e13	3.441e12	3.418e12	2.737e11	0
1134000000	2.1780e-4	1.1967e4	1.9429e3	9.2760e4	294.48	0.004	0.983	2.2174e12	5296	151	4	4.199e13	3.433e12	3.411e12	2.636e11	0
1135000000	2.0675e-5	1.2493e4	3.2765e3	9.3464e4	295.00	0.004	0.983	2.1077e12	4911	149	4	3.948e13	1.699e12	1.718e12	2.086e11	0
1136000000	1.3319e-4	1.2669e4	1.7964e3	9.3717e4	294.74	0.004	0.983	1.9733e12	5193	144	4	3.783e13	2.720e12	2.681e12	2.205e11	0
1137000000	3.1146e-4	1.3069e4	1.3770e3	9.4284e4	294.87	0.004	0.982	1.9882e12	5647	148	4	3.948e13	3.498e12	3.450e12	2.237e11	0
1138000000	2.9820e-4	1.3169e4	1.6102e3	9.4420e4	294.85	0.006	0.979	1.9406e12	5741	153	4	3.881e13	3.460e12	3.457e12	2.248e11	0
1139000000	1.1984e-4	1.3696e4	2.0084e3	9.5122e4	295.15	0.006	0.978	1.9196e12	5438	149	4	3.659e13	2.251e12	2.256e12	2.166e11	0
1140000000	2.1954e-4	1.4284e4	1.6783e3	9.5932e4	295.34	0.005	0.979	1.9229e12	5638	156	4	3.698e13	3.093e12	3.071e12	2.322e11	0
1141000000	2.3432e-4	1.4803e4	1.9539e3	9.6637e4	295.49	0.005	0.980	1.9121e12	5548	149	4	3.545e13	3.022e12	3.083e12	2.124e11	0
1142000000	1.2181e-4	1.5238e4	3.3320e3	9.7213e4	295.97	0.005	0.978	1.8621e12	4895	149	4	3.320e13	3.473e12	3.400e12	2.673e11	0
1143000000	3.2875e-5	1.4999e4	1.7718e3	9.6881e4	295.71	0.005	0.978	1.7535e12	5369	152	4	3.085e13	1.053e12	1.064e12	1.717e11	0
1144000000	2.6291e-4	1.4847e4	1.5014e3	9.6699e4	295.51	0.005	0.977	1.7041e12	5753	147	4	3.258e13	2.978e12	2.931e12	2.037e11	0
1145000000	3.5615e-4	1.4591e4	1.4855e3	9.6361e4	295.34	0.006	0.976	1.7328e12	5017	154	4	3.347e13	3.467e12	3.485e12	2.092e11	0
1146000000	1.6501e-4	1.4758e4	1.9384e3	9.6569e4	295.64	0.006	0.976	1.7792e12	5066	165	4	3.792e13	2.403e12	2.420e12	1.973e11	0
1147000000	3.6619e-4	1.4617e4	1.4583e3	9.6398e4	295.49	0.006	0.976	2.0384e12	5122	162	4	4.267e13	4.004e12	3.986e12	2.474e11	0
1148000000	4.3677e-4	1.4667e4	1.7011e3	9.6473e4	295.44	0.007	0.977	2.1724e12	5250	165	4	4.500e13	4.756e12	4.748e12	2.802e11	0
1149000000	4.3165e-4	1.4800e4	1.6559e3	9.6653e4	295.61	0.006	0.977	2.3814e12	5273	172	4	4.932e13	3.621e12	3.643e12	2.125e11	0
1150000000	3.1643e-4	1.4663e4	1.8808e3	9.6456e4	295.54	0.007	0.975	2.5239e12	5365	167	4	4.861e13	3.645e12	3.658e12	2.413e11	0
1151000000	1.9650e-4	1.4829e4	1.4041e3	9.6667e4	295.63	0.006	0.976	2.5713e12	5081	162	4	5.053e13	3.520e12	3.450e12	3.147e11	0
1152000000	3.6270e-4	1.4998e4	1.4497e3	9.6913e4	295.70	0.007	0.974	2.6163e12	5242	157	4	5.099e13	3.522e12	3.524e12	2.173e11	0
1153000000	5.0964e-4	1.4648e4	1.6640e3	9.6455e4	295.44	0.006	0.974	2.6295e12	5360	161	4	5.062e13	5.215e12	5.224e12	2.866e11	0
1154000000	2.1919e-4	1.4647e4	2.1729e3	9.6424e4	295.55	0.007	0.974	2.3103e12	5232	157	4	4.166e13	3.608e12	3.584e12	2.989e11	0
1155000000	2.8356e-4	1.4452e4	2.0242e3	9.6166e4	295.44	0.006	0.973	2.2698e12	5351	156	4	4.476e13	3.942e12	3.918e12	2.752e11	0
1156000000	3.0728e-4	1.4313e4	1.9096e3	9.5981e4	295.45	0.006	0.973	2.1653e12	5474	157	4	4.149e13	3.006e12	3.032e12	2.024e11	0
1157000000	2.3950e-4	1.4194e4	1.4722e3	9.5811e4	295.49	0.006	0.973	2.1908e12	5362	158	4	4.285e13	2.562e12	2.564e12	1.909e11	0
1158000000	3.4654e-4	1.3827e4	2.2937e3	9.5323e4	294.55	0.006	0.973	2.1706e12	5299	150	4	4.140e13	4.713e12	4.679e12	2.587e11	0
1159000000	1.1832e-4	1.3806e4	2.4088e3	9.5272e4	295.31	0.006	0.973	1.9376e12	5172	153	4	3.745e13	2.652e12	2.622e12	2.776e11	0
1160000000	1.4289e-4	1.4027e4	1.5927e3	9.5575e4	295.47	0.006	0.972	1.9247e12	4978	150	4	3.862e13	2.743e12	2.669e12	2.665e11	0
1161000000	3.6875e-4	1.3705e4	1.6007e3	9.5158e4	295.13	0.006	0.971	1.9756e12	4860	157	4	3.785e13	3.820e12	3.800e12	2.394e11	0
1162000000	2.5070e-4	1.3394e4	2.1681e3	9.4723e4	295.16	0.005	0.970	2.0039e12	2825	151	4	3.956e13	3.698e12	3.722e12	2.528e11	0
1163000000	1.0027e-4	1.3313e4	2.6309e3	9.4597e4	295.36	0.005	0.968	2.1104e12	2493	141	4	4.362e13	2.834e12	2.814e12	2.969e11	0
1164000000	1.5770e-4	1.2737e4	2.7631e3	9.3814e4	295.10	0.005	0.971	2.2989e12	2335	138	4	4.769e13	3.393e12	3.394e12	2.804e11	0
1165000000	3.3797e-4	1.2094e4	2.2401e3	9.2946e4	294.72	0.005	0.971	2.5426e12	2195	143	4	5.277e13	4.721e12	4.695e12	2.921e11	0
1166000000	3.8339e-4	1.1811e4	2.3988e3	9.2560e4	294.46	0.005	0.971	2.7215e12	2308	148	4	5.430e13	5.332e12	5.399e12	2.949e11	0
1167000000	6.9391e-5	1.2163e4	2.3051e3	9.3015e4	294.97	0.005	0.971	2.6679e12	2319	143	4	5.197e13	2.249e12	2.205e12	3.051e11	0
1168000000	4.6456e-4	1.1964e4	1.8052e3	9.2780e4	294.61	0.005	0.971	2.8119e12	2480	142	4	5.598e13	5.303e12	5.233e12	3.158e11	0
1169000000	5.0027e-4	1.1533e4	2.1314e3	9.2186e4	294.44	0.005	0.970	2.8561e12	2618	144	4	5.519e13	6.284e12	6.259e12	3.423e11	0
1170000000	2.6417e-4	1.1773e4	1.7972e3	9.2496e4	294.69	0.004	0.968	2.8619e12	2771	148	4	5.369e13	4.600e12	4.497e12	3.647e11	0
1171000000	5.7083e-4	1.1731e4	1.6602e3	9.2468e4	294.44	0.004	0.976	2.8844e12	2804	143	4	5.520e13	5.684e12	5.632e12	3.039e11	0
1172000000	8.1098e-4	1.1822e4	1.2792e3	9.2616e4	294.50	0.005	0.978	3.2319e12	2803	144	4	7.686e13	6.538e12	6.516e12	2.960e11	0
1173000000	1.2247e-3	1.2036e4	1.3823e3	9.2952e4	294.51	0.005	0.977	3.9249e12	2780	147	4	7.051e13	9.892e12	9.815e12	3.879e11	0
1174000000	5.8265e-4	1.2357e4	8.3899e-3	9.3332e4	294.71	0.005	0.976	3.7179e12	3046	149	4	6.469e13	3.109e10	2.128e11	1.468e9	0
1175000000	2.7035e-4	1.2790e4	2.3978e3	9.3897e4	295.30	0.005	0.976	3.5197e12	2518	145	4	6.405e13	4.520e12	4.506e12	2.680e11	0
1176000000	5.5297e-4	1.2800e4	8.8856e2	9.3938e4	295.06	0.005	0.975	3.4283e12	2739	144	4	6.397e13	3.536e12	3.525e12	1.852e11	0
1177000000	8.5313e-4	1.2427e4	1.3949e3	9.3455e4	294.55	0.005	0.974	3.1335e12	2810	148	4	5.817e13	6.488e12	6.478e12	2.826e11	0
1178000000	3.1120e-4	1.2421e4	2.2135e3	9.3395e4	295.01	0.004	0.973	3.0718e12	3033	155	4	5.763e13	2.197e12	2.235e12	1.446e11	0
1179000000	5.7765e-4	1.2303e4	1.4707e3	9.3257e4	294.82	0.004	0.972	3.0352e12	3207	158	4	5.756e13	5.779e12	5.758e12	2.948e11	0
1180000000	5.7816e-4	1.2537e4	1.4838e3	9.3580e4	294.95	0.004	0.972	2.9648e12	2744	152	4	5.398e13	5.185e12	5.177e12	2.677e11	0
1181000000	6.4769e-4	1.2261e4	1.5337e3	9.3207e4	294.76	0.004	0.971	2.7597e12	3144	155	4	5.399e13	5.758e12	5.725e12	2.867e11	0
1182000000	5.7741e-4	1.1773e4	8.4195e-6	9.2526e4	294.60	0.004	0.970	2.6686e12	2912	155	4	4.855e13	3.672e10	1.552e11	1.788e9	0
1183000000	6.3143e-4	1.1381e4	1.4521e3	9.1988e4	294.42	0.005	0.970	2.5951e12	2610	151	4	4.849e13	5.082e12	5.075e12	2.304e11	0
1184000000	6.1550e-4	1.1500e4	1.6212e3	9.2151e4	294.24	0.005	0.969	2.5682e12	1956	151	4	4.971e13	5.526e12	5.523e12	2.671e11	0
1185000000	3.6959e-4	1.1671e4	2.3863e3	9.2364e4	294.61	0.005	0.969	2.6057e12	1803	149	4	5.052e13	3.129e12	3.208e12	1.795e11	0
1186000000	1.0590e-4	1.1667e4	1.7712e3	9.2333e4	294.97	0.005	0.971	2.6162e12	1910	159	4	5.080e13	2.841e12	2.760e12	3.556e11	0
1187000000	4.0787e-4	1.1537e4	1.2360e3	9.2183e4	294.68	0.005	0.970	2.8252e12	1853	155	4	5.757e13	3.577e12	3.542e12	2.033e11	0
1188000000	9.8683e-4	1.1085e4	1.4248e3	9.1612e4	294.11	0.005	0.971	2.9191e12	1782	160	4	5.674e13	7.433e12	7.334e12	3.032e11	0
1189000000	8.6094e-4	1.0698e4	1.2620e3	9.1060e4	294.00	0.005	0.970	2.7926e12	1737	153	4	5.186e13	5.658e12	5.648e12	2.381e11	0
1190000000	6.5586e-4	1.0605e4	2.5591e-15	9.0909e4	294.12	0.005	0.968	2.8270e12	1660	153	4	5.809e13	3.448e10	1.744e11	1.474e9	0
1191000000	5.9694e-4	1.0283e4	1.9735e3	9.0454e4	294.00	0.005	0.968	3.0686e12	1633	160	4	6.214e13	6.299e12	6.282e12	3.028e11	0
1192000000	6.8944e-4	9.8533e3	1.9470e3	8.9860e4	293.88	0.004	0.967	3.3286e12	1672	151	4	6.982e13	7.134e12	7.084e12	3.317e11	0
1193000000	1.0407e-3	9.2927e3	1.5423e3	8.9103e4	293.53	0.004	0.967	3.5798e12	1710	167	4	7.732e13	8.501e12	8.487e12	3.291e11	0
1194000000	1.0259e-3	9.2729e3	1.6191e3	8.9074e4	293.56	0.004	0.967	3.9042e12	1657	165	4	8.080e13	8.240e12	8.246e12	3.290e11	0
1195000000	8.9650e-4	9.1857e3	1.5216e3	8.8939e4	293.55	0.004	0.967	4.1161e12	1727	171	4	9.401e13	6.064e12	6.082e12	2.543e11	0
1196000000	8.5263e-4	9.1055e3	3.0065e-23	8.8821e4	293.49	0.004	0.966	4.1245e12	1779	170	4	7.502e13	4.468e10	1.881e11	1.806e9	0
1197000000	1.1956e-3	8.8717e3	1.4208e3	8.8522e4	293.07	0.004	0.967	4.0527e12	1808	159	4	7.688e13	8.509e12	8.454e12	3.185e11	0
1198000000	1.1514e-3	8.6836e3	1.1887e3	8.8251e4	293.32	0.004	0.965	4.0882e12	1828	160	4	8.072e13	5.997e12	5.974e12	2.182e11	0
1199000000	1.6576e-3	8.1520e3	1.1614e3	8.7542e4	292.78	0.004	0.965	4.1460e12	1801	166	4	8.462e13	1.020e13	1.008e13	3.519e11	0
1200000000	1.7690e-3	7.7688e3	1.1659e3	8.7004e4	292.01	0.004	0.965	4.1721e12	1719	158	4	8.577e13	1.052e13	1.043e13	3.487e11	0
1201000000	1.7161e-3	7.8436e3	1.2536e-50	8.7106e4	292.71	0.004	0.964	4.4545e12	1690	159	4	9.330e13	4.161e10	1.957e11	1.405e9	0
1202000000	2.4214e-3	7.1713e3	1.0120e3	8.6206e4	292.27	0.004	0.964	5.0642e12	1609	149	4	1.136e14	1.350e13	1.341e13	4.162e11	0
1203000000	2.3988e-3	6.7431e3	1.0678e3	8.5585e4	291.94	0.004	0.965	5.4539e12	1620	149	4	1.161e14	1.381e13	1.392e13	4.280e11	0
1204000000	1.7470e-3	6.8327e3	1.9195e3	8.5654e4	292.06	0.004	0.965	6.2077e12	1594	143	4	1.379e14	1.671e13	1.678e13	5.604e11	0
1205000000	1.4348e-3	6.8165e3	2.4465e3	8.5602e4	292.17	0.004	0.965	6.9598e12	1545	155	4	1.502e14	1.744e13	1.728e13	6.292e11	0
1206000000	2.1537e-3	6.4307e3	7.2530e2	8.5109e4	291.98	0.004	0.966	7.6332e12	1716	165	4	1.576e14	1.447e13	1.441e13	4.570e11	0
1207000000	3.0077e-3	5.9857e3	1.3947e3	8.4540e4	291.35	0.004	0.965	8.3075e12	1641	154	4	1.778e14	2.300e13	2.273e13	6.662e11	0
1208000000	3.9632e-3	5.5730e3	8.4507e2	8.4024e4	291.15	0.004	0.966	8.8605e12	1603	154	4	1.794e14	2.038e13	2.025e13	5.563e11	0
1209000000	5.0693e-3	5.1988e3	5.2115e1	8.3575e4	290.80	0.005	0.966	9.3114e12	1560	153	4	1.917e14	2.100e13	2.072e13	5.415e11	0
1210000000	6.9133e-3	4.9316e3	5.9529e2	8.3349e4	290.24	0.005	0.966	9.9787e12	1549	139	4	2.051e14	2.804e13	2.771e13	6.796e11	0
1211000000	7.8998e-3	4.8997e3	2.3669e-16	8.3393e4	290.28	0.006	0.966	1.0650e13	1592	141	4	2.196e14	2.176e11	4.339e11	5.107e9	0
1212000000	9.1231e-3	4.9840e3	4.8584e2	8.3631e4	290.20	0.006	0.966	1.1311e13	1671	144	4	2.355e14	3.291e13	3.310e13	7.761e11	0
1213000000	8.7785e-3	4.9860e3	5.3876e2	8.3602e4	290.16	0.007	0.967	1.2013e13	1691	132	4	2.459e14	3.462e13	3.459e13	8.168e11	0
1214000000	8.8110e-3	5.0720e3	5.3610e2	8.3732e4	290.41	0.008	0.966	1.2557e13	1718	140	4	2.642e14	3.577e13	3.574e13	8.464e11	0
1215000000	9.2745e-3	5.0903e3	5.3858e2	8.3802e4	290.23	0.008	0.966	1.3327e13	1791	140	4	2.757e14	3.823e13	3.802e13	8.949e11	0
1216000000	1.0415e-2	4.9588e3	1.2960e-22	8.3713e4	290.28	0.008	0.970	1.3789e13	1774	139	4	2.730e14	3.054e11	4.918e11	6.946e9	0
1217000000	1.2549e-2	4.9992e3	3.9288e2	8.3971e4	290.44	0.007	0.970	1.3731e13	1833	131	4	2.534e14	4.228e13	4.194e13	9.536e11	0
1218000000	1.3396e-2	4.9829e3	3.1409e2	8.4026e4	290.12	0.006	0.970	1.3894e13	2099	135	4	2.696e14	3.774e13	3.765e13	8.503e11	0
1219000000	1.3790e-2	5.0168e3	5.8108e-16	8.4113e4	290.32	0.007	0.969	1.3751e13	2399	135	4	2.594e14	3.453e11	5.582e11	7.679e9	0
1220000000	1.4684e-2	5.0100e3	2.6404e2	8.4186e4	290.24	0.006	0.969	1.3662e13	3027	134	4	2.770e14	3.587e13	3.574e13	7.993e11	0
1221000000	1.5826e-2	4.9171e3	8.1306e1	8.4154e4	290.28	0.006	0.968	1.3702e13	3570	134	4	2.725e14	2.266e13	2.247e13	4.965e11	0
1222000000	1.7104e-2	5.0036e3	2.4036e2	8.4403e4	290.22	0.007	0.968	1.3848e13	2992	132	4	2.873e14	4.009e13	4.035e13	8.897e11	0
1223000000	1.6468e-2	5.2328e3	7.9406e-141	8.4684e4	290.49	0.008	0.968	1.4301e13	3197	130	4	2.910e14	1.038e11	3.484e11	2.296e9	0
1224000000	1.6101e-2	5.3438e3	2.5603e2	8.4815e4	290.39	0.007	0.967	1.4786e13	4093	128	4	3.036e14	3.909e13	3.943e13	8.732e11	0
1225000000	1.6296e-2	5.5917e3	5.2784e1	8.5200e4	290.85	0.007	0.967	1.5544e13	4117	131	4	3.166e14	7.792e11	1.006e12	1.703e10	0
1226000000	1.8196e-2	5.3566e3	1.7612e2	8.5031e4	290.68	0.008	0.967	1.5874e13	2871	129	4	3.240e14	2.912e13	2.897e13	6.347e11	0
1227000000	1.9462e-2	5.3135e3	2.2721e2	8.5087e4	290.41	0.008	0.967	1.6303e13	3533	129	4	3.280e14	4.613e13	4.615e13	1.009e12	0
1228000000	1.9687e-2	5.6224e3	3.2205e-58	8.5567e4	290.83	0.008	0.966	1.6774e13	3495	135	4	3.305e14	2.172e11	4.840e11	4.685e9	0
1229000000	2.1931e-2	5.3480e3	2.0459e2	8.5373e4	290.67	0.008	0.967	1.6894e13	2464	133	4	3.403e14	4.884e13	4.844e13	1.051e12	0
1230000000	2.3087e-2	5.4848e3	7.0332e-18	8.5686e4	290.63	0.008	0.967	1.7318e13	2504	129	4	3.446e14	3.622e11	7.579e11	7.760e9	0
1231000000	2.1341e-2	5.7927e3	2.1966e2	8.5977e4	290.98	0.008	0.966	1.7696e13	2930	126	4	3.569e14	1.188e12	2.026e12	2.523e10	0
1232000000	2.1688e-2	5.5005e3	2.3156e2	8.5576e4	290.74	0.008	0.966	1.8364e13	2383	126	4	3.846e14	5.577e13	5.519e13	1.184e12	0
1233000000	2.3936e-2	5.1702e3	2.0666e2	8.5298e4	290.58	0.008	0.966	1.8999e13	2497	124	4	3.887e14	5.908e13	5.902e13	1.277e12	0
1234000000	2.6074e-2	5.0904e3	7.1556e0	8.5383e4	290.39	0.009	0.964	1.9751e13	2624	125	4	4.048e14	1.475e13	1.478e13	3.124e11	0
1235000000	2.9773e-2	4.7812e3	1.6382e2	8.5274e4	289.99	0.010	0.963	2.0140e13	2744	129	4	4.122e14	6.268e13	6.207e13	1.325e12	0
1236000000	3.0883e-2	4.8080e3	1.5420e2	8.5421e4	290.09	0.010	0.963	1.9599e13	2902	123	4	3.919e14	1.389e13	1.409e13	2.948e11	0
