id	annees	cellule	type	origine	cause	interet	detail
0	0	4	vie déposée	moteur		1.00	LifeSeeded { lineage: 0 }
16	200000	1084	innovation	moteur		0.85	Innovation { lineage: 0, pathway: "rhodopsine", stage: 1, label: "rhodopsine" }
17	200000	161	innovation	moteur	0	0.70	Innovation { lineage: 0, pathway: "photosynthèse", stage: 2, label: "phototrophie simple" }
32	400000	795	innovation	moteur	17	0.80	Innovation { lineage: 19, pathway: "photosynthèse", stage: 3, label: "photosynthèse anoxygénique" }
103782	19000000	455	innovation	moteur	32	0.90	Innovation { lineage: 96515, pathway: "photosynthèse", stage: 4, label: "photosynthèse oxygénique" }
360612	51200000		seuil d'oxygène	moteur	103782	1.00	OxygenThreshold { mixing_ratio: 1e-6, rising: true }
365331	51800000		seuil d'oxygène	moteur	103782	0.90	OxygenThreshold { mixing_ratio: 1e-5, rising: true }
367174	52000000		seuil d'oxygène	moteur		0.90	OxygenThreshold { mixing_ratio: 1e-5, rising: false }
371940	52600000		seuil d'oxygène	moteur	103782	0.90	OxygenThreshold { mixing_ratio: 1e-5, rising: true }
377065	53200000		seuil d'oxygène	moteur	103782	0.90	OxygenThreshold { mixing_ratio: 0.0001, rising: true }
391671	55800000		seuil d'oxygène	moteur	103782	0.90	OxygenThreshold { mixing_ratio: 0.001, rising: true }
412394	62200000		seuil d'oxygène	moteur		0.90	OxygenThreshold { mixing_ratio: 0.001, rising: false }
413508	62600000		seuil d'oxygène	moteur	103782	0.90	OxygenThreshold { mixing_ratio: 0.001, rising: true }
418519	64200000		seuil d'oxygène	moteur		0.90	OxygenThreshold { mixing_ratio: 0.001, rising: false }
419812	64600000		seuil d'oxygène	moteur	103782	0.90	OxygenThreshold { mixing_ratio: 0.001, rising: true }
436310	68800000		seuil d'oxygène	moteur	103782	0.90	OxygenThreshold { mixing_ratio: 0.01, rising: true }
443230	70200000		seuil d'oxygène	moteur		0.90	OxygenThreshold { mixing_ratio: 0.01, rising: false }
445997	70800000		seuil d'oxygène	moteur	103782	0.90	OxygenThreshold { mixing_ratio: 0.01, rising: true }
448138	71200000		seuil d'oxygène	moteur		0.90	OxygenThreshold { mixing_ratio: 0.01, rising: false }
451089	71800000		seuil d'oxygène	moteur	103782	0.90	OxygenThreshold { mixing_ratio: 0.01, rising: true }
453447	72200000		seuil d'oxygène	moteur		0.90	OxygenThreshold { mixing_ratio: 0.01, rising: false }
455658	72600000		seuil d'oxygène	moteur	103782	0.90	OxygenThreshold { mixing_ratio: 0.01, rising: true }
459237	73200000		seuil d'oxygène	moteur		0.90	OxygenThreshold { mixing_ratio: 0.01, rising: false }
462889	73800000		seuil d'oxygène	moteur	103782	0.90	OxygenThreshold { mixing_ratio: 0.01, rising: true }
465928	74200000		seuil d'oxygène	moteur		0.90	OxygenThreshold { mixing_ratio: 0.01, rising: false }
470059	74800000		seuil d'oxygène	moteur	103782	0.90	OxygenThreshold { mixing_ratio: 0.01, rising: true }
473114	75200000		seuil d'oxygène	moteur		0.90	OxygenThreshold { mixing_ratio: 0.01, rising: false }
477726	75800000		seuil d'oxygène	moteur	103782	0.90	OxygenThreshold { mixing_ratio: 0.01, rising: true }
479504	76000000		seuil d'oxygène	moteur		0.90	OxygenThreshold { mixing_ratio: 0.01, rising: false }
480985	76200000		seuil d'oxygène	moteur		0.90	OxygenThreshold { mixing_ratio: 0.001, rising: false }
483774	76600000		seuil d'oxygène	moteur	103782	0.90	OxygenThreshold { mixing_ratio: 0.001, rising: true }
512958	80200000		seuil d'oxygène	moteur		0.90	OxygenThreshold { mixing_ratio: 0.001, rising: false }
517377	80800000		seuil d'oxygène	moteur	103782	0.90	OxygenThreshold { mixing_ratio: 0.001, rising: true }
520434	81200000		seuil d'oxygène	moteur		0.90	OxygenThreshold { mixing_ratio: 0.001, rising: false }
524857	81800000		seuil d'oxygène	moteur	103782	0.90	OxygenThreshold { mixing_ratio: 0.001, rising: true }
529589	82400000		seuil d'oxygène	moteur		0.90	OxygenThreshold { mixing_ratio: 0.001, rising: false }
532609	82800000		seuil d'oxygène	moteur	103782	0.90	OxygenThreshold { mixing_ratio: 0.001, rising: true }
543205	84200000		seuil d'oxygène	moteur		0.90	OxygenThreshold { mixing_ratio: 0.001, rising: false }
558349	86200000		seuil d'oxygène	moteur		0.90	OxygenThreshold { mixing_ratio: 0.0001, rising: false }
562429	86800000		seuil d'oxygène	moteur	103782	0.90	OxygenThreshold { mixing_ratio: 0.0001, rising: true }
575522	88600000		seuil d'oxygène	moteur	103782	0.90	OxygenThreshold { mixing_ratio: 0.001, rising: true }
586305	90200000		seuil d'oxygène	moteur		0.90	OxygenThreshold { mixing_ratio: 0.001, rising: false }
590385	90800000		seuil d'oxygène	moteur	103782	0.90	OxygenThreshold { mixing_ratio: 0.001, rising: true }
624594	95200000		seuil d'oxygène	moteur		0.90	OxygenThreshold { mixing_ratio: 0.001, rising: false }
627831	95600000		seuil d'oxygène	moteur	103782	0.90	OxygenThreshold { mixing_ratio: 0.001, rising: true }
632374	96200000		seuil d'oxygène	moteur		0.90	OxygenThreshold { mixing_ratio: 0.001, rising: false }
635742	96600000		seuil d'oxygène	moteur	103782	0.90	OxygenThreshold { mixing_ratio: 0.001, rising: true }
645831	97800000		seuil d'oxygène	moteur	103782	0.90	OxygenThreshold { mixing_ratio: 0.01, rising: true }
647432	98000000		seuil d'oxygène	moteur		0.90	OxygenThreshold { mixing_ratio: 0.01, rising: false }
654226	98800000		seuil d'oxygène	moteur	103782	0.90	OxygenThreshold { mixing_ratio: 0.01, rising: true }
665392	100200000		seuil d'oxygène	moteur		0.90	OxygenThreshold { mixing_ratio: 0.01, rising: false }
670063	100800000		seuil d'oxygène	moteur	103782	0.90	OxygenThreshold { mixing_ratio: 0.01, rising: true }
681583	102200000		seuil d'oxygène	moteur		0.90	OxygenThreshold { mixing_ratio: 0.01, rising: false }
684618	102600000		seuil d'oxygène	moteur	103782	0.90	OxygenThreshold { mixing_ratio: 0.01, rising: true }
689341	103200000		seuil d'oxygène	moteur		0.90	OxygenThreshold { mixing_ratio: 0.01, rising: false }
693768	103800000		seuil d'oxygène	moteur	103782	0.90	OxygenThreshold { mixing_ratio: 0.01, rising: true }
703972	105200000		seuil d'oxygène	moteur		0.90	OxygenThreshold { mixing_ratio: 0.01, rising: false }
707956	105800000		seuil d'oxygène	moteur	103782	0.90	OxygenThreshold { mixing_ratio: 0.01, rising: true }
739777	110200000		seuil d'oxygène	moteur		0.90	OxygenThreshold { mixing_ratio: 0.01, rising: false }
744344	110800000		seuil d'oxygène	moteur	103782	0.90	OxygenThreshold { mixing_ratio: 0.01, rising: true }
747843	111200000		seuil d'oxygène	moteur		0.90	OxygenThreshold { mixing_ratio: 0.01, rising: false }
751271	111600000		seuil d'oxygène	moteur	103782	0.90	OxygenThreshold { mixing_ratio: 0.01, rising: true }
756577	112200000		seuil d'oxygène	moteur		0.90	OxygenThreshold { mixing_ratio: 0.01, rising: false }
756578	112200000		seuil d'oxygène	moteur		0.90	OxygenThreshold { mixing_ratio: 0.001, rising: false }
759619	112600000		seuil d'oxygène	moteur	103782	0.90	OxygenThreshold { mixing_ratio: 0.001, rising: true }
761309	112800000		seuil d'oxygène	moteur	103782	0.90	OxygenThreshold { mixing_ratio: 0.01, rising: true }
784683	115200000		seuil d'oxygène	moteur		0.90	OxygenThreshold { mixing_ratio: 0.01, rising: false }
784684	115200000		seuil d'oxygène	moteur		0.90	OxygenThreshold { mixing_ratio: 0.001, rising: false }
788442	115600000		seuil d'oxygène	moteur	103782	0.90	OxygenThreshold { mixing_ratio: 0.001, rising: true }
790355	115800000		seuil d'oxygène	moteur	103782	0.90	OxygenThreshold { mixing_ratio: 0.01, rising: true }
809085	117400000		seuil d'oxygène	moteur		0.90	OxygenThreshold { mixing_ratio: 0.01, rising: false }
811532	117600000		seuil d'oxygène	moteur	103782	0.90	OxygenThreshold { mixing_ratio: 0.01, rising: true }
832273	119200000		seuil d'oxygène	moteur		0.90	OxygenThreshold { mixing_ratio: 0.01, rising: false }
837773	119600000		seuil d'oxygène	moteur	103782	0.90	OxygenThreshold { mixing_ratio: 0.01, rising: true }
846250	120200000		seuil d'oxygène	moteur		0.90	OxygenThreshold { mixing_ratio: 0.01, rising: false }
854326	120800000		seuil d'oxygène	moteur	103782	0.90	OxygenThreshold { mixing_ratio: 0.01, rising: true }
860132	121200000		seuil d'oxygène	moteur		0.90	OxygenThreshold { mixing_ratio: 0.01, rising: false }
862690	121400000		seuil d'oxygène	moteur		0.90	OxygenThreshold { mixing_ratio: 0.001, rising: false }
865175	121600000		seuil d'oxygène	moteur	103782	0.90	OxygenThreshold { mixing_ratio: 0.001, rising: true }
868037	121800000		seuil d'oxygène	moteur	103782	0.90	OxygenThreshold { mixing_ratio: 0.01, rising: true }
874048	122200000		seuil d'oxygène	moteur		0.90	OxygenThreshold { mixing_ratio: 0.01, rising: false }
882652	122800000		seuil d'oxygène	moteur	103782	0.90	OxygenThreshold { mixing_ratio: 0.01, rising: true }
888981	123200000		seuil d'oxygène	moteur		0.90	OxygenThreshold { mixing_ratio: 0.01, rising: false }
895212	123600000		seuil d'oxygène	moteur	103782	0.90	OxygenThreshold { mixing_ratio: 0.01, rising: true }
905033	124200000		seuil d'oxygène	moteur		0.90	OxygenThreshold { mixing_ratio: 0.01, rising: false }
905034	124200000		seuil d'oxygène	moteur		0.90	OxygenThreshold { mixing_ratio: 0.001, rising: false }
911021	124600000		seuil d'oxygène	moteur	103782	0.90	OxygenThreshold { mixing_ratio: 0.001, rising: true }
914217	124800000		seuil d'oxygène	moteur	103782	0.90	OxygenThreshold { mixing_ratio: 0.01, rising: true }
920959	125200000		seuil d'oxygène	moteur		0.90	OxygenThreshold { mixing_ratio: 0.01, rising: false }
927518	125600000		seuil d'oxygène	moteur	103782	0.90	OxygenThreshold { mixing_ratio: 0.01, rising: true }
1007944	130000000		seuil d'oxygène	moteur		0.90	OxygenThreshold { mixing_ratio: 0.01, rising: false }
1007945	130000000		seuil d'oxygène	moteur		0.90	OxygenThreshold { mixing_ratio: 0.001, rising: false }
1011200	130200000		seuil d'oxygène	moteur		0.90	OxygenThreshold { mixing_ratio: 0.0001, rising: false }
1011201	130200000		seuil d'oxygène	moteur		0.90	OxygenThreshold { mixing_ratio: 1e-5, rising: false }
1011202	130200000		seuil d'oxygène	moteur		0.90	OxygenThreshold { mixing_ratio: 1e-6, rising: false }
1017780	130600000		seuil d'oxygène	moteur	103782	0.90	OxygenThreshold { mixing_ratio: 1e-6, rising: true }
1017781	130600000		seuil d'oxygène	moteur	103782	0.90	OxygenThreshold { mixing_ratio: 1e-5, rising: true }
1017782	130600000		seuil d'oxygène	moteur	103782	0.90	OxygenThreshold { mixing_ratio: 0.0001, rising: true }
1021747	130800000		seuil d'oxygène	moteur	103782	0.90	OxygenThreshold { mixing_ratio: 0.001, rising: true }
1041635	131800000		seuil d'oxygène	moteur	103782	0.90	OxygenThreshold { mixing_ratio: 0.01, rising: true }
1085765	134000000		seuil d'oxygène	moteur		0.90	OxygenThreshold { mixing_ratio: 0.01, rising: false }
1089879	134200000		seuil d'oxygène	moteur		0.90	OxygenThreshold { mixing_ratio: 0.001, rising: false }
1093588	134400000		seuil d'oxygène	moteur		0.90	OxygenThreshold { mixing_ratio: 0.0001, rising: false }
1097006	134600000		seuil d'oxygène	moteur	103782	0.90	OxygenThreshold { mixing_ratio: 0.0001, rising: true }
1100816	134800000		seuil d'oxygène	moteur	103782	0.90	OxygenThreshold { mixing_ratio: 0.001, rising: true }
1120190	135800000		seuil d'oxygène	moteur	103782	0.90	OxygenThreshold { mixing_ratio: 0.01, rising: true }
1148142	137200000		seuil d'oxygène	moteur		0.90	OxygenThreshold { mixing_ratio: 0.01, rising: false }
1159517	137800000		seuil d'oxygène	moteur	103782	0.90	OxygenThreshold { mixing_ratio: 0.01, rising: true }
1163642	138000000		seuil d'oxygène	moteur		0.90	OxygenThreshold { mixing_ratio: 0.01, rising: false }
1167680	138200000		seuil d'oxygène	moteur		0.90	OxygenThreshold { mixing_ratio: 0.001, rising: false }
1174952	138600000		seuil d'oxygène	moteur	103782	0.90	OxygenThreshold { mixing_ratio: 0.001, rising: true }
1178770	138800000		seuil d'oxygène	moteur	103782	0.90	OxygenThreshold { mixing_ratio: 0.01, rising: true }
1182726	139000000		seuil d'oxygène	moteur		0.90	OxygenThreshold { mixing_ratio: 0.01, rising: false }
1186748	139200000		seuil d'oxygène	moteur		0.90	OxygenThreshold { mixing_ratio: 0.001, rising: false }
1190106	139400000		seuil d'oxygène	moteur		0.90	OxygenThreshold { mixing_ratio: 0.0001, rising: false }
1193038	139600000		seuil d'oxygène	moteur	103782	0.90	OxygenThreshold { mixing_ratio: 0.0001, rising: true }
1196437	139800000		seuil d'oxygène	moteur	103782	0.90	OxygenThreshold { mixing_ratio: 0.001, rising: true }
1212222	140600000		seuil d'oxygène	moteur	103782	0.90	OxygenThreshold { mixing_ratio: 0.01, rising: true }
1244516	142200000		seuil d'oxygène	moteur		0.90	OxygenThreshold { mixing_ratio: 0.01, rising: false }
1255928	142800000		seuil d'oxygène	moteur	103782	0.90	OxygenThreshold { mixing_ratio: 0.01, rising: true }
1303281	145200000		seuil d'oxygène	moteur		0.90	OxygenThreshold { mixing_ratio: 0.01, rising: false }
1303282	145200000		seuil d'oxygène	moteur		0.90	OxygenThreshold { mixing_ratio: 0.001, rising: false }
1310701	145600000		seuil d'oxygène	moteur	103782	0.90	OxygenThreshold { mixing_ratio: 0.001, rising: true }
1314510	145800000		seuil d'oxygène	moteur	103782	0.90	OxygenThreshold { mixing_ratio: 0.01, rising: true }
1322382	146200000		seuil d'oxygène	moteur		0.90	OxygenThreshold { mixing_ratio: 0.01, rising: false }
1333542	146800000		seuil d'oxygène	moteur	103782	0.90	OxygenThreshold { mixing_ratio: 0.01, rising: true }
1341394	147200000		seuil d'oxygène	moteur		0.90	OxygenThreshold { mixing_ratio: 0.01, rising: false }
1352428	147800000		seuil d'oxygène	moteur	103782	0.90	OxygenThreshold { mixing_ratio: 0.01, rising: true }
1360229	148200000		seuil d'oxygène	moteur		0.90	OxygenThreshold { mixing_ratio: 0.01, rising: false }
1370985	148800000		seuil d'oxygène	moteur	103782	0.90	OxygenThreshold { mixing_ratio: 0.01, rising: true }
1378932	149200000		seuil d'oxygène	moteur		0.90	OxygenThreshold { mixing_ratio: 0.01, rising: false }
1389832	149800000		seuil d'oxygène	moteur	103782	0.90	OxygenThreshold { mixing_ratio: 0.01, rising: true }
1409240	150800000		réorganisation des plaques	moteur		0.55	PlateReorganisation { plates: 14 }
1436047	152200000		seuil d'oxygène	moteur		0.90	OxygenThreshold { mixing_ratio: 0.01, rising: false }
1446498	152800000		seuil d'oxygène	moteur	103782	0.90	OxygenThreshold { mixing_ratio: 0.01, rising: true }
1454079	153200000		seuil d'oxygène	moteur		0.90	OxygenThreshold { mixing_ratio: 0.01, rising: false }
1464745	153800000		seuil d'oxygène	moteur	103782	0.90	OxygenThreshold { mixing_ratio: 0.01, rising: true }
1472542	154200000		seuil d'oxygène	moteur		0.90	OxygenThreshold { mixing_ratio: 0.01, rising: false }
1479958	154600000		seuil d'oxygène	moteur	103782	0.90	OxygenThreshold { mixing_ratio: 0.01, rising: true }
1487283	155000000		seuil d'oxygène	moteur		0.90	OxygenThreshold { mixing_ratio: 0.01, rising: false }
1491178	155200000		seuil d'oxygène	moteur		0.90	OxygenThreshold { mixing_ratio: 0.001, rising: false }
1498273	155600000		seuil d'oxygène	moteur	103782	0.90	OxygenThreshold { mixing_ratio: 0.001, rising: true }
1501995	155800000		seuil d'oxygène	moteur	103782	0.90	OxygenThreshold { mixing_ratio: 0.01, rising: true }
1505835	156000000		seuil d'oxygène	moteur		0.90	OxygenThreshold { mixing_ratio: 0.01, rising: false }
1509635	156200000		seuil d'oxygène	moteur		0.90	OxygenThreshold { mixing_ratio: 0.001, rising: false }
1513362	156400000		seuil d'oxygène	moteur		0.90	OxygenThreshold { mixing_ratio: 0.0001, rising: false }
1516424	156600000		seuil d'oxygène	moteur	103782	0.90	OxygenThreshold { mixing_ratio: 0.0001, rising: true }
1516425	156600000		seuil d'oxygène	moteur	103782	0.90	OxygenThreshold { mixing_ratio: 0.001, rising: true }
1556135	158800000		seuil d'oxygène	moteur	103782	0.90	OxygenThreshold { mixing_ratio: 0.01, rising: true }
1563650	159200000		seuil d'oxygène	moteur		0.90	OxygenThreshold { mixing_ratio: 0.01, rising: false }
1574357	159800000		seuil d'oxygène	moteur	103782	0.90	OxygenThreshold { mixing_ratio: 0.01, rising: true }
1597360	161000000		seuil d'oxygène	moteur		0.90	OxygenThreshold { mixing_ratio: 0.01, rising: false }
1597361	161000000		seuil d'oxygène	moteur		0.90	OxygenThreshold { mixing_ratio: 0.001, rising: false }
1601149	161200000		seuil d'oxygène	moteur		0.90	OxygenThreshold { mixing_ratio: 0.0001, rising: false }
1601150	161200000		seuil d'oxygène	moteur		0.90	OxygenThreshold { mixing_ratio: 1e-5, rising: false }
1601151	161200000		seuil d'oxygène	moteur		0.90	OxygenThreshold { mixing_ratio: 1e-6, rising: false }
1607911	161600000		seuil d'oxygène	moteur	103782	0.90	OxygenThreshold { mixing_ratio: 1e-6, rising: true }
1607912	161600000		seuil d'oxygène	moteur	103782	0.90	OxygenThreshold { mixing_ratio: 1e-5, rising: true }
1607913	161600000		seuil d'oxygène	moteur	103782	0.90	OxygenThreshold { mixing_ratio: 0.0001, rising: true }
1611821	161800000		seuil d'oxygène	moteur	103782	0.90	OxygenThreshold { mixing_ratio: 0.001, rising: true }
1619456	162200000		seuil d'oxygène	moteur		0.90	OxygenThreshold { mixing_ratio: 0.001, rising: false }
1626425	162600000		seuil d'oxygène	moteur	103782	0.90	OxygenThreshold { mixing_ratio: 0.001, rising: true }
1648146	163800000		seuil d'oxygène	moteur	103782	0.90	OxygenThreshold { mixing_ratio: 0.01, rising: true }
1651959	164000000		seuil d'oxygène	moteur		0.90	OxygenThreshold { mixing_ratio: 0.01, rising: false }
1659609	164400000		seuil d'oxygène	moteur		0.90	OxygenThreshold { mixing_ratio: 0.001, rising: false }
1662571	164600000		seuil d'oxygène	moteur	103782	0.90	OxygenThreshold { mixing_ratio: 0.001, rising: true }
1666219	164800000		seuil d'oxygène	moteur	103782	0.90	OxygenThreshold { mixing_ratio: 0.01, rising: true }
1673605	165200000		seuil d'oxygène	moteur		0.90	OxygenThreshold { mixing_ratio: 0.01, rising: false }
1683987	165800000		seuil d'oxygène	moteur	103782	0.90	OxygenThreshold { mixing_ratio: 0.01, rising: true }
1687413	166000000		seuil d'oxygène	moteur		0.90	OxygenThreshold { mixing_ratio: 0.01, rising: false }
1691510	166200000		seuil d'oxygène	moteur		0.90	OxygenThreshold { mixing_ratio: 0.001, rising: false }
1691511	166200000		seuil d'oxygène	moteur		0.90	OxygenThreshold { mixing_ratio: 0.0001, rising: false }
1695217	166400000		seuil d'oxygène	moteur		0.90	OxygenThreshold { mixing_ratio: 1e-5, rising: false }
1698308	166600000		seuil d'oxygène	moteur	103782	0.90	OxygenThreshold { mixing_ratio: 1e-5, rising: true }
1698309	166600000		seuil d'oxygène	moteur	103782	0.90	OxygenThreshold { mixing_ratio: 0.0001, rising: true }
1701228	166800000		seuil d'oxygène	moteur	103782	0.90	OxygenThreshold { mixing_ratio: 0.001, rising: true }
1711947	167400000		seuil d'oxygène	moteur		0.90	OxygenThreshold { mixing_ratio: 0.001, rising: false }
1714738	167600000		seuil d'oxygène	moteur	103782	0.90	OxygenThreshold { mixing_ratio: 0.001, rising: true }
1732052	168600000		seuil d'oxygène	moteur	103782	0.90	OxygenThreshold { mixing_ratio: 0.01, rising: true }
1739079	169000000		seuil d'oxygène	moteur		0.90	OxygenThreshold { mixing_ratio: 0.01, rising: false }
1742565	169200000		seuil d'oxygène	moteur		0.90	OxygenThreshold { mixing_ratio: 0.001, rising: false }
1748959	169600000		seuil d'oxygène	moteur	103782	0.90	OxygenThreshold { mixing_ratio: 0.001, rising: true }
1759488	170200000		seuil d'oxygène	moteur		0.90	OxygenThreshold { mixing_ratio: 0.001, rising: false }
1765197	170600000		seuil d'oxygène	moteur	103782	0.90	OxygenThreshold { mixing_ratio: 0.001, rising: true }
1778788	171400000		seuil d'oxygène	moteur		0.90	OxygenThreshold { mixing_ratio: 0.001, rising: false }
1781420	171600000		seuil d'oxygène	moteur	103782	0.90	OxygenThreshold { mixing_ratio: 0.001, rising: true }
1808401	173200000		seuil d'oxygène	moteur		0.90	OxygenThreshold { mixing_ratio: 0.001, rising: false }
1814096	173600000		seuil d'oxygène	moteur	103782	0.90	OxygenThreshold { mixing_ratio: 0.001, rising: true }
1833577	174800000		seuil d'oxygène	moteur	103782	0.90	OxygenThreshold { mixing_ratio: 0.01, rising: true }
1836876	175000000		seuil d'oxygène	moteur		0.90	OxygenThreshold { mixing_ratio: 0.01, rising: false }
1840303	175200000		seuil d'oxygène	moteur		0.90	OxygenThreshold { mixing_ratio: 0.001, rising: false }
1846538	175600000		seuil d'oxygène	moteur	103782	0.90	OxygenThreshold { mixing_ratio: 0.001, rising: true }
1856501	176200000		seuil d'oxygène	moteur		0.90	OxygenThreshold { mixing_ratio: 0.001, rising: false }
1862901	176600000		seuil d'oxygène	moteur	103782	0.90	OxygenThreshold { mixing_ratio: 0.001, rising: true }
1881704	177800000		seuil d'oxygène	moteur	103782	0.90	OxygenThreshold { mixing_ratio: 0.01, rising: true }
1885042	178000000		seuil d'oxygène	moteur		0.90	OxygenThreshold { mixing_ratio: 0.01, rising: false }
1888512	178200000		seuil d'oxygène	moteur		0.90	OxygenThreshold { mixing_ratio: 0.001, rising: false }
1888513	178200000		seuil d'oxygène	moteur		0.90	OxygenThreshold { mixing_ratio: 0.0001, rising: false }
1891513	178400000		seuil d'oxygène	moteur		0.90	OxygenThreshold { mixing_ratio: 1e-5, rising: false }
1891514	178400000		seuil d'oxygène	moteur		0.90	OxygenThreshold { mixing_ratio: 1e-6, rising: false }
1894418	178600000		seuil d'oxygène	moteur	103782	0.90	OxygenThreshold { mixing_ratio: 1e-6, rising: true }
1894419	178600000		seuil d'oxygène	moteur	103782	0.90	OxygenThreshold { mixing_ratio: 1e-5, rising: true }
1894420	178600000		seuil d'oxygène	moteur	103782	0.90	OxygenThreshold { mixing_ratio: 0.0001, rising: true }
1896969	178800000		seuil d'oxygène	moteur	103782	0.90	OxygenThreshold { mixing_ratio: 0.001, rising: true }
1926387	180600000		seuil d'oxygène	moteur	103782	0.90	OxygenThreshold { mixing_ratio: 0.01, rising: true }
1936485	181200000		seuil d'oxygène	moteur		0.90	OxygenThreshold { mixing_ratio: 0.01, rising: false }
1945585	181800000		seuil d'oxygène	moteur	103782	0.90	OxygenThreshold { mixing_ratio: 0.01, rising: true }
1968975	183200000		seuil d'oxygène	moteur		0.90	OxygenThreshold { mixing_ratio: 0.01, rising: false }
1978369	183800000		seuil d'oxygène	moteur	103782	0.90	OxygenThreshold { mixing_ratio: 0.01, rising: true }
1984871	184200000		seuil d'oxygène	moteur		0.90	OxygenThreshold { mixing_ratio: 0.01, rising: false }
1994256	184800000		seuil d'oxygène	moteur	103782	0.90	OxygenThreshold { mixing_ratio: 0.01, rising: true }
2000982	185200000		seuil d'oxygène	moteur		0.90	OxygenThreshold { mixing_ratio: 0.01, rising: false }
2004507	185400000		seuil d'oxygène	moteur		0.90	OxygenThreshold { mixing_ratio: 0.001, rising: false }
2007168	185600000		seuil d'oxygène	moteur	103782	0.90	OxygenThreshold { mixing_ratio: 0.001, rising: true }
2039323	187600000		seuil d'oxygène	moteur	103782	0.90	OxygenThreshold { mixing_ratio: 0.01, rising: true }
2049425	188200000		seuil d'oxygène	moteur		0.90	OxygenThreshold { mixing_ratio: 0.01, rising: false }
2058992	188800000		seuil d'oxygène	moteur	103782	0.90	OxygenThreshold { mixing_ratio: 0.01, rising: true }
2062278	189000000		seuil d'oxygène	moteur		0.90	OxygenThreshold { mixing_ratio: 0.01, rising: false }
2065545	189200000		seuil d'oxygène	moteur		0.90	OxygenThreshold { mixing_ratio: 0.001, rising: false }
2065546	189200000		seuil d'oxygène	moteur		0.90	OxygenThreshold { mixing_ratio: 0.0001, rising: false }
2065547	189200000		seuil d'oxygène	moteur		0.90	OxygenThreshold { mixing_ratio: 1e-5, rising: false }
2065548	189200000		seuil d'oxygène	moteur		0.90	OxygenThreshold { mixing_ratio: 1e-6, rising: false }
2070985	189600000		seuil d'oxygène	moteur	103782	0.90	OxygenThreshold { mixing_ratio: 1e-6, rising: true }
2070986	189600000		seuil d'oxygène	moteur	103782	0.90	OxygenThreshold { mixing_ratio: 1e-5, rising: true }
2070987	189600000		seuil d'oxygène	moteur	103782	0.90	OxygenThreshold { mixing_ratio: 0.0001, rising: true }
2074554	189800000		seuil d'oxygène	moteur	103782	0.90	OxygenThreshold { mixing_ratio: 0.001, rising: true }
2081092	190200000		seuil d'oxygène	moteur		0.90	OxygenThreshold { mixing_ratio: 0.001, rising: false }
2084040	190400000		seuil d'oxygène	moteur		0.90	OxygenThreshold { mixing_ratio: 0.0001, rising: false }
2087107	190600000		seuil d'oxygène	moteur	103782	0.90	OxygenThreshold { mixing_ratio: 0.0001, rising: true }
2089851	190800000		seuil d'oxygène	moteur	103782	0.90	OxygenThreshold { mixing_ratio: 0.001, rising: true }
2151574	194800000		seuil d'oxygène	moteur	103782	0.90	OxygenThreshold { mixing_ratio: 0.01, rising: true }
2154564	195000000		seuil d'oxygène	moteur		0.90	OxygenThreshold { mixing_ratio: 0.01, rising: false }
2157711	195200000		seuil d'oxygène	moteur		0.90	OxygenThreshold { mixing_ratio: 0.001, rising: false }
2157712	195200000		seuil d'oxygène	moteur		0.90	OxygenThreshold { mixing_ratio: 0.0001, rising: false }
2160803	195400000		seuil d'oxygène	moteur		0.90	OxygenThreshold { mixing_ratio: 1e-5, rising: false }
2163588	195600000		seuil d'oxygène	moteur	103782	0.90	OxygenThreshold { mixing_ratio: 1e-5, rising: true }
2163589	195600000		seuil d'oxygène	moteur	103782	0.90	OxygenThreshold { mixing_ratio: 0.0001, rising: true }
2166246	195800000		seuil d'oxygène	moteur	103782	0.90	OxygenThreshold { mixing_ratio: 0.001, rising: true }
2186786	197200000		seuil d'oxygène	moteur		0.90	OxygenThreshold { mixing_ratio: 0.001, rising: false }
2192130	197600000		seuil d'oxygène	moteur	103782	0.90	OxygenThreshold { mixing_ratio: 0.001, rising: true }
2200796	198200000		seuil d'oxygène	moteur		0.90	OxygenThreshold { mixing_ratio: 0.001, rising: false }
2206281	198600000		seuil d'oxygène	moteur	103782	0.90	OxygenThreshold { mixing_ratio: 0.001, rising: true }
2258062	202200000		seuil d'oxygène	moteur		0.90	OxygenThreshold { mixing_ratio: 0.001, rising: false }
2258063	202200000		seuil d'oxygène	moteur		0.90	OxygenThreshold { mixing_ratio: 0.0001, rising: false }
2261096	202400000		seuil d'oxygène	moteur		0.90	OxygenThreshold { mixing_ratio: 1e-5, rising: false }
2264022	202600000		seuil d'oxygène	moteur	103782	0.90	OxygenThreshold { mixing_ratio: 1e-5, rising: true }
2264023	202600000		seuil d'oxygène	moteur	103782	0.90	OxygenThreshold { mixing_ratio: 0.0001, rising: true }
2266382	202800000		seuil d'oxygène	moteur	103782	0.90	OxygenThreshold { mixing_ratio: 0.001, rising: true }
2286780	204200000		seuil d'oxygène	moteur		0.90	OxygenThreshold { mixing_ratio: 0.001, rising: false }
2291922	204600000		seuil d'oxygène	moteur	103782	0.90	OxygenThreshold { mixing_ratio: 0.001, rising: true }
2328772	207200000		seuil d'oxygène	moteur		0.90	OxygenThreshold { mixing_ratio: 0.001, rising: false }
2334312	207600000		seuil d'oxygène	moteur	103782	0.90	OxygenThreshold { mixing_ratio: 0.001, rising: true }
2356120	209200000		seuil d'oxygène	moteur		0.90	OxygenThreshold { mixing_ratio: 0.001, rising: false }
2358713	209400000		seuil d'oxygène	moteur		0.90	OxygenThreshold { mixing_ratio: 0.0001, rising: false }
2363434	209800000		seuil d'oxygène	moteur	103782	0.90	OxygenThreshold { mixing_ratio: 0.0001, rising: true }
2366345	210000000		seuil d'oxygène	moteur	103782	0.90	OxygenThreshold { mixing_ratio: 0.001, rising: true }
2383975	211200000		seuil d'oxygène	moteur		0.90	OxygenThreshold { mixing_ratio: 0.001, rising: false }
2387084	211400000		seuil d'oxygène	moteur		0.90	OxygenThreshold { mixing_ratio: 0.0001, rising: false }
2389920	211600000		seuil d'oxygène	moteur	103782	0.90	OxygenThreshold { mixing_ratio: 0.0001, rising: true }
2392302	211800000		seuil d'oxygène	moteur	103782	0.90	OxygenThreshold { mixing_ratio: 0.001, rising: true }
2440704	215200000		seuil d'oxygène	moteur		0.90	OxygenThreshold { mixing_ratio: 0.001, rising: false }
2448816	215800000		seuil d'oxygène	moteur	103782	0.90	OxygenThreshold { mixing_ratio: 0.001, rising: true }
2469209	217200000		seuil d'oxygène	moteur		0.90	OxygenThreshold { mixing_ratio: 0.001, rising: false }
2471961	217400000		seuil d'oxygène	moteur		0.90	OxygenThreshold { mixing_ratio: 0.0001, rising: false }
2474686	217600000		seuil d'oxygène	moteur	103782	0.90	OxygenThreshold { mixing_ratio: 0.0001, rising: true }
2479463	218000000		seuil d'oxygène	moteur	103782	0.90	OxygenThreshold { mixing_ratio: 0.001, rising: true }
2495793	219200000		seuil d'oxygène	moteur		0.90	OxygenThreshold { mixing_ratio: 0.001, rising: false }
2503278	219800000		seuil d'oxygène	moteur	103782	0.90	OxygenThreshold { mixing_ratio: 0.001, rising: true }
2522144	221200000		seuil d'oxygène	moteur		0.90	OxygenThreshold { mixing_ratio: 0.001, rising: false }
2542564	222800000		seuil d'oxygène	moteur	103782	0.90	OxygenThreshold { mixing_ratio: 0.001, rising: true }
2547697	223200000		seuil d'oxygène	moteur		0.90	OxygenThreshold { mixing_ratio: 0.001, rising: false }
2571433	225200000		seuil d'oxygène	moteur		0.90	OxygenThreshold { mixing_ratio: 0.0001, rising: false }
2573959	225400000		seuil d'oxygène	moteur		0.90	OxygenThreshold { mixing_ratio: 1e-5, rising: false }
2576459	225600000		seuil d'oxygène	moteur		0.90	OxygenThreshold { mixing_ratio: 1e-6, rising: false }
2578531	225800000		seuil d'oxygène	moteur	103782	0.90	OxygenThreshold { mixing_ratio: 1e-6, rising: true }
2578532	225800000		seuil d'oxygène	moteur	103782	0.90	OxygenThreshold { mixing_ratio: 1e-5, rising: true }
2580542	226000000		seuil d'oxygène	moteur	103782	0.90	OxygenThreshold { mixing_ratio: 0.0001, rising: true }
2585281	226400000		seuil d'oxygène	moteur	103782	0.90	OxygenThreshold { mixing_ratio: 0.001, rising: true }
2593501	227000000		seuil d'oxygène	moteur		0.90	OxygenThreshold { mixing_ratio: 0.001, rising: false }
2649545	231800000		seuil d'oxygène	moteur	103782	0.90	OxygenThreshold { mixing_ratio: 0.001, rising: true }
2654680	232200000		seuil d'oxygène	moteur		0.90	OxygenThreshold { mixing_ratio: 0.001, rising: false }
2729208	239200000		seuil d'oxygène	moteur		0.90	OxygenThreshold { mixing_ratio: 0.0001, rising: false }
2732852	239600000		seuil d'oxygène	moteur	103782	0.90	OxygenThreshold { mixing_ratio: 0.0001, rising: true }
2926784	259400000		seuil d'oxygène	moteur		0.90	OxygenThreshold { mixing_ratio: 0.0001, rising: false }
2932391	260000000		seuil d'oxygène	moteur	103782	0.90	OxygenThreshold { mixing_ratio: 0.0001, rising: true }
2949214	261800000		seuil d'oxygène	moteur		0.90	OxygenThreshold { mixing_ratio: 0.0001, rising: false }
2954763	262400000		seuil d'oxygène	moteur	103782	0.90	OxygenThreshold { mixing_ratio: 0.0001, rising: true }
2962048	263200000		seuil d'oxygène	moteur		0.90	OxygenThreshold { mixing_ratio: 0.0001, rising: false }
2970784	264200000		seuil d'oxygène	moteur	103782	0.90	OxygenThreshold { mixing_ratio: 0.0001, rising: true }
2980235	265200000		seuil d'oxygène	moteur		0.90	OxygenThreshold { mixing_ratio: 0.0001, rising: false }
2990421	266400000		seuil d'oxygène	moteur	103782	0.90	OxygenThreshold { mixing_ratio: 0.0001, rising: true }
2997477	267200000		seuil d'oxygène	moteur		0.90	OxygenThreshold { mixing_ratio: 0.0001, rising: false }
3007723	268400000		seuil d'oxygène	moteur	103782	0.90	OxygenThreshold { mixing_ratio: 0.0001, rising: true }
3023757	270400000		seuil d'oxygène	moteur		0.90	OxygenThreshold { mixing_ratio: 0.0001, rising: false }
3036034	272000000		seuil d'oxygène	moteur		0.90	OxygenThreshold { mixing_ratio: 1e-5, rising: false }
3039162	272400000		seuil d'oxygène	moteur	103782	0.90	OxygenThreshold { mixing_ratio: 1e-5, rising: true }
3043813	273000000		seuil d'oxygène	moteur	103782	0.90	OxygenThreshold { mixing_ratio: 0.0001, rising: true }
3046684	273400000		seuil d'oxygène	moteur		0.90	OxygenThreshold { mixing_ratio: 0.0001, rising: false }
3051051	274000000		seuil d'oxygène	moteur	103782	0.90	OxygenThreshold { mixing_ratio: 0.0001, rising: true }
3052532	274200000		seuil d'oxygène	moteur		0.90	OxygenThreshold { mixing_ratio: 0.0001, rising: false }
3054951	274600000		seuil d'oxygène	moteur		0.90	OxygenThreshold { mixing_ratio: 1e-5, rising: false }
3057515	275000000		seuil d'oxygène	moteur	103782	0.90	OxygenThreshold { mixing_ratio: 1e-5, rising: true }
3060557	275400000		seuil d'oxygène	moteur	103782	0.90	OxygenThreshold { mixing_ratio: 0.0001, rising: true }
3061923	275600000		seuil d'oxygène	moteur		0.90	OxygenThreshold { mixing_ratio: 0.0001, rising: false }
3085461	278800000		seuil d'oxygène	moteur		0.90	OxygenThreshold { mixing_ratio: 1e-5, rising: false }
3092447	279800000		seuil d'oxygène	moteur	103782	0.90	OxygenThreshold { mixing_ratio: 1e-5, rising: true }
3095097	280200000		seuil d'oxygène	moteur	103782	0.90	OxygenThreshold { mixing_ratio: 0.0001, rising: true }
3099351	280800000		seuil d'oxygène	moteur		0.90	OxygenThreshold { mixing_ratio: 0.0001, rising: false }
3114548	283000000		seuil d'oxygène	moteur	103782	0.90	OxygenThreshold { mixing_ratio: 0.0001, rising: true }
3119192	283600000		seuil d'oxygène	moteur		0.90	OxygenThreshold { mixing_ratio: 0.0001, rising: false }
3123632	284200000		seuil d'oxygène	moteur	103782	0.90	OxygenThreshold { mixing_ratio: 0.0001, rising: true }
3133573	285600000		seuil d'oxygène	moteur		0.90	OxygenThreshold { mixing_ratio: 0.0001, rising: false }
3140373	286600000		seuil d'oxygène	moteur	103782	0.90	OxygenThreshold { mixing_ratio: 0.0001, rising: true }
3144679	287200000		seuil d'oxygène	moteur		0.90	OxygenThreshold { mixing_ratio: 0.0001, rising: false }
3150392	288000000		seuil d'oxygène	moteur	103782	0.90	OxygenThreshold { mixing_ratio: 0.0001, rising: true }
3163398	289800000		seuil d'oxygène	moteur		0.90	OxygenThreshold { mixing_ratio: 0.0001, rising: false }
3164903	290000000		seuil d'oxygène	moteur		0.90	OxygenThreshold { mixing_ratio: 1e-5, rising: false }
3169995	290800000		seuil d'oxygène	moteur	103782	0.90	OxygenThreshold { mixing_ratio: 1e-5, rising: true }
3192435	294000000		seuil d'oxygène	moteur		0.90	OxygenThreshold { mixing_ratio: 1e-5, rising: false }
3194726	294400000		seuil d'oxygène	moteur		0.90	OxygenThreshold { mixing_ratio: 1e-6, rising: false }
3198597	295000000		seuil d'oxygène	moteur	103782	0.90	OxygenThreshold { mixing_ratio: 1e-6, rising: true }
3199968	295200000		seuil d'oxygène	moteur	103782	0.90	OxygenThreshold { mixing_ratio: 1e-5, rising: true }
3213672	297000000		seuil d'oxygène	moteur		0.90	OxygenThreshold { mixing_ratio: 1e-5, rising: false }
3216538	297400000		seuil d'oxygène	moteur	103782	0.90	OxygenThreshold { mixing_ratio: 1e-5, rising: true }
3240744	300800000		réorganisation des plaques	moteur		0.30	PlateReorganisation { plates: 14 }
3243517	301200000		seuil d'oxygène	moteur	103782	0.90	OxygenThreshold { mixing_ratio: 0.0001, rising: true }
3246613	301600000		seuil d'oxygène	moteur		0.90	OxygenThreshold { mixing_ratio: 0.0001, rising: false }
3248065	301800000		seuil d'oxygène	moteur		0.90	OxygenThreshold { mixing_ratio: 1e-5, rising: false }
3252432	302400000		seuil d'oxygène	moteur	103782	0.90	OxygenThreshold { mixing_ratio: 1e-5, rising: true }
3294317	308800000		seuil d'oxygène	moteur		0.90	OxygenThreshold { mixing_ratio: 1e-5, rising: false }
3295309	309000000		seuil d'oxygène	moteur		0.90	OxygenThreshold { mixing_ratio: 1e-6, rising: false }
3297689	309400000		seuil d'oxygène	moteur	103782	0.90	OxygenThreshold { mixing_ratio: 1e-6, rising: true }
3300385	309800000		seuil d'oxygène	moteur		0.90	OxygenThreshold { mixing_ratio: 1e-6, rising: false }
3314312	311800000		seuil d'oxygène	moteur	103782	0.90	OxygenThreshold { mixing_ratio: 1e-6, rising: true }
3316866	312200000		seuil d'oxygène	moteur	103782	0.90	OxygenThreshold { mixing_ratio: 1e-5, rising: true }
3327055	313800000		seuil d'oxygène	moteur		0.90	OxygenThreshold { mixing_ratio: 1e-5, rising: false }
3334029	315000000		seuil d'oxygène	moteur	103782	0.90	OxygenThreshold { mixing_ratio: 1e-5, rising: true }
3389506	324600000		seuil d'oxygène	moteur		0.90	OxygenThreshold { mixing_ratio: 1e-5, rising: false }
3391352	325000000		seuil d'oxygène	moteur	103782	0.90	OxygenThreshold { mixing_ratio: 1e-5, rising: true }
3400985	326800000		seuil d'oxygène	moteur		0.90	OxygenThreshold { mixing_ratio: 1e-5, rising: false }
3404292	327400000		seuil d'oxygène	moteur	103782	0.90	OxygenThreshold { mixing_ratio: 1e-5, rising: true }
3413340	328800000		seuil d'oxygène	moteur		0.90	OxygenThreshold { mixing_ratio: 1e-5, rising: false }
3423641	330400000		seuil d'oxygène	moteur		0.90	OxygenThreshold { mixing_ratio: 1e-6, rising: false }
3473163	337400000		seuil d'oxygène	moteur	103782	0.90	OxygenThreshold { mixing_ratio: 1e-6, rising: true }
3489336	339400000		seuil d'oxygène	moteur	103782	0.90	OxygenThreshold { mixing_ratio: 1e-5, rising: true }
3535626	345000000		seuil d'oxygène	moteur	103782	0.90	OxygenThreshold { mixing_ratio: 0.0001, rising: true }
3539211	345400000		seuil d'oxygène	moteur		0.90	OxygenThreshold { mixing_ratio: 0.0001, rising: false }
3542599	345800000		seuil d'oxygène	moteur	103782	0.90	OxygenThreshold { mixing_ratio: 0.0001, rising: true }
3547867	346400000		seuil d'oxygène	moteur		0.90	OxygenThreshold { mixing_ratio: 0.0001, rising: false }
3609465	353800000		seuil d'oxygène	moteur		0.90	OxygenThreshold { mixing_ratio: 1e-5, rising: false }
3613611	354400000		seuil d'oxygène	moteur	103782	0.90	OxygenThreshold { mixing_ratio: 1e-5, rising: true }
3748111	371200000		seuil d'oxygène	moteur	103782	0.90	OxygenThreshold { mixing_ratio: 0.0001, rising: true }
3755149	372200000		seuil d'oxygène	moteur		0.90	OxygenThreshold { mixing_ratio: 0.0001, rising: false }
3762252	373200000		seuil d'oxygène	moteur	103782	0.90	OxygenThreshold { mixing_ratio: 0.0001, rising: true }
3768345	374000000		seuil d'oxygène	moteur		0.90	OxygenThreshold { mixing_ratio: 0.0001, rising: false }
3769380	374200000		seuil d'oxygène	moteur		0.90	OxygenThreshold { mixing_ratio: 1e-5, rising: false }
3770371	374400000		seuil d'oxygène	moteur		0.90	OxygenThreshold { mixing_ratio: 1e-6, rising: false }
3771212	374600000		seuil d'oxygène	moteur	103782	0.90	OxygenThreshold { mixing_ratio: 1e-6, rising: true }
3772061	374800000		seuil d'oxygène	moteur	103782	0.90	OxygenThreshold { mixing_ratio: 1e-5, rising: true }
3773040	375000000		seuil d'oxygène	moteur		0.90	OxygenThreshold { mixing_ratio: 1e-5, rising: false }
3775306	375400000		seuil d'oxygène	moteur	103782	0.90	OxygenThreshold { mixing_ratio: 1e-5, rising: true }
3776468	375600000		seuil d'oxygène	moteur	103782	0.90	OxygenThreshold { mixing_ratio: 0.0001, rising: true }
3780524	376200000		seuil d'oxygène	moteur		0.90	OxygenThreshold { mixing_ratio: 0.0001, rising: false }
3783984	376800000		seuil d'oxygène	moteur		0.90	OxygenThreshold { mixing_ratio: 1e-5, rising: false }
3783985	376800000		seuil d'oxygène	moteur		0.90	OxygenThreshold { mixing_ratio: 1e-6, rising: false }
3786007	377200000		seuil d'oxygène	moteur	103782	0.90	OxygenThreshold { mixing_ratio: 1e-6, rising: true }
3786008	377200000		seuil d'oxygène	moteur	103782	0.90	OxygenThreshold { mixing_ratio: 1e-5, rising: true }
3787221	377400000		seuil d'oxygène	moteur	103782	0.90	OxygenThreshold { mixing_ratio: 0.0001, rising: true }
3793075	378400000		seuil d'oxygène	moteur		0.90	OxygenThreshold { mixing_ratio: 0.0001, rising: false }
3797739	379200000		seuil d'oxygène	moteur	103782	0.90	OxygenThreshold { mixing_ratio: 0.0001, rising: true }
3803427	380000000		seuil d'oxygène	moteur		0.90	OxygenThreshold { mixing_ratio: 0.0001, rising: false }
3804463	380200000		seuil d'oxygène	moteur		0.90	OxygenThreshold { mixing_ratio: 1e-5, rising: false }
3804464	380200000		seuil d'oxygène	moteur		0.90	OxygenThreshold { mixing_ratio: 1e-6, rising: false }
3807165	380800000		seuil d'oxygène	moteur	103782	0.90	OxygenThreshold { mixing_ratio: 1e-6, rising: true }
3807166	380800000		seuil d'oxygène	moteur	103782	0.90	OxygenThreshold { mixing_ratio: 1e-5, rising: true }
3810713	381600000		seuil d'oxygène	moteur	103782	0.90	OxygenThreshold { mixing_ratio: 0.0001, rising: true }
3815737	382400000		seuil d'oxygène	moteur		0.90	OxygenThreshold { mixing_ratio: 0.0001, rising: false }
3817833	382800000		seuil d'oxygène	moteur		0.90	OxygenThreshold { mixing_ratio: 1e-5, rising: false }
3818868	383000000		seuil d'oxygène	moteur	103782	0.90	OxygenThreshold { mixing_ratio: 1e-5, rising: true }
3821221	383400000		seuil d'oxygène	moteur	103782	0.90	OxygenThreshold { mixing_ratio: 0.0001, rising: true }
3825080	384000000		seuil d'oxygène	moteur		0.90	OxygenThreshold { mixing_ratio: 0.0001, rising: false }
3827321	384400000		seuil d'oxygène	moteur		0.90	OxygenThreshold { mixing_ratio: 1e-5, rising: false }
3828526	384600000		seuil d'oxygène	moteur		0.90	OxygenThreshold { mixing_ratio: 1e-6, rising: false }
3829318	384800000		seuil d'oxygène	moteur	103782	0.90	OxygenThreshold { mixing_ratio: 1e-6, rising: true }
3829319	384800000		seuil d'oxygène	moteur	103782	0.90	OxygenThreshold { mixing_ratio: 1e-5, rising: true }
3831363	385200000		seuil d'oxygène	moteur	103782	0.90	OxygenThreshold { mixing_ratio: 0.0001, rising: true }
3836702	386000000		seuil d'oxygène	moteur		0.90	OxygenThreshold { mixing_ratio: 0.0001, rising: false }
3839147	386400000		seuil d'oxygène	moteur		0.90	OxygenThreshold { mixing_ratio: 1e-5, rising: false }
3839148	386400000		seuil d'oxygène	moteur		0.90	OxygenThreshold { mixing_ratio: 1e-6, rising: false }
3839836	386600000		seuil d'oxygène	moteur	103782	0.90	OxygenThreshold { mixing_ratio: 1e-6, rising: true }
3840757	386800000		seuil d'oxygène	moteur	103782	0.90	OxygenThreshold { mixing_ratio: 1e-5, rising: true }
3844714	387400000		seuil d'oxygène	moteur	103782	0.90	OxygenThreshold { mixing_ratio: 0.0001, rising: true }
3852036	388600000		seuil d'oxygène	moteur		0.90	OxygenThreshold { mixing_ratio: 0.0001, rising: false }
3857119	389400000		seuil d'oxygène	moteur	103782	0.90	OxygenThreshold { mixing_ratio: 0.0001, rising: true }
3861322	390000000		seuil d'oxygène	moteur		0.90	OxygenThreshold { mixing_ratio: 0.0001, rising: false }
3862486	390200000		seuil d'oxygène	moteur		0.90	OxygenThreshold { mixing_ratio: 1e-5, rising: false }
3863477	390400000		seuil d'oxygène	moteur		0.90	OxygenThreshold { mixing_ratio: 1e-6, rising: false }
3864902	390800000		seuil d'oxygène	moteur	103782	0.90	OxygenThreshold { mixing_ratio: 1e-6, rising: true }
3864903	390800000		seuil d'oxygène	moteur	103782	0.90	OxygenThreshold { mixing_ratio: 1e-5, rising: true }
3866404	391200000		seuil d'oxygène	moteur		0.90	OxygenThreshold { mixing_ratio: 1e-5, rising: false }
3867530	391400000		seuil d'oxygène	moteur	103782	0.90	OxygenThreshold { mixing_ratio: 1e-5, rising: true }
3868749	391600000		seuil d'oxygène	moteur	103782	0.90	OxygenThreshold { mixing_ratio: 0.0001, rising: true }
3873729	392200000		seuil d'oxygène	moteur		0.90	OxygenThreshold { mixing_ratio: 0.0001, rising: false }
3875252	392400000		seuil d'oxygène	moteur		0.90	OxygenThreshold { mixing_ratio: 1e-5, rising: false }
3878947	393000000		seuil d'oxygène	moteur	103782	0.90	OxygenThreshold { mixing_ratio: 1e-5, rising: true }
3880196	393200000		seuil d'oxygène	moteur	103782	0.90	OxygenThreshold { mixing_ratio: 0.0001, rising: true }
3885764	394000000		seuil d'oxygène	moteur		0.90	OxygenThreshold { mixing_ratio: 0.0001, rising: false }
3891241	394800000		seuil d'oxygène	moteur	103782	0.90	OxygenThreshold { mixing_ratio: 0.0001, rising: true }
3915932	398200000		seuil d'oxygène	moteur		0.90	OxygenThreshold { mixing_ratio: 0.0001, rising: false }
3923034	399200000		seuil d'oxygène	moteur	103782	0.90	OxygenThreshold { mixing_ratio: 0.0001, rising: true }
3929347	400000000		seuil d'oxygène	moteur		0.90	OxygenThreshold { mixing_ratio: 0.0001, rising: false }
3936583	401000000		seuil d'oxygène	moteur	103782	0.90	OxygenThreshold { mixing_ratio: 0.0001, rising: true }
3944321	402000000		seuil d'oxygène	moteur		0.90	OxygenThreshold { mixing_ratio: 0.0001, rising: false }
3951478	403000000		seuil d'oxygène	moteur	103782	0.90	OxygenThreshold { mixing_ratio: 0.0001, rising: true }
3960132	404200000		seuil d'oxygène	moteur		0.90	OxygenThreshold { mixing_ratio: 0.0001, rising: false }
3962568	404600000		seuil d'oxygène	moteur		0.90	OxygenThreshold { mixing_ratio: 1e-5, rising: false }
3965074	405000000		seuil d'oxygène	moteur	103782	0.90	OxygenThreshold { mixing_ratio: 1e-5, rising: true }
3966322	405200000		seuil d'oxygène	moteur	103782	0.90	OxygenThreshold { mixing_ratio: 0.0001, rising: true }
3971738	406000000		seuil d'oxygène	moteur		0.90	OxygenThreshold { mixing_ratio: 0.0001, rising: false }
3986791	408400000		seuil d'oxygène	moteur	103782	0.90	OxygenThreshold { mixing_ratio: 0.0001, rising: true }
4003355	411000000		seuil d'oxygène	moteur		0.90	OxygenThreshold { mixing_ratio: 0.0001, rising: false }
4009670	412000000		seuil d'oxygène	moteur	103782	0.90	OxygenThreshold { mixing_ratio: 0.0001, rising: true }
4024289	414200000		seuil d'oxygène	moteur		0.90	OxygenThreshold { mixing_ratio: 0.0001, rising: false }
4030483	415200000		seuil d'oxygène	moteur	103782	0.90	OxygenThreshold { mixing_ratio: 0.0001, rising: true }
4043714	417200000		seuil d'oxygène	moteur		0.90	OxygenThreshold { mixing_ratio: 0.0001, rising: false }
4049830	418200000		seuil d'oxygène	moteur	103782	0.90	OxygenThreshold { mixing_ratio: 0.0001, rising: true }
4059805	419800000		seuil d'oxygène	moteur		0.90	OxygenThreshold { mixing_ratio: 0.0001, rising: false }
4064677	420600000		seuil d'oxygène	moteur	103782	0.90	OxygenThreshold { mixing_ratio: 0.0001, rising: true }
4068378	421200000		seuil d'oxygène	moteur		0.90	OxygenThreshold { mixing_ratio: 0.0001, rising: false }
4071918	421800000		seuil d'oxygène	moteur	103782	0.90	OxygenThreshold { mixing_ratio: 0.0001, rising: true }
4077911	422800000		seuil d'oxygène	moteur		0.90	OxygenThreshold { mixing_ratio: 0.0001, rising: false }
4082566	423600000		seuil d'oxygène	moteur	103782	0.90	OxygenThreshold { mixing_ratio: 0.0001, rising: true }
4089837	424800000		seuil d'oxygène	moteur		0.90	OxygenThreshold { mixing_ratio: 0.0001, rising: false }
4099219	426400000		seuil d'oxygène	moteur		0.90	OxygenThreshold { mixing_ratio: 1e-5, rising: false }
4102235	427000000		seuil d'oxygène	moteur	103782	0.90	OxygenThreshold { mixing_ratio: 1e-5, rising: true }
4103354	427200000		seuil d'oxygène	moteur	103782	0.90	OxygenThreshold { mixing_ratio: 0.0001, rising: true }
4108103	428000000		seuil d'oxygène	moteur		0.90	OxygenThreshold { mixing_ratio: 0.0001, rising: false }
4111027	428600000		seuil d'oxygène	moteur		0.90	OxygenThreshold { mixing_ratio: 1e-5, rising: false }
4113035	429000000		seuil d'oxygène	moteur	103782	0.90	OxygenThreshold { mixing_ratio: 1e-5, rising: true }
4115299	429400000		seuil d'oxygène	moteur	103782	0.90	OxygenThreshold { mixing_ratio: 0.0001, rising: true }
4121854	430600000		seuil d'oxygène	moteur		0.90	OxygenThreshold { mixing_ratio: 0.0001, rising: false }
4126111	431400000		seuil d'oxygène	moteur	103782	0.90	OxygenThreshold { mixing_ratio: 0.0001, rising: true }
4133076	432600000		seuil d'oxygène	moteur		0.90	OxygenThreshold { mixing_ratio: 0.0001, rising: false }
4136461	433200000		seuil d'oxygène	moteur	103782	0.90	OxygenThreshold { mixing_ratio: 0.0001, rising: true }
4139809	433800000		seuil d'oxygène	moteur		0.90	OxygenThreshold { mixing_ratio: 0.0001, rising: false }
4143073	434400000		seuil d'oxygène	moteur	103782	0.90	OxygenThreshold { mixing_ratio: 0.0001, rising: true }
4146418	435000000		seuil d'oxygène	moteur		0.90	OxygenThreshold { mixing_ratio: 0.0001, rising: false }
4148450	435400000		seuil d'oxygène	moteur		0.90	OxygenThreshold { mixing_ratio: 1e-5, rising: false }
4148451	435400000		seuil d'oxygène	moteur		0.90	OxygenThreshold { mixing_ratio: 1e-6, rising: false }
4149678	435800000		seuil d'oxygène	moteur	103782	0.90	OxygenThreshold { mixing_ratio: 1e-6, rising: true }
4149679	435800000		seuil d'oxygène	moteur	103782	0.90	OxygenThreshold { mixing_ratio: 1e-5, rising: true }
4151638	436400000		seuil d'oxygène	moteur	103782	0.90	OxygenThreshold { mixing_ratio: 0.0001, rising: true }
4161063	438400000		seuil d'oxygène	moteur		0.90	OxygenThreshold { mixing_ratio: 0.0001, rising: false }
4163924	439000000		seuil d'oxygène	moteur	103782	0.90	OxygenThreshold { mixing_ratio: 0.0001, rising: true }
4171013	440200000		seuil d'oxygène	moteur		0.90	OxygenThreshold { mixing_ratio: 0.0001, rising: false }
4173141	440600000		seuil d'oxygène	moteur		0.90	OxygenThreshold { mixing_ratio: 1e-5, rising: false }
4175244	441000000		seuil d'oxygène	moteur	103782	0.90	OxygenThreshold { mixing_ratio: 1e-5, rising: true }
4180845	442000000		seuil d'oxygène	moteur	103782	0.90	OxygenThreshold { mixing_ratio: 0.0001, rising: true }
4197047	444800000		seuil d'oxygène	moteur		0.90	OxygenThreshold { mixing_ratio: 0.0001, rising: false }
4201527	445600000		seuil d'oxygène	moteur	103782	0.90	OxygenThreshold { mixing_ratio: 0.0001, rising: true }
4205245	446200000		seuil d'oxygène	moteur		0.90	OxygenThreshold { mixing_ratio: 0.0001, rising: false }
4206073	446400000		seuil d'oxygène	moteur		0.90	OxygenThreshold { mixing_ratio: 1e-5, rising: false }
4206074	446400000		seuil d'oxygène	moteur		0.90	OxygenThreshold { mixing_ratio: 1e-6, rising: false }
4208344	447000000		seuil d'oxygène	moteur	103782	0.90	OxygenThreshold { mixing_ratio: 1e-6, rising: true }
4208345	447000000		seuil d'oxygène	moteur	103782	0.90	OxygenThreshold { mixing_ratio: 1e-5, rising: true }
4215058	448600000		seuil d'oxygène	moteur	103782	0.90	OxygenThreshold { mixing_ratio: 0.0001, rising: true }
4218024	449200000		seuil d'oxygène	moteur		0.90	OxygenThreshold { mixing_ratio: 0.0001, rising: false }
4218878	449400000		seuil d'oxygène	moteur		0.90	OxygenThreshold { mixing_ratio: 1e-5, rising: false }
4219863	449600000		seuil d'oxygène	moteur		0.90	OxygenThreshold { mixing_ratio: 1e-6, rising: false }
4221103	450000000		seuil d'oxygène	moteur	103782	0.90	OxygenThreshold { mixing_ratio: 1e-6, rising: true }
4221104	450000000		seuil d'oxygène	moteur	103782	0.90	OxygenThreshold { mixing_ratio: 1e-5, rising: true }
4222120	450200000		seuil d'oxygène	moteur		0.90	OxygenThreshold { mixing_ratio: 1e-5, rising: false }
4225135	450800000		réorganisation des plaques	moteur		0.30	PlateReorganisation { plates: 14 }
4225884	451000000		seuil d'oxygène	moteur	103782	0.90	OxygenThreshold { mixing_ratio: 1e-5, rising: true }
4226541	451200000		seuil d'oxygène	moteur	103782	0.90	OxygenThreshold { mixing_ratio: 0.0001, rising: true }
4230720	452000000		seuil d'oxygène	moteur		0.90	OxygenThreshold { mixing_ratio: 0.0001, rising: false }
4233302	452400000		seuil d'oxygène	moteur		0.90	OxygenThreshold { mixing_ratio: 1e-5, rising: false }
4233303	452400000		seuil d'oxygène	moteur		0.90	OxygenThreshold { mixing_ratio: 1e-6, rising: false }
4234033	452600000		seuil d'oxygène	moteur	103782	0.90	OxygenThreshold { mixing_ratio: 1e-6, rising: true }
4234945	452800000		seuil d'oxygène	moteur	103782	0.90	OxygenThreshold { mixing_ratio: 1e-5, rising: true }
4238296	453200000		seuil d'oxygène	moteur	103782	0.90	OxygenThreshold { mixing_ratio: 0.0001, rising: true }
4244724	453800000		seuil d'oxygène	moteur		0.90	OxygenThreshold { mixing_ratio: 0.0001, rising: false }
4249154	454400000		seuil d'oxygène	moteur	103782	0.90	OxygenThreshold { mixing_ratio: 0.0001, rising: true }
4255029	455200000		seuil d'oxygène	moteur		0.90	OxygenThreshold { mixing_ratio: 0.0001, rising: false }
4256390	455400000		seuil d'oxygène	moteur		0.90	OxygenThreshold { mixing_ratio: 1e-5, rising: false }
4257679	455600000		seuil d'oxygène	moteur		0.90	OxygenThreshold { mixing_ratio: 1e-6, rising: false }
4258603	455800000		seuil d'oxygène	moteur	103782	0.90	OxygenThreshold { mixing_ratio: 1e-6, rising: true }
4259475	456000000		seuil d'oxygène	moteur	103782	0.90	OxygenThreshold { mixing_ratio: 1e-5, rising: true }
4262725	456400000		seuil d'oxygène	moteur	103782	0.90	OxygenThreshold { mixing_ratio: 0.0001, rising: true }
4269462	457000000		seuil d'oxygène	moteur		0.90	OxygenThreshold { mixing_ratio: 0.0001, rising: false }
4277546	458000000		seuil d'oxygène	moteur	103782	0.90	OxygenThreshold { mixing_ratio: 0.0001, rising: true }
4287637	459200000		seuil d'oxygène	moteur		0.90	OxygenThreshold { mixing_ratio: 0.0001, rising: false }
4295118	460000000		seuil d'oxygène	moteur	103782	0.90	OxygenThreshold { mixing_ratio: 0.0001, rising: true }
4304539	461000000		seuil d'oxygène	moteur		0.90	OxygenThreshold { mixing_ratio: 0.0001, rising: false }
4307551	461400000		seuil d'oxygène	moteur		0.90	OxygenThreshold { mixing_ratio: 1e-5, rising: false }
4309244	461600000		seuil d'oxygène	moteur		0.90	OxygenThreshold { mixing_ratio: 1e-6, rising: false }
4310639	461800000		seuil d'oxygène	moteur	103782	0.90	OxygenThreshold { mixing_ratio: 1e-6, rising: true }
4311850	462000000		seuil d'oxygène	moteur	103782	0.90	OxygenThreshold { mixing_ratio: 1e-5, rising: true }
4324178	463400000		seuil d'oxygène	moteur	103782	0.90	OxygenThreshold { mixing_ratio: 0.0001, rising: true }
4330571	464200000		seuil d'oxygène	moteur		0.90	OxygenThreshold { mixing_ratio: 0.0001, rising: false }
4333458	464600000		seuil d'oxygène	moteur		0.90	OxygenThreshold { mixing_ratio: 1e-5, rising: false }
4333459	464600000		seuil d'oxygène	moteur		0.90	OxygenThreshold { mixing_ratio: 1e-6, rising: false }
4335891	465000000		seuil d'oxygène	moteur	103782	0.90	OxygenThreshold { mixing_ratio: 1e-6, rising: true }
4335892	465000000		seuil d'oxygène	moteur	103782	0.90	OxygenThreshold { mixing_ratio: 1e-5, rising: true }
4336878	465200000		seuil d'oxygène	moteur	103782	0.90	OxygenThreshold { mixing_ratio: 0.0001, rising: true }
4347060	466200000		seuil d'oxygène	moteur		0.90	OxygenThreshold { mixing_ratio: 0.0001, rising: false }
4351192	466600000		seuil d'oxygène	moteur		0.90	OxygenThreshold { mixing_ratio: 1e-5, rising: false }
4354368	467000000		seuil d'oxygène	moteur	103782	0.90	OxygenThreshold { mixing_ratio: 1e-5, rising: true }
4357427	467400000		seuil d'oxygène	moteur	103782	0.90	OxygenThreshold { mixing_ratio: 0.0001, rising: true }
4363479	468200000		seuil d'oxygène	moteur		0.90	OxygenThreshold { mixing_ratio: 0.0001, rising: false }
4366209	468600000		seuil d'oxygène	moteur		0.90	OxygenThreshold { mixing_ratio: 1e-5, rising: false }
4367580	468800000		seuil d'oxygène	moteur		0.90	OxygenThreshold { mixing_ratio: 1e-6, rising: false }
4369367	469200000		seuil d'oxygène	moteur	103782	0.90	OxygenThreshold { mixing_ratio: 1e-6, rising: true }
4369368	469200000		seuil d'oxygène	moteur	103782	0.90	OxygenThreshold { mixing_ratio: 1e-5, rising: true }
4372217	469600000		seuil d'oxygène	moteur	103782	0.90	OxygenThreshold { mixing_ratio: 0.0001, rising: true }
4377453	470200000		seuil d'oxygène	moteur		0.90	OxygenThreshold { mixing_ratio: 0.0001, rising: false }
4384059	471200000		seuil d'oxygène	moteur	103782	0.90	OxygenThreshold { mixing_ratio: 0.0001, rising: true }
4392238	472400000		seuil d'oxygène	moteur		0.90	OxygenThreshold { mixing_ratio: 0.0001, rising: false }
4397889	473200000		seuil d'oxygène	moteur	103782	0.90	OxygenThreshold { mixing_ratio: 0.0001, rising: true }
4404065	474000000		seuil d'oxygène	moteur		0.90	OxygenThreshold { mixing_ratio: 0.0001, rising: false }
4406983	474400000		seuil d'oxygène	moteur		0.90	OxygenThreshold { mixing_ratio: 1e-5, rising: false }
4406984	474400000		seuil d'oxygène	moteur		0.90	OxygenThreshold { mixing_ratio: 1e-6, rising: false }
4408782	474800000		seuil d'oxygène	moteur	103782	0.90	OxygenThreshold { mixing_ratio: 1e-6, rising: true }
4409622	475000000		seuil d'oxygène	moteur	103782	0.90	OxygenThreshold { mixing_ratio: 1e-5, rising: true }
4412625	475400000		seuil d'oxygène	moteur	103782	0.90	OxygenThreshold { mixing_ratio: 0.0001, rising: true }
4419166	476000000		seuil d'oxygène	moteur		0.90	OxygenThreshold { mixing_ratio: 0.0001, rising: false }
4426904	477000000		seuil d'oxygène	moteur	103782	0.90	OxygenThreshold { mixing_ratio: 0.0001, rising: true }
4432283	477800000		seuil d'oxygène	moteur		0.90	OxygenThreshold { mixing_ratio: 0.0001, rising: false }
4441579	479200000		seuil d'oxygène	moteur	103782	0.90	OxygenThreshold { mixing_ratio: 0.0001, rising: true }
4446881	480000000		seuil d'oxygène	moteur		0.90	OxygenThreshold { mixing_ratio: 0.0001, rising: false }
4456438	481400000		seuil d'oxygène	moteur	103782	0.90	OxygenThreshold { mixing_ratio: 0.0001, rising: true }
4470289	483400000		seuil d'oxygène	moteur		0.90	OxygenThreshold { mixing_ratio: 0.0001, rising: false }
4481587	485200000		seuil d'oxygène	moteur	103782	0.90	OxygenThreshold { mixing_ratio: 0.0001, rising: true }
4490669	486600000		seuil d'oxygène	moteur		0.90	OxygenThreshold { mixing_ratio: 0.0001, rising: false }
4494378	487200000		seuil d'oxygène	moteur	103782	0.90	OxygenThreshold { mixing_ratio: 0.0001, rising: true }
4500912	488200000		seuil d'oxygène	moteur		0.90	OxygenThreshold { mixing_ratio: 0.0001, rising: false }
4507219	489200000		seuil d'oxygène	moteur	103782	0.90	OxygenThreshold { mixing_ratio: 0.0001, rising: true }
4527233	492200000		seuil d'oxygène	moteur		0.90	OxygenThreshold { mixing_ratio: 0.0001, rising: false }
4532370	493000000		seuil d'oxygène	moteur	103782	0.90	OxygenThreshold { mixing_ratio: 0.0001, rising: true }
4559406	497000000		seuil d'oxygène	moteur		0.90	OxygenThreshold { mixing_ratio: 0.0001, rising: false }
4564569	497800000		seuil d'oxygène	moteur	103782	0.90	OxygenThreshold { mixing_ratio: 0.0001, rising: true }
4580751	500200000		seuil d'oxygène	moteur		0.90	OxygenThreshold { mixing_ratio: 0.0001, rising: false }
4585706	501000000		seuil d'oxygène	moteur	103782	0.90	OxygenThreshold { mixing_ratio: 0.0001, rising: true }
4621997	506600000		seuil d'oxygène	moteur		0.90	OxygenThreshold { mixing_ratio: 0.0001, rising: false }
4625708	507200000		seuil d'oxygène	moteur	103782	0.90	OxygenThreshold { mixing_ratio: 0.0001, rising: true }
4646824	510600000		seuil d'oxygène	moteur		0.90	OxygenThreshold { mixing_ratio: 0.0001, rising: false }
4650597	511200000		seuil d'oxygène	moteur	103782	0.90	OxygenThreshold { mixing_ratio: 0.0001, rising: true }
4718963	522600000		seuil d'oxygène	moteur		0.90	OxygenThreshold { mixing_ratio: 0.0001, rising: false }
4722421	523200000		seuil d'oxygène	moteur	103782	0.90	OxygenThreshold { mixing_ratio: 0.0001, rising: true }
4731392	524600000		seuil d'oxygène	moteur		0.90	OxygenThreshold { mixing_ratio: 0.0001, rising: false }
4735086	525200000		seuil d'oxygène	moteur	103782	0.90	OxygenThreshold { mixing_ratio: 0.0001, rising: true }
4765984	530200000		seuil d'oxygène	moteur		0.90	OxygenThreshold { mixing_ratio: 0.0001, rising: false }
4768702	530600000		seuil d'oxygène	moteur		0.90	OxygenThreshold { mixing_ratio: 1e-5, rising: false }
4768703	530600000		seuil d'oxygène	moteur		0.90	OxygenThreshold { mixing_ratio: 1e-6, rising: false }
4771544	531000000		seuil d'oxygène	moteur	103782	0.90	OxygenThreshold { mixing_ratio: 1e-6, rising: true }
4772630	531200000		seuil d'oxygène	moteur	103782	0.90	OxygenThreshold { mixing_ratio: 1e-5, rising: true }
4773725	531400000		seuil d'oxygène	moteur	103782	0.90	OxygenThreshold { mixing_ratio: 0.0001, rising: true }
4780677	532400000		seuil d'oxygène	moteur		0.90	OxygenThreshold { mixing_ratio: 0.0001, rising: false }
4787222	533400000		seuil d'oxygène	moteur	103782	0.90	OxygenThreshold { mixing_ratio: 0.0001, rising: true }
4795299	534600000		seuil d'oxygène	moteur		0.90	OxygenThreshold { mixing_ratio: 0.0001, rising: false }
4798904	535200000		seuil d'oxygène	moteur	103782	0.90	OxygenThreshold { mixing_ratio: 0.0001, rising: true }
4804991	536200000		seuil d'oxygène	moteur		0.90	OxygenThreshold { mixing_ratio: 0.0001, rising: false }
4807518	536600000		seuil d'oxygène	moteur		0.90	OxygenThreshold { mixing_ratio: 1e-5, rising: false }
4810158	537000000		seuil d'oxygène	moteur	103782	0.90	OxygenThreshold { mixing_ratio: 1e-5, rising: true }
4812477	537400000		seuil d'oxygène	moteur	103782	0.90	OxygenThreshold { mixing_ratio: 0.0001, rising: true }
4819404	538400000		seuil d'oxygène	moteur		0.90	OxygenThreshold { mixing_ratio: 0.0001, rising: false }
4824446	539200000		seuil d'oxygène	moteur	103782	0.90	OxygenThreshold { mixing_ratio: 0.0001, rising: true }
4850015	543200000		seuil d'oxygène	moteur		0.90	OxygenThreshold { mixing_ratio: 0.0001, rising: false }
4851381	543400000		seuil d'oxygène	moteur		0.90	OxygenThreshold { mixing_ratio: 1e-5, rising: false }
4852712	543600000		seuil d'oxygène	moteur		0.90	OxygenThreshold { mixing_ratio: 1e-6, rising: false }
4854511	544000000		seuil d'oxygène	moteur	103782	0.90	OxygenThreshold { mixing_ratio: 1e-6, rising: true }
4854512	544000000		seuil d'oxygène	moteur	103782	0.90	OxygenThreshold { mixing_ratio: 1e-5, rising: true }
4859994	544800000		seuil d'oxygène	moteur	103782	0.90	OxygenThreshold { mixing_ratio: 0.0001, rising: true }
4872116	546400000		seuil d'oxygène	moteur		0.90	OxygenThreshold { mixing_ratio: 0.0001, rising: false }
4878310	547400000		seuil d'oxygène	moteur	103782	0.90	OxygenThreshold { mixing_ratio: 0.0001, rising: true }
4886154	548600000		seuil d'oxygène	moteur		0.90	OxygenThreshold { mixing_ratio: 0.0001, rising: false }
4888583	549000000		seuil d'oxygène	moteur		0.90	OxygenThreshold { mixing_ratio: 1e-5, rising: false }
4889692	549200000		seuil d'oxygène	moteur		0.90	OxygenThreshold { mixing_ratio: 1e-6, rising: false }
4890807	549400000		seuil d'oxygène	moteur	103782	0.90	OxygenThreshold { mixing_ratio: 1e-6, rising: true }
4891983	549600000		seuil d'oxygène	moteur	103782	0.90	OxygenThreshold { mixing_ratio: 1e-5, rising: true }
4894204	550000000		seuil d'oxygène	moteur	103782	0.90	OxygenThreshold { mixing_ratio: 0.0001, rising: true }
4907548	551200000		seuil d'oxygène	moteur		0.90	OxygenThreshold { mixing_ratio: 0.0001, rising: false }
4910751	551400000		seuil d'oxygène	moteur		0.90	OxygenThreshold { mixing_ratio: 1e-5, rising: false }
4914091	551600000		seuil d'oxygène	moteur		0.90	OxygenThreshold { mixing_ratio: 1e-6, rising: false }
4918791	552000000		seuil d'oxygène	moteur	103782	0.90	OxygenThreshold { mixing_ratio: 1e-6, rising: true }
4918792	552000000		seuil d'oxygène	moteur	103782	0.90	OxygenThreshold { mixing_ratio: 1e-5, rising: true }
4930675	552600000		seuil d'oxygène	moteur		0.90	OxygenThreshold { mixing_ratio: 1e-5, rising: false }
4934938	552800000		seuil d'oxygène	moteur		0.90	OxygenThreshold { mixing_ratio: 1e-6, rising: false }
4939190	553200000		seuil d'oxygène	moteur	103782	0.90	OxygenThreshold { mixing_ratio: 1e-6, rising: true }
4941620	553400000		seuil d'oxygène	moteur	103782	0.90	OxygenThreshold { mixing_ratio: 1e-5, rising: true }
4957056	554600000		seuil d'oxygène	moteur		0.90	OxygenThreshold { mixing_ratio: 1e-5, rising: false }
4964487	555400000		seuil d'oxygène	moteur		0.90	OxygenThreshold { mixing_ratio: 1e-6, rising: false }
4965699	555600000		seuil d'oxygène	moteur	103782	0.90	OxygenThreshold { mixing_ratio: 1e-6, rising: true }
4965700	555600000		seuil d'oxygène	moteur	103782	0.90	OxygenThreshold { mixing_ratio: 1e-5, rising: true }
4967027	555800000		seuil d'oxygène	moteur	103782	0.90	OxygenThreshold { mixing_ratio: 0.0001, rising: true }
4970855	556200000		seuil d'oxygène	moteur		0.90	OxygenThreshold { mixing_ratio: 0.0001, rising: false }
4972601	556400000		seuil d'oxygène	moteur		0.90	OxygenThreshold { mixing_ratio: 1e-5, rising: false }
4972602	556400000		seuil d'oxygène	moteur		0.90	OxygenThreshold { mixing_ratio: 1e-6, rising: false }
4977662	557200000		seuil d'oxygène	moteur	103782	0.90	OxygenThreshold { mixing_ratio: 1e-6, rising: true }
4980968	557600000		seuil d'oxygène	moteur		0.90	OxygenThreshold { mixing_ratio: 1e-6, rising: false }
4993350	559000000		seuil d'oxygène	moteur	103782	0.90	OxygenThreshold { mixing_ratio: 1e-6, rising: true }
4997261	559400000		seuil d'oxygène	moteur	103782	0.90	OxygenThreshold { mixing_ratio: 1e-5, rising: true }
5001844	560000000		seuil d'oxygène	moteur	103782	0.90	OxygenThreshold { mixing_ratio: 0.0001, rising: true }
5003219	560200000		seuil d'oxygène	moteur		0.90	OxygenThreshold { mixing_ratio: 0.0001, rising: false }
5003826	560400000		seuil d'oxygène	moteur		0.90	OxygenThreshold { mixing_ratio: 1e-5, rising: false }
5003827	560400000		seuil d'oxygène	moteur		0.90	OxygenThreshold { mixing_ratio: 1e-6, rising: false }
5005788	560800000		seuil d'oxygène	moteur	103782	0.90	OxygenThreshold { mixing_ratio: 1e-6, rising: true }
5005789	560800000		seuil d'oxygène	moteur	103782	0.90	OxygenThreshold { mixing_ratio: 1e-5, rising: true }
5005790	560800000		seuil d'oxygène	moteur	103782	0.90	OxygenThreshold { mixing_ratio: 0.0001, rising: true }
5008839	561200000		seuil d'oxygène	moteur		0.90	OxygenThreshold { mixing_ratio: 0.0001, rising: false }
5008840	561200000		seuil d'oxygène	moteur		0.90	OxygenThreshold { mixing_ratio: 1e-5, rising: false }
5008841	561200000		seuil d'oxygène	moteur		0.90	OxygenThreshold { mixing_ratio: 1e-6, rising: false }
5014833	562000000		seuil d'oxygène	moteur	103782	0.90	OxygenThreshold { mixing_ratio: 1e-6, rising: true }
5014834	562000000		seuil d'oxygène	moteur	103782	0.90	OxygenThreshold { mixing_ratio: 1e-5, rising: true }
5014835	562000000		seuil d'oxygène	moteur	103782	0.90	OxygenThreshold { mixing_ratio: 0.0001, rising: true }
5020392	563000000		seuil d'oxygène	moteur		0.90	OxygenThreshold { mixing_ratio: 0.0001, rising: false }
5021180	563200000		seuil d'oxygène	moteur		0.90	OxygenThreshold { mixing_ratio: 1e-5, rising: false }
5021181	563200000		seuil d'oxygène	moteur		0.90	OxygenThreshold { mixing_ratio: 1e-6, rising: false }
5107062	574600000		seuil d'oxygène	moteur	103782	0.90	OxygenThreshold { mixing_ratio: 1e-6, rising: true }
5112409	575000000		seuil d'oxygène	moteur	103782	0.90	OxygenThreshold { mixing_ratio: 1e-5, rising: true }
5146308	577400000		seuil d'oxygène	moteur	103782	0.90	OxygenThreshold { mixing_ratio: 0.0001, rising: true }
5219292	583200000		seuil d'oxygène	moteur		0.90	OxygenThreshold { mixing_ratio: 0.0001, rising: false }
5220745	583400000		seuil d'oxygène	moteur		0.90	OxygenThreshold { mixing_ratio: 1e-5, rising: false }
5220746	583400000		seuil d'oxygène	moteur		0.90	OxygenThreshold { mixing_ratio: 1e-6, rising: false }
5223015	583600000		seuil d'oxygène	moteur	103782	0.90	OxygenThreshold { mixing_ratio: 1e-6, rising: true }
5223016	583600000		seuil d'oxygène	moteur	103782	0.90	OxygenThreshold { mixing_ratio: 1e-5, rising: true }
5223017	583600000		seuil d'oxygène	moteur	103782	0.90	OxygenThreshold { mixing_ratio: 0.0001, rising: true }
5229703	584200000		seuil d'oxygène	moteur		0.90	OxygenThreshold { mixing_ratio: 0.0001, rising: false }
5232208	584400000		seuil d'oxygène	moteur	103782	0.90	OxygenThreshold { mixing_ratio: 0.0001, rising: true }
5362679	595400000		seuil d'oxygène	moteur		0.90	OxygenThreshold { mixing_ratio: 0.0001, rising: false }
5369531	596000000		seuil d'oxygène	moteur	103782	0.90	OxygenThreshold { mixing_ratio: 0.0001, rising: true }
5397092	598400000		seuil d'oxygène	moteur		0.90	OxygenThreshold { mixing_ratio: 0.0001, rising: false }
5399117	598600000		seuil d'oxygène	moteur		0.90	OxygenThreshold { mixing_ratio: 1e-5, rising: false }
5401292	598800000		seuil d'oxygène	moteur	103782	0.90	OxygenThreshold { mixing_ratio: 1e-5, rising: true }
5406379	599200000		seuil d'oxygène	moteur	103782	0.90	OxygenThreshold { mixing_ratio: 0.0001, rising: true }
5418482	600200000		seuil d'oxygène	moteur		0.90	OxygenThreshold { mixing_ratio: 0.0001, rising: false }
5420136	600400000		seuil d'oxygène	moteur		0.90	OxygenThreshold { mixing_ratio: 1e-5, rising: false }
5420137	600400000		seuil d'oxygène	moteur		0.90	OxygenThreshold { mixing_ratio: 1e-6, rising: false }
5422177	600600000		seuil d'oxygène	moteur	103782	0.90	OxygenThreshold { mixing_ratio: 1e-6, rising: true }
5422178	600600000		seuil d'oxygène	moteur	103782	0.90	OxygenThreshold { mixing_ratio: 1e-5, rising: true }
5424351	600800000		réorganisation des plaques	moteur		0.30	PlateReorganisation { plates: 14 }
5426024	601000000		seuil d'oxygène	moteur		0.90	OxygenThreshold { mixing_ratio: 1e-5, rising: false }
5426025	601000000		seuil d'oxygène	moteur		0.90	OxygenThreshold { mixing_ratio: 1e-6, rising: false }
5428391	601200000		seuil d'oxygène	moteur	103782	0.90	OxygenThreshold { mixing_ratio: 1e-6, rising: true }
5428392	601200000		seuil d'oxygène	moteur	103782	0.90	OxygenThreshold { mixing_ratio: 1e-5, rising: true }
5428393	601200000		seuil d'oxygène	moteur	103782	0.90	OxygenThreshold { mixing_ratio: 0.0001, rising: true }
5433497	601600000		seuil d'oxygène	moteur		0.90	OxygenThreshold { mixing_ratio: 0.0001, rising: false }
5436444	601800000		seuil d'oxygène	moteur	103782	0.90	OxygenThreshold { mixing_ratio: 0.0001, rising: true }
5441485	602200000		seuil d'oxygène	moteur		0.90	OxygenThreshold { mixing_ratio: 0.0001, rising: false }
5444302	602400000		seuil d'oxygène	moteur	103782	0.90	OxygenThreshold { mixing_ratio: 0.0001, rising: true }
5448823	602800000		seuil d'oxygène	moteur		0.90	OxygenThreshold { mixing_ratio: 0.0001, rising: false }
5455897	603400000		seuil d'oxygène	moteur	103782	0.90	OxygenThreshold { mixing_ratio: 0.0001, rising: true }
5465563	604200000		seuil d'oxygène	moteur		0.90	OxygenThreshold { mixing_ratio: 0.0001, rising: false }
5466994	604400000		seuil d'oxygène	moteur		0.90	OxygenThreshold { mixing_ratio: 1e-5, rising: false }
5466995	604400000		seuil d'oxygène	moteur		0.90	OxygenThreshold { mixing_ratio: 1e-6, rising: false }
5469580	604600000		seuil d'oxygène	moteur	103782	0.90	OxygenThreshold { mixing_ratio: 1e-6, rising: true }
5469581	604600000		seuil d'oxygène	moteur	103782	0.90	OxygenThreshold { mixing_ratio: 1e-5, rising: true }
5473570	605000000		seuil d'oxygène	moteur		0.90	OxygenThreshold { mixing_ratio: 1e-5, rising: false }
5475398	605200000		seuil d'oxygène	moteur		0.90	OxygenThreshold { mixing_ratio: 1e-6, rising: false }
5478229	605400000		seuil d'oxygène	moteur	103782	0.90	OxygenThreshold { mixing_ratio: 1e-6, rising: true }
5478230	605400000		seuil d'oxygène	moteur	103782	0.90	OxygenThreshold { mixing_ratio: 1e-5, rising: true }
5478231	605400000		seuil d'oxygène	moteur	103782	0.90	OxygenThreshold { mixing_ratio: 0.0001, rising: true }
5483616	605800000		seuil d'oxygène	moteur		0.90	OxygenThreshold { mixing_ratio: 0.0001, rising: false }
5487054	606000000		seuil d'oxygène	moteur	103782	0.90	OxygenThreshold { mixing_ratio: 0.0001, rising: true }
5500609	607200000		seuil d'oxygène	moteur		0.90	OxygenThreshold { mixing_ratio: 0.0001, rising: false }
5504471	607600000		seuil d'oxygène	moteur		0.90	OxygenThreshold { mixing_ratio: 1e-5, rising: false }
5504472	607600000		seuil d'oxygène	moteur		0.90	OxygenThreshold { mixing_ratio: 1e-6, rising: false }
5506487	607800000		seuil d'oxygène	moteur	103782	0.90	OxygenThreshold { mixing_ratio: 1e-6, rising: true }
5506488	607800000		seuil d'oxygène	moteur	103782	0.90	OxygenThreshold { mixing_ratio: 1e-5, rising: true }
5511346	608200000		seuil d'oxygène	moteur	103782	0.90	OxygenThreshold { mixing_ratio: 0.0001, rising: true }
5521419	609200000		seuil d'oxygène	moteur		0.90	OxygenThreshold { mixing_ratio: 0.0001, rising: false }
5529809	610000000		seuil d'oxygène	moteur	103782	0.90	OxygenThreshold { mixing_ratio: 0.0001, rising: true }
5541643	611000000		seuil d'oxygène	moteur		0.90	OxygenThreshold { mixing_ratio: 0.0001, rising: false }
5543275	611200000		seuil d'oxygène	moteur		0.90	OxygenThreshold { mixing_ratio: 1e-5, rising: false }
5543276	611200000		seuil d'oxygène	moteur		0.90	OxygenThreshold { mixing_ratio: 1e-6, rising: false }
5545462	611400000		seuil d'oxygène	moteur	103782	0.90	OxygenThreshold { mixing_ratio: 1e-6, rising: true }
5545463	611400000		seuil d'oxygène	moteur	103782	0.90	OxygenThreshold { mixing_ratio: 1e-5, rising: true }
5548725	611800000		seuil d'oxygène	moteur		0.90	OxygenThreshold { mixing_ratio: 1e-5, rising: false }
5548726	611800000		seuil d'oxygène	moteur		0.90	OxygenThreshold { mixing_ratio: 1e-6, rising: false }
5550861	612000000		seuil d'oxygène	moteur	103782	0.90	OxygenThreshold { mixing_ratio: 1e-6, rising: true }
5552850	612200000		seuil d'oxygène	moteur	103782	0.90	OxygenThreshold { mixing_ratio: 1e-5, rising: true }
5552851	612200000		seuil d'oxygène	moteur	103782	0.90	OxygenThreshold { mixing_ratio: 0.0001, rising: true }
5555236	612400000		seuil d'oxygène	moteur		0.90	OxygenThreshold { mixing_ratio: 0.0001, rising: false }
5559349	612800000		seuil d'oxygène	moteur		0.90	OxygenThreshold { mixing_ratio: 1e-5, rising: false }
5561290	613000000		seuil d'oxygène	moteur		0.90	OxygenThreshold { mixing_ratio: 1e-6, rising: false }
5563716	613200000		seuil d'oxygène	moteur	103782	0.90	OxygenThreshold { mixing_ratio: 1e-6, rising: true }
5563717	613200000		seuil d'oxygène	moteur	103782	0.90	OxygenThreshold { mixing_ratio: 1e-5, rising: true }
5563718	613200000		seuil d'oxygène	moteur	103782	0.90	OxygenThreshold { mixing_ratio: 0.0001, rising: true }
5575371	614200000		seuil d'oxygène	moteur		0.90	OxygenThreshold { mixing_ratio: 0.0001, rising: false }
5575372	614200000		seuil d'oxygène	moteur		0.90	OxygenThreshold { mixing_ratio: 1e-5, rising: false }
5575373	614200000		seuil d'oxygène	moteur		0.90	OxygenThreshold { mixing_ratio: 1e-6, rising: false }
5577982	614400000		seuil d'oxygène	moteur	103782	0.90	OxygenThreshold { mixing_ratio: 1e-6, rising: true }
5577983	614400000		seuil d'oxygène	moteur	103782	0.90	OxygenThreshold { mixing_ratio: 1e-5, rising: true }
5581718	614800000		seuil d'oxygène	moteur		0.90	OxygenThreshold { mixing_ratio: 1e-5, rising: false }
5583668	615000000		seuil d'oxygène	moteur		0.90	OxygenThreshold { mixing_ratio: 1e-6, rising: false }
5588265	615400000		seuil d'oxygène	moteur	103782	0.90	OxygenThreshold { mixing_ratio: 1e-6, rising: true }
5588266	615400000		seuil d'oxygène	moteur	103782	0.90	OxygenThreshold { mixing_ratio: 1e-5, rising: true }
5591016	615600000		seuil d'oxygène	moteur	103782	0.90	OxygenThreshold { mixing_ratio: 0.0001, rising: true }
5595990	616000000		seuil d'oxygène	moteur		0.90	OxygenThreshold { mixing_ratio: 0.0001, rising: false }
5597904	616200000		seuil d'oxygène	moteur		0.90	OxygenThreshold { mixing_ratio: 1e-5, rising: false }
5599367	616400000		seuil d'oxygène	moteur		0.90	OxygenThreshold { mixing_ratio: 1e-6, rising: false }
5603368	616800000		seuil d'oxygène	moteur	103782	0.90	OxygenThreshold { mixing_ratio: 1e-6, rising: true }
5603369	616800000		seuil d'oxygène	moteur	103782	0.90	OxygenThreshold { mixing_ratio: 1e-5, rising: true }
5605352	617000000		seuil d'oxygène	moteur		0.90	OxygenThreshold { mixing_ratio: 1e-5, rising: false }
5605353	617000000		seuil d'oxygène	moteur		0.90	OxygenThreshold { mixing_ratio: 1e-6, rising: false }
5608735	617400000		seuil d'oxygène	moteur	103782	0.90	OxygenThreshold { mixing_ratio: 1e-6, rising: true }
5608736	617400000		seuil d'oxygène	moteur	103782	0.90	OxygenThreshold { mixing_ratio: 1e-5, rising: true }
5611646	617600000		seuil d'oxygène	moteur	103782	0.90	OxygenThreshold { mixing_ratio: 0.0001, rising: true }
5616457	618000000		seuil d'oxygène	moteur		0.90	OxygenThreshold { mixing_ratio: 0.0001, rising: false }
5616458	618000000		seuil d'oxygène	moteur		0.90	OxygenThreshold { mixing_ratio: 1e-5, rising: false }
5618108	618200000		seuil d'oxygène	moteur		0.90	OxygenThreshold { mixing_ratio: 1e-6, rising: false }
5619775	618400000		seuil d'oxygène	moteur	103782	0.90	OxygenThreshold { mixing_ratio: 1e-6, rising: true }
5619776	618400000		seuil d'oxygène	moteur	103782	0.90	OxygenThreshold { mixing_ratio: 1e-5, rising: true }
5622141	618600000		seuil d'oxygène	moteur	103782	0.90	OxygenThreshold { mixing_ratio: 0.0001, rising: true }
5624444	618800000		seuil d'oxygène	moteur		0.90	OxygenThreshold { mixing_ratio: 0.0001, rising: false }
5633664	619600000		seuil d'oxygène	moteur	103782	0.90	OxygenThreshold { mixing_ratio: 0.0001, rising: true }
5638319	620000000		seuil d'oxygène	moteur		0.90	OxygenThreshold { mixing_ratio: 0.0001, rising: false }
5640141	620200000		seuil d'oxygène	moteur		0.90	OxygenThreshold { mixing_ratio: 1e-5, rising: false }
5641633	620400000		seuil d'oxygène	moteur		0.90	OxygenThreshold { mixing_ratio: 1e-6, rising: false }
5645974	620800000		seuil d'oxygène	moteur	103782	0.90	OxygenThreshold { mixing_ratio: 1e-6, rising: true }
5645975	620800000		seuil d'oxygène	moteur	103782	0.90	OxygenThreshold { mixing_ratio: 1e-5, rising: true }
5649229	621200000		seuil d'oxygène	moteur		0.90	OxygenThreshold { mixing_ratio: 1e-5, rising: false }
5649230	621200000		seuil d'oxygène	moteur		0.90	OxygenThreshold { mixing_ratio: 1e-6, rising: false }
5653747	621600000		seuil d'oxygène	moteur	103782	0.90	OxygenThreshold { mixing_ratio: 1e-6, rising: true }
5653748	621600000		seuil d'oxygène	moteur	103782	0.90	OxygenThreshold { mixing_ratio: 1e-5, rising: true }
5653749	621600000		seuil d'oxygène	moteur	103782	0.90	OxygenThreshold { mixing_ratio: 0.0001, rising: true }
5659764	622200000		seuil d'oxygène	moteur		0.90	OxygenThreshold { mixing_ratio: 0.0001, rising: false }
5663529	622600000		seuil d'oxygène	moteur	103782	0.90	OxygenThreshold { mixing_ratio: 0.0001, rising: true }
5667543	623000000		seuil d'oxygène	moteur		0.90	OxygenThreshold { mixing_ratio: 0.0001, rising: false }
5669303	623200000		seuil d'oxygène	moteur		0.90	OxygenThreshold { mixing_ratio: 1e-5, rising: false }
5669304	623200000		seuil d'oxygène	moteur		0.90	OxygenThreshold { mixing_ratio: 1e-6, rising: false }
5672846	623600000		seuil d'oxygène	moteur	103782	0.90	OxygenThreshold { mixing_ratio: 1e-6, rising: true }
5672847	623600000		seuil d'oxygène	moteur	103782	0.90	OxygenThreshold { mixing_ratio: 1e-5, rising: true }
5675171	623800000		seuil d'oxygène	moteur	103782	0.90	OxygenThreshold { mixing_ratio: 0.0001, rising: true }
5677411	624000000		seuil d'oxygène	moteur		0.90	OxygenThreshold { mixing_ratio: 0.0001, rising: false }
5679092	624200000		seuil d'oxygène	moteur		0.90	OxygenThreshold { mixing_ratio: 1e-5, rising: false }
5680685	624400000		seuil d'oxygène	moteur		0.90	OxygenThreshold { mixing_ratio: 1e-6, rising: false }
5682691	624600000		seuil d'oxygène	moteur	103782	0.90	OxygenThreshold { mixing_ratio: 1e-6, rising: true }
5682692	624600000		seuil d'oxygène	moteur	103782	0.90	OxygenThreshold { mixing_ratio: 1e-5, rising: true }
5682693	624600000		seuil d'oxygène	moteur	103782	0.90	OxygenThreshold { mixing_ratio: 0.0001, rising: true }
5686894	625000000		seuil d'oxygène	moteur		0.90	OxygenThreshold { mixing_ratio: 0.0001, rising: false }
5688250	625200000		seuil d'oxygène	moteur		0.90	OxygenThreshold { mixing_ratio: 1e-5, rising: false }
5688251	625200000		seuil d'oxygène	moteur		0.90	OxygenThreshold { mixing_ratio: 1e-6, rising: false }
5693831	625800000		seuil d'oxygène	moteur	103782	0.90	OxygenThreshold { mixing_ratio: 1e-6, rising: true }
5693832	625800000		seuil d'oxygène	moteur	103782	0.90	OxygenThreshold { mixing_ratio: 1e-5, rising: true }
5698594	626400000		seuil d'oxygène	moteur	103782	0.90	OxygenThreshold { mixing_ratio: 0.0001, rising: true }
5702491	626800000		seuil d'oxygène	moteur		0.90	OxygenThreshold { mixing_ratio: 0.0001, rising: false }
5704181	627000000		seuil d'oxygène	moteur		0.90	OxygenThreshold { mixing_ratio: 1e-5, rising: false }
5705568	627200000		seuil d'oxygène	moteur		0.90	OxygenThreshold { mixing_ratio: 1e-6, rising: false }
5706813	627400000		seuil d'oxygène	moteur	103782	0.90	OxygenThreshold { mixing_ratio: 1e-6, rising: true }
5706814	627400000		seuil d'oxygène	moteur	103782	0.90	OxygenThreshold { mixing_ratio: 1e-5, rising: true }
5715553	628400000		seuil d'oxygène	moteur	103782	0.90	OxygenThreshold { mixing_ratio: 0.0001, rising: true }
5721102	629000000		seuil d'oxygène	moteur		0.90	OxygenThreshold { mixing_ratio: 0.0001, rising: false }
5722734	629200000		seuil d'oxygène	moteur		0.90	OxygenThreshold { mixing_ratio: 1e-5, rising: false }
5724237	629400000		seuil d'oxygène	moteur		0.90	OxygenThreshold { mixing_ratio: 1e-6, rising: false }
5726282	629600000		seuil d'oxygène	moteur	103782	0.90	OxygenThreshold { mixing_ratio: 1e-6, rising: true }
5728017	629800000		seuil d'oxygène	moteur	103782	0.90	OxygenThreshold { mixing_ratio: 1e-5, rising: true }
5734953	630600000		seuil d'oxygène	moteur	103782	0.90	OxygenThreshold { mixing_ratio: 0.0001, rising: true }
5739939	631200000		seuil d'oxygène	moteur		0.90	OxygenThreshold { mixing_ratio: 0.0001, rising: false }
5739940	631200000		seuil d'oxygène	moteur		0.90	OxygenThreshold { mixing_ratio: 1e-5, rising: false }
5740987	631400000		seuil d'oxygène	moteur		0.90	OxygenThreshold { mixing_ratio: 1e-6, rising: false }
5743830	631800000		seuil d'oxygène	moteur	103782	0.90	OxygenThreshold { mixing_ratio: 1e-6, rising: true }
5745837	632200000		seuil d'oxygène	moteur		0.90	OxygenThreshold { mixing_ratio: 1e-6, rising: false }
5748589	632600000		seuil d'oxygène	moteur	103782	0.90	OxygenThreshold { mixing_ratio: 1e-6, rising: true }
5748590	632600000		seuil d'oxygène	moteur	103782	0.90	OxygenThreshold { mixing_ratio: 1e-5, rising: true }
5748591	632600000		seuil d'oxygène	moteur	103782	0.90	OxygenThreshold { mixing_ratio: 0.0001, rising: true }
5752134	633000000		seuil d'oxygène	moteur		0.90	OxygenThreshold { mixing_ratio: 0.0001, rising: false }
5752135	633000000		seuil d'oxygène	moteur		0.90	OxygenThreshold { mixing_ratio: 1e-5, rising: false }
5753443	633200000		seuil d'oxygène	moteur		0.90	OxygenThreshold { mixing_ratio: 1e-6, rising: false }
5756620	633600000		seuil d'oxygène	moteur	103782	0.90	OxygenThreshold { mixing_ratio: 1e-6, rising: true }
5756621	633600000		seuil d'oxygène	moteur	103782	0.90	OxygenThreshold { mixing_ratio: 1e-5, rising: true }
5759698	634000000		seuil d'oxygène	moteur		0.90	OxygenThreshold { mixing_ratio: 1e-5, rising: false }
5759699	634000000		seuil d'oxygène	moteur		0.90	OxygenThreshold { mixing_ratio: 1e-6, rising: false }
5763459	634400000		seuil d'oxygène	moteur	103782	0.90	OxygenThreshold { mixing_ratio: 1e-6, rising: true }
5763460	634400000		seuil d'oxygène	moteur	103782	0.90	OxygenThreshold { mixing_ratio: 1e-5, rising: true }
5785237	637000000		seuil d'oxygène	moteur		0.90	OxygenThreshold { mixing_ratio: 1e-5, rising: false }
5786542	637200000		seuil d'oxygène	moteur		0.90	OxygenThreshold { mixing_ratio: 1e-6, rising: false }
5790196	637600000		seuil d'oxygène	moteur	103782	0.90	OxygenThreshold { mixing_ratio: 1e-6, rising: true }
5790197	637600000		seuil d'oxygène	moteur	103782	0.90	OxygenThreshold { mixing_ratio: 1e-5, rising: true }
5791762	637800000		seuil d'oxygène	moteur		0.90	OxygenThreshold { mixing_ratio: 1e-5, rising: false }
5795297	638200000		seuil d'oxygène	moteur	103782	0.90	OxygenThreshold { mixing_ratio: 1e-5, rising: true }
5797414	638400000		seuil d'oxygène	moteur	103782	0.90	OxygenThreshold { mixing_ratio: 0.0001, rising: true }
5802756	639000000		seuil d'oxygène	moteur		0.90	OxygenThreshold { mixing_ratio: 0.0001, rising: false }
5803737	639200000		seuil d'oxygène	moteur		0.90	OxygenThreshold { mixing_ratio: 1e-5, rising: false }
5803738	639200000		seuil d'oxygène	moteur		0.90	OxygenThreshold { mixing_ratio: 1e-6, rising: false }
5807258	639600000		seuil d'oxygène	moteur	103782	0.90	OxygenThreshold { mixing_ratio: 1e-6, rising: true }
5807937	639800000		seuil d'oxygène	moteur		0.90	OxygenThreshold { mixing_ratio: 1e-6, rising: false }
5814495	640600000		seuil d'oxygène	moteur	103782	0.90	OxygenThreshold { mixing_ratio: 1e-6, rising: true }
5814496	640600000		seuil d'oxygène	moteur	103782	0.90	OxygenThreshold { mixing_ratio: 1e-5, rising: true }
5818632	641200000		seuil d'oxygène	moteur		0.90	OxygenThreshold { mixing_ratio: 1e-5, rising: false }
5821371	641600000		seuil d'oxygène	moteur	103782	0.90	OxygenThreshold { mixing_ratio: 1e-5, rising: true }
5825349	642200000		seuil d'oxygène	moteur		0.90	OxygenThreshold { mixing_ratio: 1e-5, rising: false }
5825350	642200000		seuil d'oxygène	moteur		0.90	OxygenThreshold { mixing_ratio: 1e-6, rising: false }
5832217	643600000		seuil d'oxygène	moteur	103782	0.90	OxygenThreshold { mixing_ratio: 1e-6, rising: true }
5833738	643800000		seuil d'oxygène	moteur	103782	0.90	OxygenThreshold { mixing_ratio: 1e-5, rising: true }
5836600	644200000		seuil d'oxygène	moteur		0.90	OxygenThreshold { mixing_ratio: 1e-5, rising: false }
5840375	644600000		seuil d'oxygène	moteur	103782	0.90	OxygenThreshold { mixing_ratio: 1e-5, rising: true }
5869947	648000000		seuil d'oxygène	moteur		0.90	OxygenThreshold { mixing_ratio: 1e-5, rising: false }
5874834	648600000		seuil d'oxygène	moteur	103782	0.90	OxygenThreshold { mixing_ratio: 1e-5, rising: true }
5895177	651000000		seuil d'oxygène	moteur	103782	0.90	OxygenThreshold { mixing_ratio: 0.0001, rising: true }
5899020	651400000		seuil d'oxygène	moteur		0.90	OxygenThreshold { mixing_ratio: 0.0001, rising: false }
5904073	652000000		seuil d'oxygène	moteur		0.90	OxygenThreshold { mixing_ratio: 1e-5, rising: false }
5905270	652200000		seuil d'oxygène	moteur		0.90	OxygenThreshold { mixing_ratio: 1e-6, rising: false }
5908261	652600000		seuil d'oxygène	moteur	103782	0.90	OxygenThreshold { mixing_ratio: 1e-6, rising: true }
5909547	652800000		seuil d'oxygène	moteur	103782	0.90	OxygenThreshold { mixing_ratio: 1e-5, rising: true }
5911038	653000000		seuil d'oxygène	moteur	103782	0.90	OxygenThreshold { mixing_ratio: 0.0001, rising: true }
5914329	653400000		seuil d'oxygène	moteur		0.90	OxygenThreshold { mixing_ratio: 0.0001, rising: false }
5917740	653800000		seuil d'oxygène	moteur	103782	0.90	OxygenThreshold { mixing_ratio: 0.0001, rising: true }
5922583	654400000		seuil d'oxygène	moteur		0.90	OxygenThreshold { mixing_ratio: 0.0001, rising: false }
5929444	655200000		seuil d'oxygène	moteur	103782	0.90	OxygenThreshold { mixing_ratio: 0.0001, rising: true }
5934779	655800000		seuil d'oxygène	moteur		0.90	OxygenThreshold { mixing_ratio: 0.0001, rising: false }
5938226	656200000		seuil d'oxygène	moteur		0.90	OxygenThreshold { mixing_ratio: 1e-5, rising: false }
5938227	656200000		seuil d'oxygène	moteur		0.90	OxygenThreshold { mixing_ratio: 1e-6, rising: false }
5940443	656400000		seuil d'oxygène	moteur	103782	0.90	OxygenThreshold { mixing_ratio: 1e-6, rising: true }
5940444	656400000		seuil d'oxygène	moteur	103782	0.90	OxygenThreshold { mixing_ratio: 1e-5, rising: true }
5943699	656800000		seuil d'oxygène	moteur		0.90	OxygenThreshold { mixing_ratio: 1e-5, rising: false }
5943700	656800000		seuil d'oxygène	moteur		0.90	OxygenThreshold { mixing_ratio: 1e-6, rising: false }
5947734	657200000		seuil d'oxygène	moteur	103782	0.90	OxygenThreshold { mixing_ratio: 1e-6, rising: true }
5947735	657200000		seuil d'oxygène	moteur	103782	0.90	OxygenThreshold { mixing_ratio: 1e-5, rising: true }
5949785	657400000		seuil d'oxygène	moteur	103782	0.90	OxygenThreshold { mixing_ratio: 0.0001, rising: true }
5968616	659200000		seuil d'oxygène	moteur		0.90	OxygenThreshold { mixing_ratio: 0.0001, rising: false }
5974446	659800000		seuil d'oxygène	moteur	103782	0.90	OxygenThreshold { mixing_ratio: 0.0001, rising: true }
5978288	660200000		seuil d'oxygène	moteur		0.90	OxygenThreshold { mixing_ratio: 0.0001, rising: false }
5981524	660600000		seuil d'oxygène	moteur		0.90	OxygenThreshold { mixing_ratio: 1e-5, rising: false }
5981525	660600000		seuil d'oxygène	moteur		0.90	OxygenThreshold { mixing_ratio: 1e-6, rising: false }
5983447	660800000		seuil d'oxygène	moteur	103782	0.90	OxygenThreshold { mixing_ratio: 1e-6, rising: true }
5983448	660800000		seuil d'oxygène	moteur	103782	0.90	OxygenThreshold { mixing_ratio: 1e-5, rising: true }
5987624	661200000		seuil d'oxygène	moteur	103782	0.90	OxygenThreshold { mixing_ratio: 0.0001, rising: true }
5995412	662000000		seuil d'oxygène	moteur		0.90	OxygenThreshold { mixing_ratio: 0.0001, rising: false }
5999259	662400000		seuil d'oxygène	moteur	103782	0.90	OxygenThreshold { mixing_ratio: 0.0001, rising: true }
6005913	663000000		seuil d'oxygène	moteur		0.90	OxygenThreshold { mixing_ratio: 0.0001, rising: false }
6007663	663200000		seuil d'oxygène	moteur		0.90	OxygenThreshold { mixing_ratio: 1e-5, rising: false }
6009028	663400000		seuil d'oxygène	moteur		0.90	OxygenThreshold { mixing_ratio: 1e-6, rising: false }
6010117	663600000		seuil d'oxygène	moteur	103782	0.90	OxygenThreshold { mixing_ratio: 1e-6, rising: true }
6010118	663600000		seuil d'oxygène	moteur	103782	0.90	OxygenThreshold { mixing_ratio: 1e-5, rising: true }
6011836	663800000		seuil d'oxygène	moteur	103782	0.90	OxygenThreshold { mixing_ratio: 0.0001, rising: true }
6013225	664000000		seuil d'oxygène	moteur		0.90	OxygenThreshold { mixing_ratio: 0.0001, rising: false }
6013226	664000000		seuil d'oxygène	moteur		0.90	OxygenThreshold { mixing_ratio: 1e-5, rising: false }
6014410	664200000		seuil d'oxygène	moteur		0.90	OxygenThreshold { mixing_ratio: 1e-6, rising: false }
6015774	664400000		seuil d'oxygène	moteur	103782	0.90	OxygenThreshold { mixing_ratio: 1e-6, rising: true }
6015775	664400000		seuil d'oxygène	moteur	103782	0.90	OxygenThreshold { mixing_ratio: 1e-5, rising: true }
6017894	664600000		seuil d'oxygène	moteur	103782	0.90	OxygenThreshold { mixing_ratio: 0.0001, rising: true }
6019932	664800000		seuil d'oxygène	moteur		0.90	OxygenThreshold { mixing_ratio: 0.0001, rising: false }
6019933	664800000		seuil d'oxygène	moteur		0.90	OxygenThreshold { mixing_ratio: 1e-5, rising: false }
6021666	665000000		seuil d'oxygène	moteur		0.90	OxygenThreshold { mixing_ratio: 1e-6, rising: false }
6023235	665200000		seuil d'oxygène	moteur	103782	0.90	OxygenThreshold { mixing_ratio: 1e-6, rising: true }
6023236	665200000		seuil d'oxygène	moteur	103782	0.90	OxygenThreshold { mixing_ratio: 1e-5, rising: true }
6027234	665600000		seuil d'oxygène	moteur		0.90	OxygenThreshold { mixing_ratio: 1e-5, rising: false }
6030742	666000000		seuil d'oxygène	moteur	103782	0.90	OxygenThreshold { mixing_ratio: 1e-5, rising: true }
6032713	666200000		seuil d'oxygène	moteur	103782	0.90	OxygenThreshold { mixing_ratio: 0.0001, rising: true }
6039477	666800000		seuil d'oxygène	moteur		0.90	OxygenThreshold { mixing_ratio: 0.0001, rising: false }
6041240	667000000		seuil d'oxygène	moteur		0.90	OxygenThreshold { mixing_ratio: 1e-5, rising: false }
6042896	667200000		seuil d'oxygène	moteur		0.90	OxygenThreshold { mixing_ratio: 1e-6, rising: false }
6044184	667400000		seuil d'oxygène	moteur	103782	0.90	OxygenThreshold { mixing_ratio: 1e-6, rising: true }
6044185	667400000		seuil d'oxygène	moteur	103782	0.90	OxygenThreshold { mixing_ratio: 1e-5, rising: true }
6044186	667400000		seuil d'oxygène	moteur	103782	0.90	OxygenThreshold { mixing_ratio: 0.0001, rising: true }
6050978	668000000		seuil d'oxygène	moteur		0.90	OxygenThreshold { mixing_ratio: 0.0001, rising: false }
6052213	668200000		seuil d'oxygène	moteur		0.90	OxygenThreshold { mixing_ratio: 1e-5, rising: false }
6053748	668400000		seuil d'oxygène	moteur		0.90	OxygenThreshold { mixing_ratio: 1e-6, rising: false }
6065491	669400000		seuil d'oxygène	moteur	103782	0.90	OxygenThreshold { mixing_ratio: 1e-6, rising: true }
6068782	669800000		seuil d'oxygène	moteur		0.90	OxygenThreshold { mixing_ratio: 1e-6, rising: false }
6070535	670000000		seuil d'oxygène	moteur	103782	0.90	OxygenThreshold { mixing_ratio: 1e-6, rising: true }
6070536	670000000		seuil d'oxygène	moteur	103782	0.90	OxygenThreshold { mixing_ratio: 1e-5, rising: true }
6070537	670000000		seuil d'oxygène	moteur	103782	0.90	OxygenThreshold { mixing_ratio: 0.0001, rising: true }
6077365	670600000		seuil d'oxygène	moteur		0.90	OxygenThreshold { mixing_ratio: 0.0001, rising: false }
6081184	671000000		seuil d'oxygène	moteur		0.90	OxygenThreshold { mixing_ratio: 1e-5, rising: false }
6081185	671000000		seuil d'oxygène	moteur		0.90	OxygenThreshold { mixing_ratio: 1e-6, rising: false }
6082770	671200000		seuil d'oxygène	moteur	103782	0.90	OxygenThreshold { mixing_ratio: 1e-6, rising: true }
6082771	671200000		seuil d'oxygène	moteur	103782	0.90	OxygenThreshold { mixing_ratio: 1e-5, rising: true }
6082772	671200000		seuil d'oxygène	moteur	103782	0.90	OxygenThreshold { mixing_ratio: 0.0001, rising: true }
6090084	671800000		seuil d'oxygène	moteur		0.90	OxygenThreshold { mixing_ratio: 0.0001, rising: false }
6091668	672000000		seuil d'oxygène	moteur		0.90	OxygenThreshold { mixing_ratio: 1e-5, rising: false }
6093870	672200000		seuil d'oxygène	moteur		0.90	OxygenThreshold { mixing_ratio: 1e-6, rising: false }
6099231	672600000		seuil d'oxygène	moteur	103782	0.90	OxygenThreshold { mixing_ratio: 1e-6, rising: true }
6103310	673000000		seuil d'oxygène	moteur		0.90	OxygenThreshold { mixing_ratio: 1e-6, rising: false }
6105946	673200000		seuil d'oxygène	moteur	103782	0.90	OxygenThreshold { mixing_ratio: 1e-6, rising: true }
6105947	673200000		seuil d'oxygène	moteur	103782	0.90	OxygenThreshold { mixing_ratio: 1e-5, rising: true }
6114684	674000000		seuil d'oxygène	moteur	103782	0.90	OxygenThreshold { mixing_ratio: 0.0001, rising: true }
6124342	674800000		seuil d'oxygène	moteur		0.90	OxygenThreshold { mixing_ratio: 0.0001, rising: false }
6128295	675200000		seuil d'oxygène	moteur		0.90	OxygenThreshold { mixing_ratio: 1e-5, rising: false }
6132440	675600000		seuil d'oxygène	moteur	103782	0.90	OxygenThreshold { mixing_ratio: 1e-5, rising: true }
6139293	676200000		seuil d'oxygène	moteur	103782	0.90	OxygenThreshold { mixing_ratio: 0.0001, rising: true }
6143284	676600000		seuil d'oxygène	moteur		0.90	OxygenThreshold { mixing_ratio: 0.0001, rising: false }
6151836	677400000		seuil d'oxygène	moteur	103782	0.90	OxygenThreshold { mixing_ratio: 0.0001, rising: true }
6171845	679200000		seuil d'oxygène	moteur		0.90	OxygenThreshold { mixing_ratio: 0.0001, rising: false }
6173606	679400000		seuil d'oxygène	moteur		0.90	OxygenThreshold { mixing_ratio: 1e-5, rising: false }
6175484	679600000		seuil d'oxygène	moteur		0.90	OxygenThreshold { mixing_ratio: 1e-6, rising: false }
6177568	679800000		seuil d'oxygène	moteur	103782	0.90	OxygenThreshold { mixing_ratio: 1e-6, rising: true }
6177569	679800000		seuil d'oxygène	moteur	103782	0.90	OxygenThreshold { mixing_ratio: 1e-5, rising: true }
6179526	680000000		seuil d'oxygène	moteur	103782	0.90	OxygenThreshold { mixing_ratio: 0.0001, rising: true }
6188402	680800000		seuil d'oxygène	moteur		0.90	OxygenThreshold { mixing_ratio: 0.0001, rising: false }
6192218	681200000		seuil d'oxygène	moteur		0.90	OxygenThreshold { mixing_ratio: 1e-5, rising: false }
6193991	681400000		seuil d'oxygène	moteur	103782	0.90	OxygenThreshold { mixing_ratio: 1e-5, rising: true }
6198339	681800000		seuil d'oxygène	moteur	103782	0.90	OxygenThreshold { mixing_ratio: 0.0001, rising: true }
6202546	682200000		seuil d'oxygène	moteur		0.90	OxygenThreshold { mixing_ratio: 0.0001, rising: false }
6203968	682400000		seuil d'oxygène	moteur		0.90	OxygenThreshold { mixing_ratio: 1e-5, rising: false }
6205419	682600000		seuil d'oxygène	moteur		0.90	OxygenThreshold { mixing_ratio: 1e-6, rising: false }
6206977	682800000		seuil d'oxygène	moteur	103782	0.90	OxygenThreshold { mixing_ratio: 1e-6, rising: true }
6206978	682800000		seuil d'oxygène	moteur	103782	0.90	OxygenThreshold { mixing_ratio: 1e-5, rising: true }
6206979	682800000		seuil d'oxygène	moteur	103782	0.90	OxygenThreshold { mixing_ratio: 0.0001, rising: true }
6211075	683200000		seuil d'oxygène	moteur		0.90	OxygenThreshold { mixing_ratio: 0.0001, rising: false }
6212963	683400000		seuil d'oxygène	moteur		0.90	OxygenThreshold { mixing_ratio: 1e-5, rising: false }
6212964	683400000		seuil d'oxygène	moteur		0.90	OxygenThreshold { mixing_ratio: 1e-6, rising: false }
6217396	683800000		seuil d'oxygène	moteur	103782	0.90	OxygenThreshold { mixing_ratio: 1e-6, rising: true }
6217397	683800000		seuil d'oxygène	moteur	103782	0.90	OxygenThreshold { mixing_ratio: 1e-5, rising: true }
6217398	683800000		seuil d'oxygène	moteur	103782	0.90	OxygenThreshold { mixing_ratio: 0.0001, rising: true }
6221180	684200000		seuil d'oxygène	moteur		0.90	OxygenThreshold { mixing_ratio: 0.0001, rising: false }
6223021	684400000		seuil d'oxygène	moteur		0.90	OxygenThreshold { mixing_ratio: 1e-5, rising: false }
6224785	684600000		seuil d'oxygène	moteur		0.90	OxygenThreshold { mixing_ratio: 1e-6, rising: false }
6226339	684800000		seuil d'oxygène	moteur	103782	0.90	OxygenThreshold { mixing_ratio: 1e-6, rising: true }
6226340	684800000		seuil d'oxygène	moteur	103782	0.90	OxygenThreshold { mixing_ratio: 1e-5, rising: true }
6230506	685200000		seuil d'oxygène	moteur		0.90	OxygenThreshold { mixing_ratio: 1e-5, rising: false }
6232482	685400000		seuil d'oxygène	moteur		0.90	OxygenThreshold { mixing_ratio: 1e-6, rising: false }
6234390	685600000		seuil d'oxygène	moteur	103782	0.90	OxygenThreshold { mixing_ratio: 1e-6, rising: true }
6234391	685600000		seuil d'oxygène	moteur	103782	0.90	OxygenThreshold { mixing_ratio: 1e-5, rising: true }
6240194	686200000		seuil d'oxygène	moteur		0.90	OxygenThreshold { mixing_ratio: 1e-5, rising: false }
6240195	686200000		seuil d'oxygène	moteur		0.90	OxygenThreshold { mixing_ratio: 1e-6, rising: false }
6241672	686400000		seuil d'oxygène	moteur	103782	0.90	OxygenThreshold { mixing_ratio: 1e-6, rising: true }
6243503	686600000		seuil d'oxygène	moteur	103782	0.90	OxygenThreshold { mixing_ratio: 1e-5, rising: true }
6243504	686600000		seuil d'oxygène	moteur	103782	0.90	OxygenThreshold { mixing_ratio: 0.0001, rising: true }
6250358	687200000		seuil d'oxygène	moteur		0.90	OxygenThreshold { mixing_ratio: 0.0001, rising: false }
6250359	687200000		seuil d'oxygène	moteur		0.90	OxygenThreshold { mixing_ratio: 1e-5, rising: false }
6251964	687400000		seuil d'oxygène	moteur		0.90	OxygenThreshold { mixing_ratio: 1e-6, rising: false }
6253213	687600000		seuil d'oxygène	moteur	103782	0.90	OxygenThreshold { mixing_ratio: 1e-6, rising: true }
6253214	687600000		seuil d'oxygène	moteur	103782	0.90	OxygenThreshold { mixing_ratio: 1e-5, rising: true }
6258642	688200000		seuil d'oxygène	moteur		0.90	OxygenThreshold { mixing_ratio: 1e-5, rising: false }
6260492	688400000		seuil d'oxygène	moteur		0.90	OxygenThreshold { mixing_ratio: 1e-6, rising: false }
6261801	688600000		seuil d'oxygène	moteur	103782	0.90	OxygenThreshold { mixing_ratio: 1e-6, rising: true }
6261802	688600000		seuil d'oxygène	moteur	103782	0.90	OxygenThreshold { mixing_ratio: 1e-5, rising: true }
6261803	688600000		seuil d'oxygène	moteur	103782	0.90	OxygenThreshold { mixing_ratio: 0.0001, rising: true }
6266037	689000000		seuil d'oxygène	moteur		0.90	OxygenThreshold { mixing_ratio: 0.0001, rising: false }
6268044	689200000		seuil d'oxygène	moteur		0.90	OxygenThreshold { mixing_ratio: 1e-5, rising: false }
6269867	689400000		seuil d'oxygène	moteur		0.90	OxygenThreshold { mixing_ratio: 1e-6, rising: false }
6273268	689800000		seuil d'oxygène	moteur	103782	0.90	OxygenThreshold { mixing_ratio: 1e-6, rising: true }
6273269	689800000		seuil d'oxygène	moteur	103782	0.90	OxygenThreshold { mixing_ratio: 1e-5, rising: true }
6278279	690400000		seuil d'oxygène	moteur		0.90	OxygenThreshold { mixing_ratio: 1e-5, rising: false }
6278280	690400000		seuil d'oxygène	moteur		0.90	OxygenThreshold { mixing_ratio: 1e-6, rising: false }
6280157	690600000		seuil d'oxygène	moteur	103782	0.90	OxygenThreshold { mixing_ratio: 1e-6, rising: true }
6280158	690600000		seuil d'oxygène	moteur	103782	0.90	OxygenThreshold { mixing_ratio: 1e-5, rising: true }
6280159	690600000		seuil d'oxygène	moteur	103782	0.90	OxygenThreshold { mixing_ratio: 0.0001, rising: true }
6284856	691000000		seuil d'oxygène	moteur		0.90	OxygenThreshold { mixing_ratio: 0.0001, rising: false }
6284857	691000000		seuil d'oxygène	moteur		0.90	OxygenThreshold { mixing_ratio: 1e-5, rising: false }
6284858	691000000		seuil d'oxygène	moteur		0.90	OxygenThreshold { mixing_ratio: 1e-6, rising: false }
6286794	691200000		seuil d'oxygène	moteur	103782	0.90	OxygenThreshold { mixing_ratio: 1e-6, rising: true }
6286795	691200000		seuil d'oxygène	moteur	103782	0.90	OxygenThreshold { mixing_ratio: 1e-5, rising: true }
6290961	691600000		seuil d'oxygène	moteur		0.90	OxygenThreshold { mixing_ratio: 1e-5, rising: false }
6293039	691800000		seuil d'oxygène	moteur		0.90	OxygenThreshold { mixing_ratio: 1e-6, rising: false }
6295091	692000000		seuil d'oxygène	moteur	103782	0.90	OxygenThreshold { mixing_ratio: 1e-6, rising: true }
6295092	692000000		seuil d'oxygène	moteur	103782	0.90	OxygenThreshold { mixing_ratio: 1e-5, rising: true }
6296871	692200000		seuil d'oxygène	moteur	103782	0.90	OxygenThreshold { mixing_ratio: 0.0001, rising: true }
6300495	692600000		seuil d'oxygène	moteur		0.90	OxygenThreshold { mixing_ratio: 0.0001, rising: false }
6316397	694200000		seuil d'oxygène	moteur	103782	0.90	OxygenThreshold { mixing_ratio: 0.0001, rising: true }
6320371	694600000		seuil d'oxygène	moteur		0.90	OxygenThreshold { mixing_ratio: 0.0001, rising: false }
6346313	697400000		seuil d'oxygène	moteur	103782	0.90	OxygenThreshold { mixing_ratio: 0.0001, rising: true }
6349599	697800000		seuil d'oxygène	moteur		0.90	OxygenThreshold { mixing_ratio: 0.0001, rising: false }
6359853	699000000		seuil d'oxygène	moteur	103782	0.90	OxygenThreshold { mixing_ratio: 0.0001, rising: true }
6365334	699600000		seuil d'oxygène	moteur		0.90	OxygenThreshold { mixing_ratio: 0.0001, rising: false }
6368514	700000000		seuil d'oxygène	moteur		0.90	OxygenThreshold { mixing_ratio: 1e-5, rising: false }
6370063	700200000		seuil d'oxygène	moteur		0.90	OxygenThreshold { mixing_ratio: 1e-6, rising: false }
6371879	700400000		seuil d'oxygène	moteur	103782	0.90	OxygenThreshold { mixing_ratio: 1e-6, rising: true }
6371880	700400000		seuil d'oxygène	moteur	103782	0.90	OxygenThreshold { mixing_ratio: 1e-5, rising: true }
6373807	700600000		seuil d'oxygène	moteur	103782	0.90	OxygenThreshold { mixing_ratio: 0.0001, rising: true }
6377584	701000000		seuil d'oxygène	moteur		0.90	OxygenThreshold { mixing_ratio: 0.0001, rising: false }
6379271	701200000		seuil d'oxygène	moteur		0.90	OxygenThreshold { mixing_ratio: 1e-5, rising: false }
6380762	701400000		seuil d'oxygène	moteur		0.90	OxygenThreshold { mixing_ratio: 1e-6, rising: false }
6384356	701800000		seuil d'oxygène	moteur	103782	0.90	OxygenThreshold { mixing_ratio: 1e-6, rising: true }
6384357	701800000		seuil d'oxygène	moteur	103782	0.90	OxygenThreshold { mixing_ratio: 1e-5, rising: true }
6387183	702200000		seuil d'oxygène	moteur		0.90	OxygenThreshold { mixing_ratio: 1e-5, rising: false }
6387184	702200000		seuil d'oxygène	moteur		0.90	OxygenThreshold { mixing_ratio: 1e-6, rising: false }
6388771	702400000		seuil d'oxygène	moteur	103782	0.90	OxygenThreshold { mixing_ratio: 1e-6, rising: true }
6390565	702600000		seuil d'oxygène	moteur	103782	0.90	OxygenThreshold { mixing_ratio: 1e-5, rising: true }
6403968	704000000		seuil d'oxygène	moteur	103782	0.90	OxygenThreshold { mixing_ratio: 0.0001, rising: true }
6407539	704400000		seuil d'oxygène	moteur		0.90	OxygenThreshold { mixing_ratio: 0.0001, rising: false }
6407540	704400000		seuil d'oxygène	moteur		0.90	OxygenThreshold { mixing_ratio: 1e-5, rising: false }
6408999	704600000		seuil d'oxygène	moteur		0.90	OxygenThreshold { mixing_ratio: 1e-6, rising: false }
6413653	705200000		seuil d'oxygène	moteur	103782	0.90	OxygenThreshold { mixing_ratio: 1e-6, rising: true }
6413654	705200000		seuil d'oxygène	moteur	103782	0.90	OxygenThreshold { mixing_ratio: 1e-5, rising: true }
6416574	705600000		seuil d'oxygène	moteur		0.90	OxygenThreshold { mixing_ratio: 1e-5, rising: false }
6416575	705600000		seuil d'oxygène	moteur		0.90	OxygenThreshold { mixing_ratio: 1e-6, rising: false }
6421081	706200000		seuil d'oxygène	moteur	103782	0.90	OxygenThreshold { mixing_ratio: 1e-6, rising: true }
6423815	706600000		seuil d'oxygène	moteur		0.90	OxygenThreshold { mixing_ratio: 1e-6, rising: false }
6426974	707000000		seuil d'oxygène	moteur	103782	0.90	OxygenThreshold { mixing_ratio: 1e-6, rising: true }
6426975	707000000		seuil d'oxygène	moteur	103782	0.90	OxygenThreshold { mixing_ratio: 1e-5, rising: true }
6428679	707200000		seuil d'oxygène	moteur	103782	0.90	OxygenThreshold { mixing_ratio: 0.0001, rising: true }
6430364	707400000		seuil d'oxygène	moteur		0.90	OxygenThreshold { mixing_ratio: 0.0001, rising: false }
6431810	707600000		seuil d'oxygène	moteur		0.90	OxygenThreshold { mixing_ratio: 1e-5, rising: false }
6431811	707600000		seuil d'oxygène	moteur		0.90	OxygenThreshold { mixing_ratio: 1e-6, rising: false }
6435348	708000000		seuil d'oxygène	moteur	103782	0.90	OxygenThreshold { mixing_ratio: 1e-6, rising: true }
6436379	708200000		seuil d'oxygène	moteur		0.90	OxygenThreshold { mixing_ratio: 1e-6, rising: false }
6443235	709200000		seuil d'oxygène	moteur	103782	0.90	OxygenThreshold { mixing_ratio: 1e-6, rising: true }
6451295	710200000		seuil d'oxygène	moteur	103782	0.90	OxygenThreshold { mixing_ratio: 1e-5, rising: true }
6456613	710800000		seuil d'oxygène	moteur		0.90	OxygenThreshold { mixing_ratio: 1e-5, rising: false }
6458479	711000000		seuil d'oxygène	moteur	103782	0.90	OxygenThreshold { mixing_ratio: 1e-5, rising: true }
6460512	711200000		seuil d'oxygène	moteur	103782	0.90	OxygenThreshold { mixing_ratio: 0.0001, rising: true }
6462123	711400000		seuil d'oxygène	moteur		0.90	OxygenThreshold { mixing_ratio: 0.0001, rising: false }
6462124	711400000		seuil d'oxygène	moteur		0.90	OxygenThreshold { mixing_ratio: 1e-5, rising: false }
6463608	711600000		seuil d'oxygène	moteur		0.90	OxygenThreshold { mixing_ratio: 1e-6, rising: false }
6467720	712000000		seuil d'oxygène	moteur	103782	0.90	OxygenThreshold { mixing_ratio: 1e-6, rising: true }
6467721	712000000		seuil d'oxygène	moteur	103782	0.90	OxygenThreshold { mixing_ratio: 1e-5, rising: true }
6470723	712400000		seuil d'oxygène	moteur		0.90	OxygenThreshold { mixing_ratio: 1e-5, rising: false }
6472320	712600000		seuil d'oxygène	moteur		0.90	OxygenThreshold { mixing_ratio: 1e-6, rising: false }
6474242	712800000		seuil d'oxygène	moteur	103782	0.90	OxygenThreshold { mixing_ratio: 1e-6, rising: true }
6474243	712800000		seuil d'oxygène	moteur	103782	0.90	OxygenThreshold { mixing_ratio: 1e-5, rising: true }
6474244	712800000		seuil d'oxygène	moteur	103782	0.90	OxygenThreshold { mixing_ratio: 0.0001, rising: true }
6478219	713200000		seuil d'oxygène	moteur		0.90	OxygenThreshold { mixing_ratio: 0.0001, rising: false }
6478220	713200000		seuil d'oxygène	moteur		0.90	OxygenThreshold { mixing_ratio: 1e-5, rising: false }
6478221	713200000		seuil d'oxygène	moteur		0.90	OxygenThreshold { mixing_ratio: 1e-6, rising: false }
6483663	713600000		seuil d'oxygène	moteur	103782	0.90	OxygenThreshold { mixing_ratio: 1e-6, rising: true }
6483664	713600000		seuil d'oxygène	moteur	103782	0.90	OxygenThreshold { mixing_ratio: 1e-5, rising: true }
6502145	715400000		seuil d'oxygène	moteur	103782	0.90	OxygenThreshold { mixing_ratio: 0.0001, rising: true }
6512822	716400000		seuil d'oxygène	moteur		0.90	OxygenThreshold { mixing_ratio: 0.0001, rising: false }
6523525	717400000		seuil d'oxygène	moteur	103782	0.90	OxygenThreshold { mixing_ratio: 0.0001, rising: true }
6532681	718200000		seuil d'oxygène	moteur		0.90	OxygenThreshold { mixing_ratio: 0.0001, rising: false }
6534544	718400000		seuil d'oxygène	moteur		0.90	OxygenThreshold { mixing_ratio: 1e-5, rising: false }
6534545	718400000		seuil d'oxygène	moteur		0.90	OxygenThreshold { mixing_ratio: 1e-6, rising: false }
6538825	718800000		seuil d'oxygène	moteur	103782	0.90	OxygenThreshold { mixing_ratio: 1e-6, rising: true }
6538826	718800000		seuil d'oxygène	moteur	103782	0.90	OxygenThreshold { mixing_ratio: 1e-5, rising: true }
6542926	719200000		seuil d'oxygène	moteur		0.90	OxygenThreshold { mixing_ratio: 1e-5, rising: false }
6542927	719200000		seuil d'oxygène	moteur		0.90	OxygenThreshold { mixing_ratio: 1e-6, rising: false }
6545052	719400000		seuil d'oxygène	moteur	103782	0.90	OxygenThreshold { mixing_ratio: 1e-6, rising: true }
6545053	719400000		seuil d'oxygène	moteur	103782	0.90	OxygenThreshold { mixing_ratio: 1e-5, rising: true }
6545054	719400000		seuil d'oxygène	moteur	103782	0.90	OxygenThreshold { mixing_ratio: 0.0001, rising: true }
6550537	719800000		seuil d'oxygène	moteur		0.90	OxygenThreshold { mixing_ratio: 0.0001, rising: false }
6561514	720600000		seuil d'oxygène	moteur	103782	0.90	OxygenThreshold { mixing_ratio: 0.0001, rising: true }
6572026	721400000		seuil d'oxygène	moteur		0.90	OxygenThreshold { mixing_ratio: 0.0001, rising: false }
6574317	721600000		seuil d'oxygène	moteur		0.90	OxygenThreshold { mixing_ratio: 1e-5, rising: false }
6574318	721600000		seuil d'oxygène	moteur		0.90	OxygenThreshold { mixing_ratio: 1e-6, rising: false }
6577092	721800000		seuil d'oxygène	moteur	103782	0.90	OxygenThreshold { mixing_ratio: 1e-6, rising: true }
6577093	721800000		seuil d'oxygène	moteur	103782	0.90	OxygenThreshold { mixing_ratio: 1e-5, rising: true }
6579719	722000000		seuil d'oxygène	moteur	103782	0.90	OxygenThreshold { mixing_ratio: 0.0001, rising: true }
6582326	722200000		seuil d'oxygène	moteur		0.90	OxygenThreshold { mixing_ratio: 0.0001, rising: false }
6594536	723000000		seuil d'oxygène	moteur	103782	0.90	OxygenThreshold { mixing_ratio: 0.0001, rising: true }
6603090	723600000		seuil d'oxygène	moteur		0.90	OxygenThreshold { mixing_ratio: 0.0001, rising: false }
6614365	724400000		seuil d'oxygène	moteur	103782	0.90	OxygenThreshold { mixing_ratio: 0.0001, rising: true }
6625516	725200000		seuil d'oxygène	moteur		0.90	OxygenThreshold { mixing_ratio: 0.0001, rising: false }
6627766	725400000		seuil d'oxygène	moteur		0.90	OxygenThreshold { mixing_ratio: 1e-5, rising: false }
6627767	725400000		seuil d'oxygène	moteur		0.90	OxygenThreshold { mixing_ratio: 1e-6, rising: false }
6630040	725600000		seuil d'oxygène	moteur	103782	0.90	OxygenThreshold { mixing_ratio: 1e-6, rising: true }
6630041	725600000		seuil d'oxygène	moteur	103782	0.90	OxygenThreshold { mixing_ratio: 1e-5, rising: true }
6634235	726000000		seuil d'oxygène	moteur		0.90	OxygenThreshold { mixing_ratio: 1e-5, rising: false }
6636143	726200000		seuil d'oxygène	moteur		0.90	OxygenThreshold { mixing_ratio: 1e-6, rising: false }
6637859	726400000		seuil d'oxygène	moteur	103782	0.90	OxygenThreshold { mixing_ratio: 1e-6, rising: true }
6637860	726400000		seuil d'oxygène	moteur	103782	0.90	OxygenThreshold { mixing_ratio: 1e-5, rising: true }
6637861	726400000		seuil d'oxygène	moteur	103782	0.90	OxygenThreshold { mixing_ratio: 0.0001, rising: true }
6644010	726800000		seuil d'oxygène	moteur		0.90	OxygenThreshold { mixing_ratio: 0.0001, rising: false }
6644011	726800000		seuil d'oxygène	moteur		0.90	OxygenThreshold { mixing_ratio: 1e-5, rising: false }
6646756	727000000		seuil d'oxygène	moteur		0.90	OxygenThreshold { mixing_ratio: 1e-6, rising: false }
6649069	727200000		seuil d'oxygène	moteur	103782	0.90	OxygenThreshold { mixing_ratio: 1e-6, rising: true }
6652068	727400000		seuil d'oxygène	moteur	103782	0.90	OxygenThreshold { mixing_ratio: 1e-5, rising: true }
6655177	727600000		seuil d'oxygène	moteur		0.90	OxygenThreshold { mixing_ratio: 1e-5, rising: false }
6663747	728200000		seuil d'oxygène	moteur	103782	0.90	OxygenThreshold { mixing_ratio: 1e-5, rising: true }
6663748	728200000		seuil d'oxygène	moteur	103782	0.90	OxygenThreshold { mixing_ratio: 0.0001, rising: true }
6674209	728800000		seuil d'oxygène	moteur		0.90	OxygenThreshold { mixing_ratio: 0.0001, rising: false }
6679476	729200000		seuil d'oxygène	moteur		0.90	OxygenThreshold { mixing_ratio: 1e-5, rising: false }
6679477	729200000		seuil d'oxygène	moteur		0.90	OxygenThreshold { mixing_ratio: 1e-6, rising: false }
6681771	729400000		seuil d'oxygène	moteur	103782	0.90	OxygenThreshold { mixing_ratio: 1e-6, rising: true }
6681772	729400000		seuil d'oxygène	moteur	103782	0.90	OxygenThreshold { mixing_ratio: 1e-5, rising: true }
6681773	729400000		seuil d'oxygène	moteur	103782	0.90	OxygenThreshold { mixing_ratio: 0.0001, rising: true }
6691058	730000000		seuil d'oxygène	moteur		0.90	OxygenThreshold { mixing_ratio: 0.0001, rising: false }
6697295	730400000		seuil d'oxygène	moteur		0.90	OxygenThreshold { mixing_ratio: 1e-5, rising: false }
6697296	730400000		seuil d'oxygène	moteur		0.90	OxygenThreshold { mixing_ratio: 1e-6, rising: false }
6700337	730600000		seuil d'oxygène	moteur	103782	0.90	OxygenThreshold { mixing_ratio: 1e-6, rising: true }
6703131	730800000		seuil d'oxygène	moteur	103782	0.90	OxygenThreshold { mixing_ratio: 1e-5, rising: true }
6706292	731000000		seuil d'oxygène	moteur		0.90	OxygenThreshold { mixing_ratio: 1e-5, rising: false }
6706293	731000000		seuil d'oxygène	moteur		0.90	OxygenThreshold { mixing_ratio: 1e-6, rising: false }
6711649	731400000		seuil d'oxygène	moteur	103782	0.90	OxygenThreshold { mixing_ratio: 1e-6, rising: true }
6711650	731400000		seuil d'oxygène	moteur	103782	0.90	OxygenThreshold { mixing_ratio: 1e-5, rising: true }
6711651	731400000		seuil d'oxygène	moteur	103782	0.90	OxygenThreshold { mixing_ratio: 0.0001, rising: true }
6720991	732000000		seuil d'oxygène	moteur		0.90	OxygenThreshold { mixing_ratio: 0.0001, rising: false }
6727327	732400000		seuil d'oxygène	moteur		0.90	OxygenThreshold { mixing_ratio: 1e-5, rising: false }
6727328	732400000		seuil d'oxygène	moteur		0.90	OxygenThreshold { mixing_ratio: 1e-6, rising: false }
6730150	732600000		seuil d'oxygène	moteur	103782	0.90	OxygenThreshold { mixing_ratio: 1e-6, rising: true }
6730151	732600000		seuil d'oxygène	moteur	103782	0.90	OxygenThreshold { mixing_ratio: 1e-5, rising: true }
6736072	733000000		seuil d'oxygène	moteur		0.90	OxygenThreshold { mixing_ratio: 1e-5, rising: false }
6739118	733200000		seuil d'oxygène	moteur		0.90	OxygenThreshold { mixing_ratio: 1e-6, rising: false }
6742136	733400000		seuil d'oxygène	moteur	103782	0.90	OxygenThreshold { mixing_ratio: 1e-6, rising: true }
6744967	733600000		seuil d'oxygène	moteur	103782	0.90	OxygenThreshold { mixing_ratio: 1e-5, rising: true }
6744968	733600000		seuil d'oxygène	moteur	103782	0.90	OxygenThreshold { mixing_ratio: 0.0001, rising: true }
6750975	734000000		seuil d'oxygène	moteur		0.90	OxygenThreshold { mixing_ratio: 0.0001, rising: false }
6757686	734400000		seuil d'oxygène	moteur	103782	0.90	OxygenThreshold { mixing_ratio: 0.0001, rising: true }
6768080	735000000		seuil d'oxygène	moteur		0.90	OxygenThreshold { mixing_ratio: 0.0001, rising: false }
6771053	735200000		seuil d'oxygène	moteur		0.90	OxygenThreshold { mixing_ratio: 1e-5, rising: false }
6773699	735400000		seuil d'oxygène	moteur		0.90	OxygenThreshold { mixing_ratio: 1e-6, rising: false }
6775668	735600000		seuil d'oxygène	moteur	103782	0.90	OxygenThreshold { mixing_ratio: 1e-6, rising: true }
6775669	735600000		seuil d'oxygène	moteur	103782	0.90	OxygenThreshold { mixing_ratio: 1e-5, rising: true }
6783904	736200000		seuil d'oxygène	moteur		0.90	OxygenThreshold { mixing_ratio: 1e-5, rising: false }
6783905	736200000		seuil d'oxygène	moteur		0.90	OxygenThreshold { mixing_ratio: 1e-6, rising: false }
6787039	736400000		seuil d'oxygène	moteur	103782	0.90	OxygenThreshold { mixing_ratio: 1e-6, rising: true }
6787040	736400000		seuil d'oxygène	moteur	103782	0.90	OxygenThreshold { mixing_ratio: 1e-5, rising: true }
6787041	736400000		seuil d'oxygène	moteur	103782	0.90	OxygenThreshold { mixing_ratio: 0.0001, rising: true }
6794615	736800000		seuil d'oxygène	moteur		0.90	OxygenThreshold { mixing_ratio: 0.0001, rising: false }
6804469	737400000		seuil d'oxygène	moteur	103782	0.90	OxygenThreshold { mixing_ratio: 0.0001, rising: true }
6814529	738000000		seuil d'oxygène	moteur		0.90	OxygenThreshold { mixing_ratio: 0.0001, rising: false }
6817288	738200000		seuil d'oxygène	moteur		0.90	OxygenThreshold { mixing_ratio: 1e-5, rising: false }
6819683	738400000		seuil d'oxygène	moteur		0.90	OxygenThreshold { mixing_ratio: 1e-6, rising: false }
6821723	738600000		seuil d'oxygène	moteur	103782	0.90	OxygenThreshold { mixing_ratio: 1e-6, rising: true }
6821724	738600000		seuil d'oxygène	moteur	103782	0.90	OxygenThreshold { mixing_ratio: 1e-5, rising: true }
6824174	738800000		seuil d'oxygène	moteur	103782	0.90	OxygenThreshold { mixing_ratio: 0.0001, rising: true }
6850562	740400000		seuil d'oxygène	moteur		0.90	OxygenThreshold { mixing_ratio: 0.0001, rising: false }
6856318	740800000		seuil d'oxygène	moteur	103782	0.90	OxygenThreshold { mixing_ratio: 0.0001, rising: true }
6861993	741200000		seuil d'oxygène	moteur		0.90	OxygenThreshold { mixing_ratio: 0.0001, rising: false }
6867142	741600000		seuil d'oxygène	moteur		0.90	OxygenThreshold { mixing_ratio: 1e-5, rising: false }
6869457	741800000		seuil d'oxygène	moteur	103782	0.90	OxygenThreshold { mixing_ratio: 1e-5, rising: true }
6874831	742200000		seuil d'oxygène	moteur	103782	0.90	OxygenThreshold { mixing_ratio: 0.0001, rising: true }
6886598	743000000		seuil d'oxygène	moteur		0.90	OxygenThreshold { mixing_ratio: 0.0001, rising: false }
6891895	743400000		seuil d'oxygène	moteur		0.90	OxygenThreshold { mixing_ratio: 1e-5, rising: false }
6891896	743400000		seuil d'oxygène	moteur		0.90	OxygenThreshold { mixing_ratio: 1e-6, rising: false }
6896895	743800000		seuil d'oxygène	moteur	103782	0.90	OxygenThreshold { mixing_ratio: 1e-6, rising: true }
6896896	743800000		seuil d'oxygène	moteur	103782	0.90	OxygenThreshold { mixing_ratio: 1e-5, rising: true }
6896897	743800000		seuil d'oxygène	moteur	103782	0.90	OxygenThreshold { mixing_ratio: 0.0001, rising: true }
6905877	744400000		seuil d'oxygène	moteur		0.90	OxygenThreshold { mixing_ratio: 0.0001, rising: false }
6919100	745400000		seuil d'oxygène	moteur	103782	0.90	OxygenThreshold { mixing_ratio: 0.0001, rising: true }
6931713	746400000		seuil d'oxygène	moteur		0.90	OxygenThreshold { mixing_ratio: 0.0001, rising: false }
6951608	748000000		seuil d'oxygène	moteur		0.90	OxygenThreshold { mixing_ratio: 1e-5, rising: false }
6954120	748200000		seuil d'oxygène	moteur	103782	0.90	OxygenThreshold { mixing_ratio: 1e-5, rising: true }
6969420	749400000		seuil d'oxygène	moteur		0.90	OxygenThreshold { mixing_ratio: 1e-5, rising: false }
6971840	749600000		seuil d'oxygène	moteur		0.90	OxygenThreshold { mixing_ratio: 1e-6, rising: false }
6974059	749800000		seuil d'oxygène	moteur	103782	0.90	OxygenThreshold { mixing_ratio: 1e-6, rising: true }
6974060	749800000		seuil d'oxygène	moteur	103782	0.90	OxygenThreshold { mixing_ratio: 1e-5, rising: true }
6976482	750000000		seuil d'oxygène	moteur	103782	0.90	OxygenThreshold { mixing_ratio: 0.0001, rising: true }
6978887	750200000		seuil d'oxygène	moteur		0.90	OxygenThreshold { mixing_ratio: 0.0001, rising: false }
6985958	750800000		seuil d'oxygène	moteur	103782	0.90	OxygenThreshold { mixing_ratio: 0.0001, rising: true }
6985959	750800000		réorganisation des plaques	moteur		0.30	PlateReorganisation { plates: 14 }
7002160	752000000		seuil d'oxygène	moteur		0.90	OxygenThreshold { mixing_ratio: 0.0001, rising: false }
7007054	752400000		seuil d'oxygène	moteur		0.90	OxygenThreshold { mixing_ratio: 1e-5, rising: false }
7011787	752800000		seuil d'oxygène	moteur	103782	0.90	OxygenThreshold { mixing_ratio: 1e-5, rising: true }
7014466	753000000		seuil d'oxygène	moteur	103782	0.90	OxygenThreshold { mixing_ratio: 0.0001, rising: true }
7027979	754000000		seuil d'oxygène	moteur		0.90	OxygenThreshold { mixing_ratio: 0.0001, rising: false }
7034548	754600000		seuil d'oxygène	moteur		0.90	OxygenThreshold { mixing_ratio: 1e-5, rising: false }
7036613	754800000		seuil d'oxygène	moteur	103782	0.90	OxygenThreshold { mixing_ratio: 1e-5, rising: true }
7039110	755000000		seuil d'oxygène	moteur	103782	0.90	OxygenThreshold { mixing_ratio: 0.0001, rising: true }
7051790	756000000		seuil d'oxygène	moteur		0.90	OxygenThreshold { mixing_ratio: 0.0001, rising: false }
7063375	757000000		seuil d'oxygène	moteur	103782	0.90	OxygenThreshold { mixing_ratio: 0.0001, rising: true }
7074431	758000000		seuil d'oxygène	moteur		0.90	OxygenThreshold { mixing_ratio: 0.0001, rising: false }
7078577	758400000		seuil d'oxygène	moteur		0.90	OxygenThreshold { mixing_ratio: 1e-5, rising: false }
7078578	758400000		seuil d'oxygène	moteur		0.90	OxygenThreshold { mixing_ratio: 1e-6, rising: false }
7082756	758800000		seuil d'oxygène	moteur	103782	0.90	OxygenThreshold { mixing_ratio: 1e-6, rising: true }
7082757	758800000		seuil d'oxygène	moteur	103782	0.90	OxygenThreshold { mixing_ratio: 1e-5, rising: true }
7087747	759200000		seuil d'oxygène	moteur	103782	0.90	OxygenThreshold { mixing_ratio: 0.0001, rising: true }
7094669	759800000		seuil d'oxygène	moteur		0.90	OxygenThreshold { mixing_ratio: 0.0001, rising: false }
7098694	760200000		seuil d'oxygène	moteur		0.90	OxygenThreshold { mixing_ratio: 1e-5, rising: false }
7098695	760200000		seuil d'oxygène	moteur		0.90	OxygenThreshold { mixing_ratio: 1e-6, rising: false }
7100233	760400000		seuil d'oxygène	moteur	103782	0.90	OxygenThreshold { mixing_ratio: 1e-6, rising: true }
7100234	760400000		seuil d'oxygène	moteur	103782	0.90	OxygenThreshold { mixing_ratio: 1e-5, rising: true }
7102098	760600000		seuil d'oxygène	moteur	103782	0.90	OxygenThreshold { mixing_ratio: 0.0001, rising: true }
7115336	761800000		seuil d'oxygène	moteur		0.90	OxygenThreshold { mixing_ratio: 0.0001, rising: false }
7117514	762000000		seuil d'oxygène	moteur		0.90	OxygenThreshold { mixing_ratio: 1e-5, rising: false }
7119356	762200000		seuil d'oxygène	moteur		0.90	OxygenThreshold { mixing_ratio: 1e-6, rising: false }
7121334	762400000		seuil d'oxygène	moteur	103782	0.90	OxygenThreshold { mixing_ratio: 1e-6, rising: true }
7121335	762400000		seuil d'oxygène	moteur	103782	0.90	OxygenThreshold { mixing_ratio: 1e-5, rising: true }
7142757	764400000		seuil d'oxygène	moteur		0.90	OxygenThreshold { mixing_ratio: 1e-5, rising: false }
7144583	764600000		seuil d'oxygène	moteur		0.90	OxygenThreshold { mixing_ratio: 1e-6, rising: false }
7146077	764800000		seuil d'oxygène	moteur	103782	0.90	OxygenThreshold { mixing_ratio: 1e-6, rising: true }
7146078	764800000		seuil d'oxygène	moteur	103782	0.90	OxygenThreshold { mixing_ratio: 1e-5, rising: true }
7146079	764800000		seuil d'oxygène	moteur	103782	0.90	OxygenThreshold { mixing_ratio: 0.0001, rising: true }
7152484	765400000		seuil d'oxygène	moteur		0.90	OxygenThreshold { mixing_ratio: 0.0001, rising: false }
7154640	765600000		seuil d'oxygène	moteur		0.90	OxygenThreshold { mixing_ratio: 1e-5, rising: false }
7154641	765600000		seuil d'oxygène	moteur		0.90	OxygenThreshold { mixing_ratio: 1e-6, rising: false }
7158731	766000000		seuil d'oxygène	moteur	103782	0.90	OxygenThreshold { mixing_ratio: 1e-6, rising: true }
7161805	766400000		seuil d'oxygène	moteur		0.90	OxygenThreshold { mixing_ratio: 1e-6, rising: false }
7166912	767000000		seuil d'oxygène	moteur	103782	0.90	OxygenThreshold { mixing_ratio: 1e-6, rising: true }
7166913	767000000		seuil d'oxygène	moteur	103782	0.90	OxygenThreshold { mixing_ratio: 1e-5, rising: true }
7169188	767200000		seuil d'oxygène	moteur	103782	0.90	OxygenThreshold { mixing_ratio: 0.0001, rising: true }
7173920	767600000		seuil d'oxygène	moteur		0.90	OxygenThreshold { mixing_ratio: 0.0001, rising: false }
7188568	769000000		seuil d'oxygène	moteur		0.90	OxygenThreshold { mixing_ratio: 1e-5, rising: false }
7188569	769000000		seuil d'oxygène	moteur		0.90	OxygenThreshold { mixing_ratio: 1e-6, rising: false }
7193121	769600000		seuil d'oxygène	moteur	103782	0.90	OxygenThreshold { mixing_ratio: 1e-6, rising: true }
7194563	769800000		seuil d'oxygène	moteur		0.90	OxygenThreshold { mixing_ratio: 1e-6, rising: false }
7198148	770200000		seuil d'oxygène	moteur	103782	0.90	OxygenThreshold { mixing_ratio: 1e-6, rising: true }
7198149	770200000		seuil d'oxygène	moteur	103782	0.90	OxygenThreshold { mixing_ratio: 1e-5, rising: true }
7200424	770400000		seuil d'oxygène	moteur	103782	0.90	OxygenThreshold { mixing_ratio: 0.0001, rising: true }
7205719	770800000		seuil d'oxygène	moteur		0.90	OxygenThreshold { mixing_ratio: 0.0001, rising: false }
7205720	770800000		seuil d'oxygène	moteur		0.90	OxygenThreshold { mixing_ratio: 1e-5, rising: false }
7205721	770800000		seuil d'oxygène	moteur		0.90	OxygenThreshold { mixing_ratio: 1e-6, rising: false }
7210552	771200000		seuil d'oxygène	moteur	103782	0.90	OxygenThreshold { mixing_ratio: 1e-6, rising: true }
7212505	771400000		seuil d'oxygène	moteur		0.90	OxygenThreshold { mixing_ratio: 1e-6, rising: false }
7216486	771800000		seuil d'oxygène	moteur	103782	0.90	OxygenThreshold { mixing_ratio: 1e-6, rising: true }
7216487	771800000		seuil d'oxygène	moteur	103782	0.90	OxygenThreshold { mixing_ratio: 1e-5, rising: true }
7223071	772400000		seuil d'oxygène	moteur		0.90	OxygenThreshold { mixing_ratio: 1e-5, rising: false }
7224870	772600000		seuil d'oxygène	moteur		0.90	OxygenThreshold { mixing_ratio: 1e-6, rising: false }
7226690	772800000		seuil d'oxygène	moteur	103782	0.90	OxygenThreshold { mixing_ratio: 1e-6, rising: true }
7228453	773000000		seuil d'oxygène	moteur	103782	0.90	OxygenThreshold { mixing_ratio: 1e-5, rising: true }
7254262	775400000		seuil d'oxygène	moteur		0.90	OxygenThreshold { mixing_ratio: 1e-5, rising: false }
7254263	775400000		seuil d'oxygène	moteur		0.90	OxygenThreshold { mixing_ratio: 1e-6, rising: false }
7258059	775800000		seuil d'oxygène	moteur	103782	0.90	OxygenThreshold { mixing_ratio: 1e-6, rising: true }
7259974	776000000		seuil d'oxygène	moteur	103782	0.90	OxygenThreshold { mixing_ratio: 1e-5, rising: true }
7276292	777400000		seuil d'oxygène	moteur		0.90	OxygenThreshold { mixing_ratio: 1e-5, rising: false }
7276293	777400000		seuil d'oxygène	moteur		0.90	OxygenThreshold { mixing_ratio: 1e-6, rising: false }
7280165	777800000		seuil d'oxygène	moteur	103782	0.90	OxygenThreshold { mixing_ratio: 1e-6, rising: true }
7281648	778000000		seuil d'oxygène	moteur	103782	0.90	OxygenThreshold { mixing_ratio: 1e-5, rising: true }
7283327	778200000		seuil d'oxygène	moteur		0.90	OxygenThreshold { mixing_ratio: 1e-5, rising: false }
7284755	778400000		seuil d'oxygène	moteur		0.90	OxygenThreshold { mixing_ratio: 1e-6, rising: false }
7286465	778600000		seuil d'oxygène	moteur	103782	0.90	OxygenThreshold { mixing_ratio: 1e-6, rising: true }
7286466	778600000		seuil d'oxygène	moteur	103782	0.90	OxygenThreshold { mixing_ratio: 1e-5, rising: true }
7288575	778800000		seuil d'oxygène	moteur	103782	0.90	OxygenThreshold { mixing_ratio: 0.0001, rising: true }
7293487	779200000		seuil d'oxygène	moteur		0.90	OxygenThreshold { mixing_ratio: 0.0001, rising: false }
7295576	779400000		seuil d'oxygène	moteur		0.90	OxygenThreshold { mixing_ratio: 1e-5, rising: false }
7295577	779400000		seuil d'oxygène	moteur		0.90	OxygenThreshold { mixing_ratio: 1e-6, rising: false }
7299387	779800000		seuil d'oxygène	moteur	103782	0.90	OxygenThreshold { mixing_ratio: 1e-6, rising: true }
7300657	780000000		seuil d'oxygène	moteur		0.90	OxygenThreshold { mixing_ratio: 1e-6, rising: false }
7303856	780400000		seuil d'oxygène	moteur	103782	0.90	OxygenThreshold { mixing_ratio: 1e-6, rising: true }
7305406	780600000		seuil d'oxygène	moteur	103782	0.90	OxygenThreshold { mixing_ratio: 1e-5, rising: true }
7308840	781000000		seuil d'oxygène	moteur		0.90	OxygenThreshold { mixing_ratio: 1e-5, rising: false }
7310570	781200000		seuil d'oxygène	moteur		0.90	OxygenThreshold { mixing_ratio: 1e-6, rising: false }
7312532	781400000		seuil d'oxygène	moteur	103782	0.90	OxygenThreshold { mixing_ratio: 1e-6, rising: true }
7314438	781600000		seuil d'oxygène	moteur	103782	0.90	OxygenThreshold { mixing_ratio: 1e-5, rising: true }
7323512	782400000		seuil d'oxygène	moteur		0.90	OxygenThreshold { mixing_ratio: 1e-5, rising: false }
7325529	782600000		seuil d'oxygène	moteur		0.90	OxygenThreshold { mixing_ratio: 1e-6, rising: false }
7327462	782800000		seuil d'oxygène	moteur	103782	0.90	OxygenThreshold { mixing_ratio: 1e-6, rising: true }
7329240	783000000		seuil d'oxygène	moteur	103782	0.90	OxygenThreshold { mixing_ratio: 1e-5, rising: true }
7344469	784400000		seuil d'oxygène	moteur		0.90	OxygenThreshold { mixing_ratio: 1e-5, rising: false }
7346248	784600000		seuil d'oxygène	moteur		0.90	OxygenThreshold { mixing_ratio: 1e-6, rising: false }
7347942	784800000		seuil d'oxygène	moteur	103782	0.90	OxygenThreshold { mixing_ratio: 1e-6, rising: true }
7347943	784800000		seuil d'oxygène	moteur	103782	0.90	OxygenThreshold { mixing_ratio: 1e-5, rising: true }
7351362	785200000		seuil d'oxygène	moteur		0.90	OxygenThreshold { mixing_ratio: 1e-5, rising: false }
7352922	785400000		seuil d'oxygène	moteur		0.90	OxygenThreshold { mixing_ratio: 1e-6, rising: false }
7356463	785800000		seuil d'oxygène	moteur	103782	0.90	OxygenThreshold { mixing_ratio: 1e-6, rising: true }
7358519	786000000		seuil d'oxygène	moteur	103782	0.90	OxygenThreshold { mixing_ratio: 1e-5, rising: true }
7360495	786200000		seuil d'oxygène	moteur	103782	0.90	OxygenThreshold { mixing_ratio: 0.0001, rising: true }
7363020	786400000		seuil d'oxygène	moteur		0.90	OxygenThreshold { mixing_ratio: 0.0001, rising: false }
7365410	786600000		seuil d'oxygène	moteur		0.90	OxygenThreshold { mixing_ratio: 1e-5, rising: false }
7365411	786600000		seuil d'oxygène	moteur		0.90	OxygenThreshold { mixing_ratio: 1e-6, rising: false }
7367636	786800000		seuil d'oxygène	moteur	103782	0.90	OxygenThreshold { mixing_ratio: 1e-6, rising: true }
7369423	787000000		seuil d'oxygène	moteur	103782	0.90	OxygenThreshold { mixing_ratio: 1e-5, rising: true }
7372669	787400000		seuil d'oxygène	moteur		0.90	OxygenThreshold { mixing_ratio: 1e-5, rising: false }
7372670	787400000		seuil d'oxygène	moteur		0.90	OxygenThreshold { mixing_ratio: 1e-6, rising: false }
7374150	787600000		seuil d'oxygène	moteur	103782	0.90	OxygenThreshold { mixing_ratio: 1e-6, rising: true }
7376137	787800000		seuil d'oxygène	moteur	103782	0.90	OxygenThreshold { mixing_ratio: 1e-5, rising: true }
7382545	788400000		seuil d'oxygène	moteur		0.90	OxygenThreshold { mixing_ratio: 1e-5, rising: false }
7382546	788400000		seuil d'oxygène	moteur		0.90	OxygenThreshold { mixing_ratio: 1e-6, rising: false }
7384477	788600000		seuil d'oxygène	moteur	103782	0.90	OxygenThreshold { mixing_ratio: 1e-6, rising: true }
7386294	788800000		seuil d'oxygène	moteur	103782	0.90	OxygenThreshold { mixing_ratio: 1e-5, rising: true }
7388052	789000000		seuil d'oxygène	moteur		0.90	OxygenThreshold { mixing_ratio: 1e-5, rising: false }
7389590	789200000		seuil d'oxygène	moteur		0.90	OxygenThreshold { mixing_ratio: 1e-6, rising: false }
7393215	789600000		seuil d'oxygène	moteur	103782	0.90	OxygenThreshold { mixing_ratio: 1e-6, rising: true }
7395220	789800000		seuil d'oxygène	moteur	103782	0.90	OxygenThreshold { mixing_ratio: 1e-5, rising: true }
7402324	790400000		seuil d'oxygène	moteur		0.90	OxygenThreshold { mixing_ratio: 1e-5, rising: false }
7402325	790400000		seuil d'oxygène	moteur		0.90	OxygenThreshold { mixing_ratio: 1e-6, rising: false }
7407123	790800000		seuil d'oxygène	moteur	103782	0.90	OxygenThreshold { mixing_ratio: 1e-6, rising: true }
7408677	791000000		seuil d'oxygène	moteur	103782	0.90	OxygenThreshold { mixing_ratio: 1e-5, rising: true }
7410102	791200000		seuil d'oxygène	moteur		0.90	OxygenThreshold { mixing_ratio: 1e-5, rising: false }
7411714	791400000		seuil d'oxygène	moteur		0.90	OxygenThreshold { mixing_ratio: 1e-6, rising: false }
7413402	791600000		seuil d'oxygène	moteur	103782	0.90	OxygenThreshold { mixing_ratio: 1e-6, rising: true }
7413403	791600000		seuil d'oxygène	moteur	103782	0.90	OxygenThreshold { mixing_ratio: 1e-5, rising: true }
7415475	791800000		seuil d'oxygène	moteur	103782	0.90	OxygenThreshold { mixing_ratio: 0.0001, rising: true }
7417601	792000000		seuil d'oxygène	moteur		0.90	OxygenThreshold { mixing_ratio: 0.0001, rising: false }
7419913	792200000		seuil d'oxygène	moteur		0.90	OxygenThreshold { mixing_ratio: 1e-5, rising: false }
7422208	792400000		seuil d'oxygène	moteur		0.90	OxygenThreshold { mixing_ratio: 1e-6, rising: false }
7424438	792600000		seuil d'oxygène	moteur	103782	0.90	OxygenThreshold { mixing_ratio: 1e-6, rising: true }
7429928	793200000		seuil d'oxygène	moteur		0.90	OxygenThreshold { mixing_ratio: 1e-6, rising: false }
7431634	793400000		seuil d'oxygène	moteur	103782	0.90	OxygenThreshold { mixing_ratio: 1e-6, rising: true }
7433711	793600000		seuil d'oxygène	moteur	103782	0.90	OxygenThreshold { mixing_ratio: 1e-5, rising: true }
7438286	794000000		seuil d'oxygène	moteur	103782	0.90	OxygenThreshold { mixing_ratio: 0.0001, rising: true }
7440875	794200000		seuil d'oxygène	moteur		0.90	OxygenThreshold { mixing_ratio: 0.0001, rising: false }
7443296	794400000		seuil d'oxygène	moteur		0.90	OxygenThreshold { mixing_ratio: 1e-5, rising: false }
7443297	794400000		seuil d'oxygène	moteur		0.90	OxygenThreshold { mixing_ratio: 1e-6, rising: false }
7445195	794600000		seuil d'oxygène	moteur	103782	0.90	OxygenThreshold { mixing_ratio: 1e-6, rising: true }
7447055	794800000		seuil d'oxygène	moteur	103782	0.90	OxygenThreshold { mixing_ratio: 1e-5, rising: true }
7448791	795000000		seuil d'oxygène	moteur		0.90	OxygenThreshold { mixing_ratio: 1e-5, rising: false }
7450425	795200000		seuil d'oxygène	moteur		0.90	OxygenThreshold { mixing_ratio: 1e-6, rising: false }
7451982	795400000		seuil d'oxygène	moteur	103782	0.90	OxygenThreshold { mixing_ratio: 1e-6, rising: true }
7454418	795600000		seuil d'oxygène	moteur	103782	0.90	OxygenThreshold { mixing_ratio: 1e-5, rising: true }
7456766	795800000		seuil d'oxygène	moteur	103782	0.90	OxygenThreshold { mixing_ratio: 0.0001, rising: true }
7459568	796000000		seuil d'oxygène	moteur		0.90	OxygenThreshold { mixing_ratio: 0.0001, rising: false }
7462048	796200000		seuil d'oxygène	moteur		0.90	OxygenThreshold { mixing_ratio: 1e-5, rising: false }
7462049	796200000		seuil d'oxygène	moteur		0.90	OxygenThreshold { mixing_ratio: 1e-6, rising: false }
7467971	796800000		seuil d'oxygène	moteur	103782	0.90	OxygenThreshold { mixing_ratio: 1e-6, rising: true }
7469457	797000000		seuil d'oxygène	moteur	103782	0.90	OxygenThreshold { mixing_ratio: 1e-5, rising: true }
7472936	797400000		seuil d'oxygène	moteur		0.90	OxygenThreshold { mixing_ratio: 1e-5, rising: false }
7476686	797800000		seuil d'oxygène	moteur	103782	0.90	OxygenThreshold { mixing_ratio: 1e-5, rising: true }
7478774	798000000		seuil d'oxygène	moteur	103782	0.90	OxygenThreshold { mixing_ratio: 0.0001, rising: true }
7481588	798200000		seuil d'oxygène	moteur		0.90	OxygenThreshold { mixing_ratio: 0.0001, rising: false }
7484027	798400000		seuil d'oxygène	moteur		0.90	OxygenThreshold { mixing_ratio: 1e-5, rising: false }
7484028	798400000		seuil d'oxygène	moteur		0.90	OxygenThreshold { mixing_ratio: 1e-6, rising: false }
7487967	798800000		seuil d'oxygène	moteur	103782	0.90	OxygenThreshold { mixing_ratio: 1e-6, rising: true }
7489475	799000000		seuil d'oxygène	moteur		0.90	OxygenThreshold { mixing_ratio: 1e-6, rising: false }
7492373	799400000		seuil d'oxygène	moteur	103782	0.90	OxygenThreshold { mixing_ratio: 1e-6, rising: true }
7492374	799400000		seuil d'oxygène	moteur	103782	0.90	OxygenThreshold { mixing_ratio: 1e-5, rising: true }
7494330	799600000		seuil d'oxygène	moteur	103782	0.90	OxygenThreshold { mixing_ratio: 0.0001, rising: true }
7498649	800000000		seuil d'oxygène	moteur		0.90	OxygenThreshold { mixing_ratio: 0.0001, rising: false }
7500897	800200000		seuil d'oxygène	moteur		0.90	OxygenThreshold { mixing_ratio: 1e-5, rising: false }
7503226	800400000		seuil d'oxygène	moteur		0.90	OxygenThreshold { mixing_ratio: 1e-6, rising: false }
7504827	800600000		seuil d'oxygène	moteur	103782	0.90	OxygenThreshold { mixing_ratio: 1e-6, rising: true }
7506646	800800000		seuil d'oxygène	moteur	103782	0.90	OxygenThreshold { mixing_ratio: 1e-5, rising: true }
7523843	802600000		seuil d'oxygène	moteur		0.90	OxygenThreshold { mixing_ratio: 1e-5, rising: false }
7526167	802800000		seuil d'oxygène	moteur	103782	0.90	OxygenThreshold { mixing_ratio: 1e-5, rising: true }
7530900	803200000		seuil d'oxygène	moteur	103782	0.90	OxygenThreshold { mixing_ratio: 0.0001, rising: true }
7535443	803600000		seuil d'oxygène	moteur		0.90	OxygenThreshold { mixing_ratio: 0.0001, rising: false }
7537749	803800000		seuil d'oxygène	moteur		0.90	OxygenThreshold { mixing_ratio: 1e-5, rising: false }
7539778	804000000		seuil d'oxygène	moteur		0.90	OxygenThreshold { mixing_ratio: 1e-6, rising: false }
7543881	804400000		seuil d'oxygène	moteur	103782	0.90	OxygenThreshold { mixing_ratio: 1e-6, rising: true }
7543882	804400000		seuil d'oxygène	moteur	103782	0.90	OxygenThreshold { mixing_ratio: 1e-5, rising: true }
7553072	805200000		seuil d'oxygène	moteur		0.90	OxygenThreshold { mixing_ratio: 1e-5, rising: false }
7555101	805400000		seuil d'oxygène	moteur		0.90	OxygenThreshold { mixing_ratio: 1e-6, rising: false }
7559739	806000000		seuil d'oxygène	moteur	103782	0.90	OxygenThreshold { mixing_ratio: 1e-6, rising: true }
7564551	806600000		seuil d'oxygène	moteur	103782	0.90	OxygenThreshold { mixing_ratio: 1e-5, rising: true }
7572960	807400000		seuil d'oxygène	moteur		0.90	OxygenThreshold { mixing_ratio: 1e-5, rising: false }
7572961	807400000		seuil d'oxygène	moteur		0.90	OxygenThreshold { mixing_ratio: 1e-6, rising: false }
7576688	807800000		seuil d'oxygène	moteur	103782	0.90	OxygenThreshold { mixing_ratio: 1e-6, rising: true }
7576689	807800000		seuil d'oxygène	moteur	103782	0.90	OxygenThreshold { mixing_ratio: 1e-5, rising: true }
7603086	810200000		seuil d'oxygène	moteur		0.90	OxygenThreshold { mixing_ratio: 1e-5, rising: false }
7603087	810200000		seuil d'oxygène	moteur		0.90	OxygenThreshold { mixing_ratio: 1e-6, rising: false }
7611620	811000000		seuil d'oxygène	moteur	103782	0.90	OxygenThreshold { mixing_ratio: 1e-6, rising: true }
7611621	811000000		seuil d'oxygène	moteur	103782	0.90	OxygenThreshold { mixing_ratio: 1e-5, rising: true }
7623546	812000000		seuil d'oxygène	moteur		0.90	OxygenThreshold { mixing_ratio: 1e-5, rising: false }
7623547	812000000		seuil d'oxygène	moteur		0.90	OxygenThreshold { mixing_ratio: 1e-6, rising: false }
7625332	812200000		seuil d'oxygène	moteur	103782	0.90	OxygenThreshold { mixing_ratio: 1e-6, rising: true }
7625333	812200000		seuil d'oxygène	moteur	103782	0.90	OxygenThreshold { mixing_ratio: 1e-5, rising: true }
7652212	814600000		seuil d'oxygène	moteur		0.90	OxygenThreshold { mixing_ratio: 1e-5, rising: false }
7658975	815200000		seuil d'oxygène	moteur	103782	0.90	OxygenThreshold { mixing_ratio: 1e-5, rising: true }
7668579	816000000		seuil d'oxygène	moteur		0.90	OxygenThreshold { mixing_ratio: 1e-5, rising: false }
7670224	816200000		seuil d'oxygène	moteur		0.90	OxygenThreshold { mixing_ratio: 1e-6, rising: false }
7671590	816400000		seuil d'oxygène	moteur	103782	0.90	OxygenThreshold { mixing_ratio: 1e-6, rising: true }
7673272	816600000		seuil d'oxygène	moteur	103782	0.90	OxygenThreshold { mixing_ratio: 1e-5, rising: true }
7716034	820800000		seuil d'oxygène	moteur		0.90	OxygenThreshold { mixing_ratio: 1e-5, rising: false }
7716035	820800000		seuil d'oxygène	moteur		0.90	OxygenThreshold { mixing_ratio: 1e-6, rising: false }
7719683	821200000		seuil d'oxygène	moteur	103782	0.90	OxygenThreshold { mixing_ratio: 1e-6, rising: true }
7721351	821400000		seuil d'oxygène	moteur	103782	0.90	OxygenThreshold { mixing_ratio: 1e-5, rising: true }
7733939	822600000		seuil d'oxygène	moteur		0.90	OxygenThreshold { mixing_ratio: 1e-5, rising: false }
7738249	823000000		seuil d'oxygène	moteur	103782	0.90	OxygenThreshold { mixing_ratio: 1e-5, rising: true }
7793127	828400000		seuil d'oxygène	moteur		0.90	OxygenThreshold { mixing_ratio: 1e-5, rising: false }
7793128	828400000		seuil d'oxygène	moteur		0.90	OxygenThreshold { mixing_ratio: 1e-6, rising: false }
7798340	829000000		seuil d'oxygène	moteur	103782	0.90	OxygenThreshold { mixing_ratio: 1e-6, rising: true }
7799663	829200000		seuil d'oxygène	moteur	103782	0.90	OxygenThreshold { mixing_ratio: 1e-5, rising: true }
7804326	829800000		seuil d'oxygène	moteur	103782	0.90	OxygenThreshold { mixing_ratio: 0.0001, rising: true }
7808434	830200000		seuil d'oxygène	moteur		0.90	OxygenThreshold { mixing_ratio: 0.0001, rising: false }
7810179	830400000		seuil d'oxygène	moteur		0.90	OxygenThreshold { mixing_ratio: 1e-5, rising: false }
7811803	830600000		seuil d'oxygène	moteur		0.90	OxygenThreshold { mixing_ratio: 1e-6, rising: false }
7814763	831000000		seuil d'oxygène	moteur	103782	0.90	OxygenThreshold { mixing_ratio: 1e-6, rising: true }
7816390	831200000		seuil d'oxygène	moteur	103782	0.90	OxygenThreshold { mixing_ratio: 1e-5, rising: true }
7821608	831800000		seuil d'oxygène	moteur	103782	0.90	OxygenThreshold { mixing_ratio: 0.0001, rising: true }
7827341	832400000		seuil d'oxygène	moteur		0.90	OxygenThreshold { mixing_ratio: 0.0001, rising: false }
7828937	832600000		seuil d'oxygène	moteur		0.90	OxygenThreshold { mixing_ratio: 1e-5, rising: false }
7828938	832600000		seuil d'oxygène	moteur		0.90	OxygenThreshold { mixing_ratio: 1e-6, rising: false }
7833845	833200000		seuil d'oxygène	moteur	103782	0.90	OxygenThreshold { mixing_ratio: 1e-6, rising: true }
7835608	833400000		seuil d'oxygène	moteur	103782	0.90	OxygenThreshold { mixing_ratio: 1e-5, rising: true }
7846055	834400000		seuil d'oxygène	moteur		0.90	OxygenThreshold { mixing_ratio: 1e-5, rising: false }
7847995	834600000		seuil d'oxygène	moteur		0.90	OxygenThreshold { mixing_ratio: 1e-6, rising: false }
7850890	835000000		seuil d'oxygène	moteur	103782	0.90	OxygenThreshold { mixing_ratio: 1e-6, rising: true }
7852569	835200000		seuil d'oxygène	moteur	103782	0.90	OxygenThreshold { mixing_ratio: 1e-5, rising: true }
7860088	836000000		seuil d'oxygène	moteur	103782	0.90	OxygenThreshold { mixing_ratio: 0.0001, rising: true }
7865523	836400000		seuil d'oxygène	moteur		0.90	OxygenThreshold { mixing_ratio: 0.0001, rising: false }
7890195	839000000		seuil d'oxygène	moteur		0.90	OxygenThreshold { mixing_ratio: 1e-5, rising: false }
7891813	839200000		seuil d'oxygène	moteur		0.90	OxygenThreshold { mixing_ratio: 1e-6, rising: false }
7894834	839600000		seuil d'oxygène	moteur	103782	0.90	OxygenThreshold { mixing_ratio: 1e-6, rising: true }
7894835	839600000		seuil d'oxygène	moteur	103782	0.90	OxygenThreshold { mixing_ratio: 1e-5, rising: true }
7924867	842800000		seuil d'oxygène	moteur		0.90	OxygenThreshold { mixing_ratio: 1e-5, rising: false }
7932256	843600000		seuil d'oxygène	moteur	103782	0.90	OxygenThreshold { mixing_ratio: 1e-5, rising: true }
7940240	844600000		seuil d'oxygène	moteur	103782	0.90	OxygenThreshold { mixing_ratio: 0.0001, rising: true }
7945850	845200000		seuil d'oxygène	moteur		0.90	OxygenThreshold { mixing_ratio: 0.0001, rising: false }
7945851	845200000		seuil d'oxygène	moteur		0.90	OxygenThreshold { mixing_ratio: 1e-5, rising: false }
7947772	845400000		seuil d'oxygène	moteur		0.90	OxygenThreshold { mixing_ratio: 1e-6, rising: false }
7949357	845600000		seuil d'oxygène	moteur	103782	0.90	OxygenThreshold { mixing_ratio: 1e-6, rising: true }
7952854	846000000		seuil d'oxygène	moteur		0.90	OxygenThreshold { mixing_ratio: 1e-6, rising: false }
7956729	846400000		seuil d'oxygène	moteur	103782	0.90	OxygenThreshold { mixing_ratio: 1e-6, rising: true }
7958258	846600000		seuil d'oxygène	moteur	103782	0.90	OxygenThreshold { mixing_ratio: 1e-5, rising: true }
7966246	847400000		seuil d'oxygène	moteur		0.90	OxygenThreshold { mixing_ratio: 1e-5, rising: false }
7970132	847800000		seuil d'oxygène	moteur	103782	0.90	OxygenThreshold { mixing_ratio: 1e-5, rising: true }
7982730	849000000		seuil d'oxygène	moteur		0.90	OxygenThreshold { mixing_ratio: 1e-5, rising: false }
7984517	849200000		seuil d'oxygène	moteur		0.90	OxygenThreshold { mixing_ratio: 1e-6, rising: false }
7987602	849600000		seuil d'oxygène	moteur	103782	0.90	OxygenThreshold { mixing_ratio: 1e-6, rising: true }
7987603	849600000		seuil d'oxygène	moteur	103782	0.90	OxygenThreshold { mixing_ratio: 1e-5, rising: true }
7996436	850600000		seuil d'oxygène	moteur		0.90	OxygenThreshold { mixing_ratio: 1e-5, rising: false }
8001863	851200000		seuil d'oxygène	moteur	103782	0.90	OxygenThreshold { mixing_ratio: 1e-5, rising: true }
8006978	851800000		seuil d'oxygène	moteur		0.90	OxygenThreshold { mixing_ratio: 1e-5, rising: false }
8012067	852400000		seuil d'oxygène	moteur	103782	0.90	OxygenThreshold { mixing_ratio: 1e-5, rising: true }
8016704	853000000		seuil d'oxygène	moteur		0.90	OxygenThreshold { mixing_ratio: 1e-5, rising: false }
8016705	853000000		seuil d'oxygène	moteur		0.90	OxygenThreshold { mixing_ratio: 1e-6, rising: false }
8019249	853400000		seuil d'oxygène	moteur	103782	0.90	OxygenThreshold { mixing_ratio: 1e-6, rising: true }
8021842	853800000		seuil d'oxygène	moteur	103782	0.90	OxygenThreshold { mixing_ratio: 1e-5, rising: true }
8028386	854600000		seuil d'oxygène	moteur		0.90	OxygenThreshold { mixing_ratio: 1e-5, rising: false }
8028387	854600000		seuil d'oxygène	moteur		0.90	OxygenThreshold { mixing_ratio: 1e-6, rising: false }
8030513	854800000		seuil d'oxygène	moteur	103782	0.90	OxygenThreshold { mixing_ratio: 1e-6, rising: true }
8032142	855000000		seuil d'oxygène	moteur	103782	0.90	OxygenThreshold { mixing_ratio: 1e-5, rising: true }
8045381	856400000		seuil d'oxygène	moteur	103782	0.90	OxygenThreshold { mixing_ratio: 0.0001, rising: true }
8047490	856600000		seuil d'oxygène	moteur		0.90	OxygenThreshold { mixing_ratio: 0.0001, rising: false }
8049430	856800000		seuil d'oxygène	moteur		0.90	OxygenThreshold { mixing_ratio: 1e-5, rising: false }
8054899	857400000		seuil d'oxygène	moteur	103782	0.90	OxygenThreshold { mixing_ratio: 1e-5, rising: true }
8066395	858600000		seuil d'oxygène	moteur		0.90	OxygenThreshold { mixing_ratio: 1e-5, rising: false }
8069879	859000000		seuil d'oxygène	moteur	103782	0.90	OxygenThreshold { mixing_ratio: 1e-5, rising: true }
8078973	860000000		seuil d'oxygène	moteur		0.90	OxygenThreshold { mixing_ratio: 1e-5, rising: false }
8082433	860400000		seuil d'oxygène	moteur	103782	0.90	OxygenThreshold { mixing_ratio: 1e-5, rising: true }
8090019	861200000		seuil d'oxygène	moteur		0.90	OxygenThreshold { mixing_ratio: 1e-5, rising: false }
8091794	861400000		seuil d'oxygène	moteur		0.90	OxygenThreshold { mixing_ratio: 1e-6, rising: false }
8094533	861800000		seuil d'oxygène	moteur	103782	0.90	OxygenThreshold { mixing_ratio: 1e-6, rising: true }
8095934	862000000		seuil d'oxygène	moteur	103782	0.90	OxygenThreshold { mixing_ratio: 1e-5, rising: true }
8099052	862400000		seuil d'oxygène	moteur		0.90	OxygenThreshold { mixing_ratio: 1e-5, rising: false }
8100611	862600000		seuil d'oxygène	moteur	103782	0.90	OxygenThreshold { mixing_ratio: 1e-5, rising: true }
8102634	862800000		seuil d'oxygène	moteur	103782	0.90	OxygenThreshold { mixing_ratio: 0.0001, rising: true }
8107006	863200000		seuil d'oxygène	moteur		0.90	OxygenThreshold { mixing_ratio: 0.0001, rising: false }
8107007	863200000		seuil d'oxygène	moteur		0.90	OxygenThreshold { mixing_ratio: 1e-5, rising: false }
8108700	863400000		seuil d'oxygène	moteur		0.90	OxygenThreshold { mixing_ratio: 1e-6, rising: false }
8113034	864000000		seuil d'oxygène	moteur	103782	0.90	OxygenThreshold { mixing_ratio: 1e-6, rising: true }
8114643	864200000		seuil d'oxygène	moteur	103782	0.90	OxygenThreshold { mixing_ratio: 1e-5, rising: true }
8120221	864800000		seuil d'oxygène	moteur	103782	0.90	OxygenThreshold { mixing_ratio: 0.0001, rising: true }
8122465	865000000		seuil d'oxygène	moteur		0.90	OxygenThreshold { mixing_ratio: 0.0001, rising: false }
8122466	865000000		seuil d'oxygène	moteur		0.90	OxygenThreshold { mixing_ratio: 1e-5, rising: false }
8122467	865000000		seuil d'oxygène	moteur		0.90	OxygenThreshold { mixing_ratio: 1e-6, rising: false }
8125807	865400000		seuil d'oxygène	moteur	103782	0.90	OxygenThreshold { mixing_ratio: 1e-6, rising: true }
8127557	865600000		seuil d'oxygène	moteur	103782	0.90	OxygenThreshold { mixing_ratio: 1e-5, rising: true }
8137064	866600000		seuil d'oxygène	moteur	103782	0.90	OxygenThreshold { mixing_ratio: 0.0001, rising: true }
8139082	866800000		seuil d'oxygène	moteur		0.90	OxygenThreshold { mixing_ratio: 0.0001, rising: false }
8144526	867400000		seuil d'oxygène	moteur		0.90	OxygenThreshold { mixing_ratio: 1e-5, rising: false }
8144527	867400000		seuil d'oxygène	moteur		0.90	OxygenThreshold { mixing_ratio: 1e-6, rising: false }
8146783	867800000		seuil d'oxygène	moteur	103782	0.90	OxygenThreshold { mixing_ratio: 1e-6, rising: true }
8146784	867800000		seuil d'oxygène	moteur	103782	0.90	OxygenThreshold { mixing_ratio: 1e-5, rising: true }
8152953	868600000		seuil d'oxygène	moteur	103782	0.90	OxygenThreshold { mixing_ratio: 0.0001, rising: true }
8157776	869000000		seuil d'oxygène	moteur		0.90	OxygenThreshold { mixing_ratio: 0.0001, rising: false }
8159981	869200000		seuil d'oxygène	moteur		0.90	OxygenThreshold { mixing_ratio: 1e-5, rising: false }
8163771	869600000		seuil d'oxygène	moteur	103782	0.90	OxygenThreshold { mixing_ratio: 1e-5, rising: true }
8173259	870600000		seuil d'oxygène	moteur		0.90	OxygenThreshold { mixing_ratio: 1e-5, rising: false }
8176863	871000000		seuil d'oxygène	moteur	103782	0.90	OxygenThreshold { mixing_ratio: 1e-5, rising: true }
8180722	871400000		seuil d'oxygène	moteur	103782	0.90	OxygenThreshold { mixing_ratio: 0.0001, rising: true }
8184923	871800000		seuil d'oxygène	moteur		0.90	OxygenThreshold { mixing_ratio: 0.0001, rising: false }
8184924	871800000		seuil d'oxygène	moteur		0.90	OxygenThreshold { mixing_ratio: 1e-5, rising: false }
8184925	871800000		seuil d'oxygène	moteur		0.90	OxygenThreshold { mixing_ratio: 1e-6, rising: false }
8188392	872200000		seuil d'oxygène	moteur	103782	0.90	OxygenThreshold { mixing_ratio: 1e-6, rising: true }
8190053	872400000		seuil d'oxygène	moteur	103782	0.90	OxygenThreshold { mixing_ratio: 1e-5, rising: true }
8199526	873400000		seuil d'oxygène	moteur		0.90	OxygenThreshold { mixing_ratio: 1e-5, rising: false }
8199527	873400000		seuil d'oxygène	moteur		0.90	OxygenThreshold { mixing_ratio: 1e-6, rising: false }
8203641	874000000		seuil d'oxygène	moteur	103782	0.90	OxygenThreshold { mixing_ratio: 1e-6, rising: true }
8205160	874200000		seuil d'oxygène	moteur	103782	0.90	OxygenThreshold { mixing_ratio: 1e-5, rising: true }
8210375	874800000		seuil d'oxygène	moteur	103782	0.90	OxygenThreshold { mixing_ratio: 0.0001, rising: true }
8212648	875000000		seuil d'oxygène	moteur		0.90	OxygenThreshold { mixing_ratio: 0.0001, rising: false }
8212649	875000000		seuil d'oxygène	moteur		0.90	OxygenThreshold { mixing_ratio: 1e-5, rising: false }
8212650	875000000		seuil d'oxygène	moteur		0.90	OxygenThreshold { mixing_ratio: 1e-6, rising: false }
8215970	875400000		seuil d'oxygène	moteur	103782	0.90	OxygenThreshold { mixing_ratio: 1e-6, rising: true }
8224686	876400000		seuil d'oxygène	moteur	103782	0.90	OxygenThreshold { mixing_ratio: 1e-5, rising: true }
8226431	876600000		seuil d'oxygène	moteur	103782	0.90	OxygenThreshold { mixing_ratio: 0.0001, rising: true }
8230287	877000000		seuil d'oxygène	moteur		0.90	OxygenThreshold { mixing_ratio: 0.0001, rising: false }
8230288	877000000		seuil d'oxygène	moteur		0.90	OxygenThreshold { mixing_ratio: 1e-5, rising: false }
8230289	877000000		seuil d'oxygène	moteur		0.90	OxygenThreshold { mixing_ratio: 1e-6, rising: false }
8232037	877200000		seuil d'oxygène	moteur	103782	0.90	OxygenThreshold { mixing_ratio: 1e-6, rising: true }
8233574	877400000		seuil d'oxygène	moteur	103782	0.90	OxygenThreshold { mixing_ratio: 1e-5, rising: true }
8239503	878000000		seuil d'oxygène	moteur		0.90	OxygenThreshold { mixing_ratio: 1e-5, rising: false }
8242930	878400000		seuil d'oxygène	moteur	103782	0.90	OxygenThreshold { mixing_ratio: 1e-5, rising: true }
8246338	878800000		seuil d'oxygène	moteur	103782	0.90	OxygenThreshold { mixing_ratio: 0.0001, rising: true }
8250531	879200000		seuil d'oxygène	moteur		0.90	OxygenThreshold { mixing_ratio: 0.0001, rising: false }
8250532	879200000		seuil d'oxygène	moteur		0.90	OxygenThreshold { mixing_ratio: 1e-5, rising: false }
8252412	879400000		seuil d'oxygène	moteur		0.90	OxygenThreshold { mixing_ratio: 1e-6, rising: false }
8253758	879600000		seuil d'oxygène	moteur	103782	0.90	OxygenThreshold { mixing_ratio: 1e-6, rising: true }
8260010	880400000		seuil d'oxygène	moteur	103782	0.90	OxygenThreshold { mixing_ratio: 1e-5, rising: true }
8271197	881600000		seuil d'oxygène	moteur	103782	0.90	OxygenThreshold { mixing_ratio: 0.0001, rising: true }
8277554	882200000		seuil d'oxygène	moteur		0.90	OxygenThreshold { mixing_ratio: 0.0001, rising: false }
8277555	882200000		seuil d'oxygène	moteur		0.90	OxygenThreshold { mixing_ratio: 1e-5, rising: false }
8279545	882400000		seuil d'oxygène	moteur		0.90	OxygenThreshold { mixing_ratio: 1e-6, rising: false }
8282388	882800000		seuil d'oxygène	moteur	103782	0.90	OxygenThreshold { mixing_ratio: 1e-6, rising: true }
8282389	882800000		seuil d'oxygène	moteur	103782	0.90	OxygenThreshold { mixing_ratio: 1e-5, rising: true }
8285785	883200000		seuil d'oxygène	moteur		0.90	OxygenThreshold { mixing_ratio: 1e-5, rising: false }
8290806	883800000		seuil d'oxygène	moteur	103782	0.90	OxygenThreshold { mixing_ratio: 1e-5, rising: true }
8294368	884200000		seuil d'oxygène	moteur	103782	0.90	OxygenThreshold { mixing_ratio: 0.0001, rising: true }
8296712	884400000		seuil d'oxygène	moteur		0.90	OxygenThreshold { mixing_ratio: 0.0001, rising: false }
8298611	884600000		seuil d'oxygène	moteur		0.90	OxygenThreshold { mixing_ratio: 1e-5, rising: false }
8298612	884600000		seuil d'oxygène	moteur		0.90	OxygenThreshold { mixing_ratio: 1e-6, rising: false }
8300101	884800000		seuil d'oxygène	moteur	103782	0.90	OxygenThreshold { mixing_ratio: 1e-6, rising: true }
8301591	885000000		seuil d'oxygène	moteur	103782	0.90	OxygenThreshold { mixing_ratio: 1e-5, rising: true }
8322484	887200000		seuil d'oxygène	moteur		0.90	OxygenThreshold { mixing_ratio: 1e-5, rising: false }
8322485	887200000		seuil d'oxygène	moteur		0.90	OxygenThreshold { mixing_ratio: 1e-6, rising: false }
8326525	887800000		seuil d'oxygène	moteur	103782	0.90	OxygenThreshold { mixing_ratio: 1e-6, rising: true }
8327996	888000000		seuil d'oxygène	moteur	103782	0.90	OxygenThreshold { mixing_ratio: 1e-5, rising: true }
8349870	890200000		seuil d'oxygène	moteur		0.90	OxygenThreshold { mixing_ratio: 1e-5, rising: false }
8355800	890800000		seuil d'oxygène	moteur	103782	0.90	OxygenThreshold { mixing_ratio: 1e-5, rising: true }
8359904	891200000		seuil d'oxygène	moteur	103782	0.90	OxygenThreshold { mixing_ratio: 0.0001, rising: true }
8364082	891600000		seuil d'oxygène	moteur		0.90	OxygenThreshold { mixing_ratio: 0.0001, rising: false }
8364083	891600000		seuil d'oxygène	moteur		0.90	OxygenThreshold { mixing_ratio: 1e-5, rising: false }
8364084	891600000		seuil d'oxygène	moteur		0.90	OxygenThreshold { mixing_ratio: 1e-6, rising: false }
8367116	892000000		seuil d'oxygène	moteur	103782	0.90	OxygenThreshold { mixing_ratio: 1e-6, rising: true }
8368620	892200000		seuil d'oxygène	moteur	103782	0.90	OxygenThreshold { mixing_ratio: 1e-5, rising: true }
8379116	893200000		seuil d'oxygène	moteur		0.90	OxygenThreshold { mixing_ratio: 1e-5, rising: false }
8379117	893200000		seuil d'oxygène	moteur		0.90	OxygenThreshold { mixing_ratio: 1e-6, rising: false }
8382316	893600000		seuil d'oxygène	moteur	103782	0.90	OxygenThreshold { mixing_ratio: 1e-6, rising: true }
8383721	893800000		seuil d'oxygène	moteur	103782	0.90	OxygenThreshold { mixing_ratio: 1e-5, rising: true }
8392939	894800000		seuil d'oxygène	moteur		0.90	OxygenThreshold { mixing_ratio: 1e-5, rising: false }
8394612	895000000		seuil d'oxygène	moteur		0.90	OxygenThreshold { mixing_ratio: 1e-6, rising: false }
8396255	895200000		seuil d'oxygène	moteur	103782	0.90	OxygenThreshold { mixing_ratio: 1e-6, rising: true }
8404724	896200000		seuil d'oxygène	moteur	103782	0.90	OxygenThreshold { mixing_ratio: 1e-5, rising: true }
8406407	896400000		seuil d'oxygène	moteur	103782	0.90	OxygenThreshold { mixing_ratio: 0.0001, rising: true }
8410687	896800000		seuil d'oxygène	moteur		0.90	OxygenThreshold { mixing_ratio: 0.0001, rising: false }
8412492	897000000		seuil d'oxygène	moteur		0.90	OxygenThreshold { mixing_ratio: 1e-5, rising: false }
8412493	897000000		seuil d'oxygène	moteur		0.90	OxygenThreshold { mixing_ratio: 1e-6, rising: false }
8415531	897400000		seuil d'oxygène	moteur	103782	0.90	OxygenThreshold { mixing_ratio: 1e-6, rising: true }
8416905	897600000		seuil d'oxygène	moteur	103782	0.90	OxygenThreshold { mixing_ratio: 1e-5, rising: true }
8436823	900000000		seuil d'oxygène	moteur		0.90	OxygenThreshold { mixing_ratio: 1e-5, rising: false }
8436824	900000000		seuil d'oxygène	moteur		0.90	OxygenThreshold { mixing_ratio: 1e-6, rising: false }
8439944	900400000		seuil d'oxygène	moteur	103782	0.90	OxygenThreshold { mixing_ratio: 1e-6, rising: true }
8439945	900400000		seuil d'oxygène	moteur	103782	0.90	OxygenThreshold { mixing_ratio: 1e-5, rising: true }
8441684	900600000		seuil d'oxygène	moteur	103782	0.90	OxygenThreshold { mixing_ratio: 0.0001, rising: true }
8443579	900800000		réorganisation des plaques	moteur		0.30	PlateReorganisation { plates: 14 }
8447606	901200000		seuil d'oxygène	moteur		0.90	OxygenThreshold { mixing_ratio: 0.0001, rising: false }
8447607	901200000		seuil d'oxygène	moteur		0.90	OxygenThreshold { mixing_ratio: 1e-5, rising: false }
8449323	901400000		seuil d'oxygène	moteur		0.90	OxygenThreshold { mixing_ratio: 1e-6, rising: false }
8451828	901800000		seuil d'oxygène	moteur	103782	0.90	OxygenThreshold { mixing_ratio: 1e-6, rising: true }
8455271	902200000		seuil d'oxygène	moteur		0.90	OxygenThreshold { mixing_ratio: 1e-6, rising: false }
8458310	902600000		seuil d'oxygène	moteur	103782	0.90	OxygenThreshold { mixing_ratio: 1e-6, rising: true }
8459891	902800000		seuil d'oxygène	moteur	103782	0.90	OxygenThreshold { mixing_ratio: 1e-5, rising: true }
8461758	903000000		seuil d'oxygène	moteur	103782	0.90	OxygenThreshold { mixing_ratio: 0.0001, rising: true }
8463829	903200000		seuil d'oxygène	moteur		0.90	OxygenThreshold { mixing_ratio: 0.0001, rising: false }
8465729	903400000		seuil d'oxygène	moteur		0.90	OxygenThreshold { mixing_ratio: 1e-5, rising: false }
8465730	903400000		seuil d'oxygène	moteur		0.90	OxygenThreshold { mixing_ratio: 1e-6, rising: false }
8467102	903600000		seuil d'oxygène	moteur	103782	0.90	OxygenThreshold { mixing_ratio: 1e-6, rising: true }
8467103	903600000		seuil d'oxygène	moteur	103782	0.90	OxygenThreshold { mixing_ratio: 1e-5, rising: true }
8478345	904800000		seuil d'oxygène	moteur		0.90	OxygenThreshold { mixing_ratio: 1e-5, rising: false }
8482024	905200000		seuil d'oxygène	moteur	103782	0.90	OxygenThreshold { mixing_ratio: 1e-5, rising: true }
8496345	906800000		seuil d'oxygène	moteur	103782	0.90	OxygenThreshold { mixing_ratio: 0.0001, rising: true }
8498259	907000000		seuil d'oxygène	moteur		0.90	OxygenThreshold { mixing_ratio: 0.0001, rising: false }
8500126	907200000		seuil d'oxygène	moteur		0.90	OxygenThreshold { mixing_ratio: 1e-5, rising: false }
8501737	907400000		seuil d'oxygène	moteur		0.90	OxygenThreshold { mixing_ratio: 1e-6, rising: false }
8504058	907800000		seuil d'oxygène	moteur	103782	0.90	OxygenThreshold { mixing_ratio: 1e-6, rising: true }
8504059	907800000		seuil d'oxygène	moteur	103782	0.90	OxygenThreshold { mixing_ratio: 1e-5, rising: true }
8510827	908600000		seuil d'oxygène	moteur	103782	0.90	OxygenThreshold { mixing_ratio: 0.0001, rising: true }
8512925	908800000		seuil d'oxygène	moteur		0.90	OxygenThreshold { mixing_ratio: 0.0001, rising: false }
8512926	908800000		seuil d'oxygène	moteur		0.90	OxygenThreshold { mixing_ratio: 1e-5, rising: false }
8514302	909000000		seuil d'oxygène	moteur		0.90	OxygenThreshold { mixing_ratio: 1e-6, rising: false }
8516024	909200000		seuil d'oxygène	moteur	103782	0.90	OxygenThreshold { mixing_ratio: 1e-6, rising: true }
8517740	909400000		seuil d'oxygène	moteur	103782	0.90	OxygenThreshold { mixing_ratio: 1e-5, rising: true }
8528541	910600000		seuil d'oxygène	moteur		0.90	OxygenThreshold { mixing_ratio: 1e-5, rising: false }
8531656	911000000		seuil d'oxygène	moteur	103782	0.90	OxygenThreshold { mixing_ratio: 1e-5, rising: true }
8540458	912000000		seuil d'oxygène	moteur		0.90	OxygenThreshold { mixing_ratio: 1e-5, rising: false }
8540459	912000000		seuil d'oxygène	moteur		0.90	OxygenThreshold { mixing_ratio: 1e-6, rising: false }
8541963	912200000		seuil d'oxygène	moteur	103782	0.90	OxygenThreshold { mixing_ratio: 1e-6, rising: true }
8543671	912400000		seuil d'oxygène	moteur	103782	0.90	OxygenThreshold { mixing_ratio: 1e-5, rising: true }
8552530	913400000		seuil d'oxygène	moteur		0.90	OxygenThreshold { mixing_ratio: 1e-5, rising: false }
8552531	913400000		seuil d'oxygène	moteur		0.90	OxygenThreshold { mixing_ratio: 1e-6, rising: false }
8553814	913600000		seuil d'oxygène	moteur	103782	0.90	OxygenThreshold { mixing_ratio: 1e-6, rising: true }
8555382	913800000		seuil d'oxygène	moteur	103782	0.90	OxygenThreshold { mixing_ratio: 1e-5, rising: true }
8562177	914600000		seuil d'oxygène	moteur		0.90	OxygenThreshold { mixing_ratio: 1e-5, rising: false }
8563788	914800000		seuil d'oxygène	moteur		0.90	OxygenThreshold { mixing_ratio: 1e-6, rising: false }
8565327	915000000		seuil d'oxygène	moteur	103782	0.90	OxygenThreshold { mixing_ratio: 1e-6, rising: true }
8566624	915200000		seuil d'oxygène	moteur	103782	0.90	OxygenThreshold { mixing_ratio: 1e-5, rising: true }
8573049	916000000		seuil d'oxygène	moteur		0.90	OxygenThreshold { mixing_ratio: 1e-5, rising: false }
8575963	916400000		seuil d'oxygène	moteur	103782	0.90	OxygenThreshold { mixing_ratio: 1e-5, rising: true }
8580831	917000000		seuil d'oxygène	moteur		0.90	OxygenThreshold { mixing_ratio: 1e-5, rising: false }
8582415	917200000		seuil d'oxygène	moteur		0.90	OxygenThreshold { mixing_ratio: 1e-6, rising: false }
8583656	917400000		seuil d'oxygène	moteur	103782	0.90	OxygenThreshold { mixing_ratio: 1e-6, rising: true }
8585138	917600000		seuil d'oxygène	moteur	103782	0.90	OxygenThreshold { mixing_ratio: 1e-5, rising: true }
8608146	920400000		seuil d'oxygène	moteur		0.90	OxygenThreshold { mixing_ratio: 1e-5, rising: false }
8609752	920600000		seuil d'oxygène	moteur		0.90	OxygenThreshold { mixing_ratio: 1e-6, rising: false }
8613579	921400000		seuil d'oxygène	moteur	103782	0.90	OxygenThreshold { mixing_ratio: 1e-6, rising: true }
8614458	921600000		seuil d'oxygène	moteur	103782	0.90	OxygenThreshold { mixing_ratio: 1e-5, rising: true }
8619032	922600000		seuil d'oxygène	moteur		0.90	OxygenThreshold { mixing_ratio: 1e-5, rising: false }
8620053	922800000		seuil d'oxygène	moteur		0.90	OxygenThreshold { mixing_ratio: 1e-6, rising: false }
8625865	923800000		seuil d'oxygène	moteur	103782	0.90	OxygenThreshold { mixing_ratio: 1e-6, rising: true }
8628407	924200000		seuil d'oxygène	moteur	103782	0.90	OxygenThreshold { mixing_ratio: 1e-5, rising: true }
8638111	925600000		seuil d'oxygène	moteur		0.90	OxygenThreshold { mixing_ratio: 1e-5, rising: false }
8639448	925800000		seuil d'oxygène	moteur	103782	0.90	OxygenThreshold { mixing_ratio: 1e-5, rising: true }
8642570	926200000		seuil d'oxygène	moteur	103782	0.90	OxygenThreshold { mixing_ratio: 0.0001, rising: true }
8644471	926400000		seuil d'oxygène	moteur		0.90	OxygenThreshold { mixing_ratio: 0.0001, rising: false }
8644472	926400000		seuil d'oxygène	moteur		0.90	OxygenThreshold { mixing_ratio: 1e-5, rising: false }
8644473	926400000		seuil d'oxygène	moteur		0.90	OxygenThreshold { mixing_ratio: 1e-6, rising: false }
8648832	927000000		seuil d'oxygène	moteur	103782	0.90	OxygenThreshold { mixing_ratio: 1e-6, rising: true }
8648833	927000000		seuil d'oxygène	moteur	103782	0.90	OxygenThreshold { mixing_ratio: 1e-5, rising: true }
8658063	928000000		seuil d'oxygène	moteur		0.90	OxygenThreshold { mixing_ratio: 1e-5, rising: false }
8658064	928000000		seuil d'oxygène	moteur		0.90	OxygenThreshold { mixing_ratio: 1e-6, rising: false }
8660999	928400000		seuil d'oxygène	moteur	103782	0.90	OxygenThreshold { mixing_ratio: 1e-6, rising: true }
8661000	928400000		seuil d'oxygène	moteur	103782	0.90	OxygenThreshold { mixing_ratio: 1e-5, rising: true }
8664348	928800000		seuil d'oxygène	moteur	103782	0.90	OxygenThreshold { mixing_ratio: 0.0001, rising: true }
8668333	929200000		seuil d'oxygène	moteur		0.90	OxygenThreshold { mixing_ratio: 0.0001, rising: false }
8670091	929400000		seuil d'oxygène	moteur		0.90	OxygenThreshold { mixing_ratio: 1e-5, rising: false }
8670092	929400000		seuil d'oxygène	moteur		0.90	OxygenThreshold { mixing_ratio: 1e-6, rising: false }
8671443	929600000		seuil d'oxygène	moteur	103782	0.90	OxygenThreshold { mixing_ratio: 1e-6, rising: true }
8672944	929800000		seuil d'oxygène	moteur	103782	0.90	OxygenThreshold { mixing_ratio: 1e-5, rising: true }
8675955	930200000		seuil d'oxygène	moteur		0.90	OxygenThreshold { mixing_ratio: 1e-5, rising: false }
8677439	930400000		seuil d'oxygène	moteur		0.90	OxygenThreshold { mixing_ratio: 1e-6, rising: false }
8681591	931000000		seuil d'oxygène	moteur	103782	0.90	OxygenThreshold { mixing_ratio: 1e-6, rising: true }
8682990	931200000		seuil d'oxygène	moteur	103782	0.90	OxygenThreshold { mixing_ratio: 1e-5, rising: true }
8690565	932200000		seuil d'oxygène	moteur		0.90	OxygenThreshold { mixing_ratio: 1e-5, rising: false }
8690566	932200000		seuil d'oxygène	moteur		0.90	OxygenThreshold { mixing_ratio: 1e-6, rising: false }
8691843	932400000		seuil d'oxygène	moteur	103782	0.90	OxygenThreshold { mixing_ratio: 1e-6, rising: true }
8693299	932600000		seuil d'oxygène	moteur	103782	0.90	OxygenThreshold { mixing_ratio: 1e-5, rising: true }
8709266	934600000		seuil d'oxygène	moteur		0.90	OxygenThreshold { mixing_ratio: 1e-5, rising: false }
8712506	935000000		seuil d'oxygène	moteur	103782	0.90	OxygenThreshold { mixing_ratio: 1e-5, rising: true }
8719748	936000000		seuil d'oxygène	moteur		0.90	OxygenThreshold { mixing_ratio: 1e-5, rising: false }
8721053	936200000		seuil d'oxygène	moteur		0.90	OxygenThreshold { mixing_ratio: 1e-6, rising: false }
8722306	936400000		seuil d'oxygène	moteur	103782	0.90	OxygenThreshold { mixing_ratio: 1e-6, rising: true }
8725174	936800000		seuil d'oxygène	moteur	103782	0.90	OxygenThreshold { mixing_ratio: 1e-5, rising: true }
8732812	937800000		seuil d'oxygène	moteur		0.90	OxygenThreshold { mixing_ratio: 1e-5, rising: false }
8737045	938400000		seuil d'oxygène	moteur	103782	0.90	OxygenThreshold { mixing_ratio: 1e-5, rising: true }
8753172	940200000		seuil d'oxygène	moteur		0.90	OxygenThreshold { mixing_ratio: 1e-5, rising: false }
8753173	940200000		seuil d'oxygène	moteur		0.90	OxygenThreshold { mixing_ratio: 1e-6, rising: false }
8757321	940600000		seuil d'oxygène	moteur	103782	0.90	OxygenThreshold { mixing_ratio: 1e-6, rising: true }
8758915	940800000		seuil d'oxygène	moteur	103782	0.90	OxygenThreshold { mixing_ratio: 1e-5, rising: true }
8763362	941400000		seuil d'oxygène	moteur		0.90	OxygenThreshold { mixing_ratio: 1e-5, rising: false }
8766743	941800000		seuil d'oxygène	moteur	103782	0.90	OxygenThreshold { mixing_ratio: 1e-5, rising: true }
8775394	942600000		seuil d'oxygène	moteur		0.90	OxygenThreshold { mixing_ratio: 1e-5, rising: false }
8777391	942800000		seuil d'oxygène	moteur		0.90	OxygenThreshold { mixing_ratio: 1e-6, rising: false }
8779196	943000000		seuil d'oxygène	moteur	103782	0.90	OxygenThreshold { mixing_ratio: 1e-6, rising: true }
8779197	943000000		seuil d'oxygène	moteur	103782	0.90	OxygenThreshold { mixing_ratio: 1e-5, rising: true }
8789481	944000000		seuil d'oxygène	moteur		0.90	OxygenThreshold { mixing_ratio: 1e-5, rising: false }
8789482	944000000		seuil d'oxygène	moteur		0.90	OxygenThreshold { mixing_ratio: 1e-6, rising: false }
8791060	944200000		seuil d'oxygène	moteur	103782	0.90	OxygenThreshold { mixing_ratio: 1e-6, rising: true }
8792805	944400000		seuil d'oxygène	moteur	103782	0.90	OxygenThreshold { mixing_ratio: 1e-5, rising: true }
8795835	944800000		seuil d'oxygène	moteur		0.90	OxygenThreshold { mixing_ratio: 1e-5, rising: false }
8800231	945400000		seuil d'oxygène	moteur	103782	0.90	OxygenThreshold { mixing_ratio: 1e-5, rising: true }
8807870	946200000		seuil d'oxygène	moteur		0.90	OxygenThreshold { mixing_ratio: 1e-5, rising: false }
8807871	946200000		seuil d'oxygène	moteur		0.90	OxygenThreshold { mixing_ratio: 1e-6, rising: false }
8811762	946600000		seuil d'oxygène	moteur	103782	0.90	OxygenThreshold { mixing_ratio: 1e-6, rising: true }
8811763	946600000		seuil d'oxygène	moteur	103782	0.90	OxygenThreshold { mixing_ratio: 1e-5, rising: true }
8814058	946800000		seuil d'oxygène	moteur	103782	0.90	OxygenThreshold { mixing_ratio: 0.0001, rising: true }
8818509	947200000		seuil d'oxygène	moteur		0.90	OxygenThreshold { mixing_ratio: 0.0001, rising: false }
8820678	947400000		seuil d'oxygène	moteur		0.90	OxygenThreshold { mixing_ratio: 1e-5, rising: false }
8822638	947600000		seuil d'oxygène	moteur		0.90	OxygenThreshold { mixing_ratio: 1e-6, rising: false }
8825893	948000000		seuil d'oxygène	moteur	103782	0.90	OxygenThreshold { mixing_ratio: 1e-6, rising: true }
8825894	948000000		seuil d'oxygène	moteur	103782	0.90	OxygenThreshold { mixing_ratio: 1e-5, rising: true }
8831474	948600000		seuil d'oxygène	moteur		0.90	OxygenThreshold { mixing_ratio: 1e-5, rising: false }
8835060	949000000		seuil d'oxygène	moteur	103782	0.90	OxygenThreshold { mixing_ratio: 1e-5, rising: true }
8845435	950000000		seuil d'oxygène	moteur		0.90	OxygenThreshold { mixing_ratio: 1e-5, rising: false }
8854359	951000000		seuil d'oxygène	moteur	103782	0.90	OxygenThreshold { mixing_ratio: 1e-5, rising: true }
8876215	953600000		seuil d'oxygène	moteur		0.90	OxygenThreshold { mixing_ratio: 1e-5, rising: false }
8878068	953800000		seuil d'oxygène	moteur	103782	0.90	OxygenThreshold { mixing_ratio: 1e-5, rising: true }
8880356	954000000		seuil d'oxygène	moteur	103782	0.90	OxygenThreshold { mixing_ratio: 0.0001, rising: true }
8884393	954400000		seuil d'oxygène	moteur		0.90	OxygenThreshold { mixing_ratio: 0.0001, rising: false }
8886387	954600000		seuil d'oxygène	moteur		0.90	OxygenThreshold { mixing_ratio: 1e-5, rising: false }
8886388	954600000		seuil d'oxygène	moteur		0.90	OxygenThreshold { mixing_ratio: 1e-6, rising: false }
8888823	955000000		seuil d'oxygène	moteur	103782	0.90	OxygenThreshold { mixing_ratio: 1e-6, rising: true }
8888824	955000000		seuil d'oxygène	moteur	103782	0.90	OxygenThreshold { mixing_ratio: 1e-5, rising: true }
8893597	955600000		seuil d'oxygène	moteur		0.90	OxygenThreshold { mixing_ratio: 1e-5, rising: false }
8899710	956400000		seuil d'oxygène	moteur	103782	0.90	OxygenThreshold { mixing_ratio: 1e-5, rising: true }
8914230	957800000		seuil d'oxygène	moteur	103782	0.90	OxygenThreshold { mixing_ratio: 0.0001, rising: true }
8917901	958200000		seuil d'oxygène	moteur		0.90	OxygenThreshold { mixing_ratio: 0.0001, rising: false }
8920022	958400000		seuil d'oxygène	moteur		0.90	OxygenThreshold { mixing_ratio: 1e-5, rising: false }
8921725	958600000		seuil d'oxygène	moteur		0.90	OxygenThreshold { mixing_ratio: 1e-6, rising: false }
8923350	958800000		seuil d'oxygène	moteur	103782	0.90	OxygenThreshold { mixing_ratio: 1e-6, rising: true }
8925592	959000000		seuil d'oxygène	moteur	103782	0.90	OxygenThreshold { mixing_ratio: 1e-5, rising: true }
8939431	960200000		seuil d'oxygène	moteur	103782	0.90	OxygenThreshold { mixing_ratio: 0.0001, rising: true }
8943757	960600000		seuil d'oxygène	moteur		0.90	OxygenThreshold { mixing_ratio: 0.0001, rising: false }
8946005	960800000		seuil d'oxygène	moteur		0.90	OxygenThreshold { mixing_ratio: 1e-5, rising: false }
8947988	961000000		seuil d'oxygène	moteur		0.90	OxygenThreshold { mixing_ratio: 1e-6, rising: false }
8951525	961400000		seuil d'oxygène	moteur	103782	0.90	OxygenThreshold { mixing_ratio: 1e-6, rising: true }
8951526	961400000		seuil d'oxygène	moteur	103782	0.90	OxygenThreshold { mixing_ratio: 1e-5, rising: true }
8953886	961600000		seuil d'oxygène	moteur	103782	0.90	OxygenThreshold { mixing_ratio: 0.0001, rising: true }
8958379	962000000		seuil d'oxygène	moteur		0.90	OxygenThreshold { mixing_ratio: 0.0001, rising: false }
8963692	962400000		seuil d'oxygène	moteur		0.90	OxygenThreshold { mixing_ratio: 1e-5, rising: false }
8963693	962400000		seuil d'oxygène	moteur		0.90	OxygenThreshold { mixing_ratio: 1e-6, rising: false }
8967988	962800000		seuil d'oxygène	moteur	103782	0.90	OxygenThreshold { mixing_ratio: 1e-6, rising: true }
8967989	962800000		seuil d'oxygène	moteur	103782	0.90	OxygenThreshold { mixing_ratio: 1e-5, rising: true }
8975778	963400000		seuil d'oxygène	moteur		0.90	OxygenThreshold { mixing_ratio: 1e-5, rising: false }
8980539	963800000		seuil d'oxygène	moteur		0.90	OxygenThreshold { mixing_ratio: 1e-6, rising: false }
8982737	964000000		seuil d'oxygène	moteur	103782	0.90	OxygenThreshold { mixing_ratio: 1e-6, rising: true }
8985359	964200000		seuil d'oxygène	moteur	103782	0.90	OxygenThreshold { mixing_ratio: 1e-5, rising: true }
8990376	964600000		seuil d'oxygène	moteur	103782	0.90	OxygenThreshold { mixing_ratio: 0.0001, rising: true }
8995792	965000000		seuil d'oxygène	moteur		0.90	OxygenThreshold { mixing_ratio: 0.0001, rising: false }
8998063	965200000		seuil d'oxygène	moteur		0.90	OxygenThreshold { mixing_ratio: 1e-5, rising: false }
9000527	965400000		seuil d'oxygène	moteur	103782	0.90	OxygenThreshold { mixing_ratio: 1e-5, rising: true }
9027230	967600000		seuil d'oxygène	moteur		0.90	OxygenThreshold { mixing_ratio: 1e-5, rising: false }
9035222	968400000		seuil d'oxygène	moteur	103782	0.90	OxygenThreshold { mixing_ratio: 1e-5, rising: true }
9058581	970600000		seuil d'oxygène	moteur		0.90	OxygenThreshold { mixing_ratio: 1e-5, rising: false }
9058582	970600000		seuil d'oxygène	moteur		0.90	OxygenThreshold { mixing_ratio: 1e-6, rising: false }
9060626	970800000		seuil d'oxygène	moteur	103782	0.90	OxygenThreshold { mixing_ratio: 1e-6, rising: true }
9062629	971000000		seuil d'oxygène	moteur	103782	0.90	OxygenThreshold { mixing_ratio: 1e-5, rising: true }
9087242	973200000		seuil d'oxygène	moteur		0.90	OxygenThreshold { mixing_ratio: 1e-5, rising: false }
9089313	973400000		seuil d'oxygène	moteur	103782	0.90	OxygenThreshold { mixing_ratio: 1e-5, rising: true }
9101329	974600000		seuil d'oxygène	moteur		0.90	OxygenThreshold { mixing_ratio: 1e-5, rising: false }
9107253	975200000		seuil d'oxygène	moteur	103782	0.90	OxygenThreshold { mixing_ratio: 1e-5, rising: true }
9172243	981400000		seuil d'oxygène	moteur		0.90	OxygenThreshold { mixing_ratio: 1e-5, rising: false }
9174026	981600000		seuil d'oxygène	moteur		0.90	OxygenThreshold { mixing_ratio: 1e-6, rising: false }
9175930	981800000		seuil d'oxygène	moteur	103782	0.90	OxygenThreshold { mixing_ratio: 1e-6, rising: true }
9178377	982000000		seuil d'oxygène	moteur	103782	0.90	OxygenThreshold { mixing_ratio: 1e-5, rising: true }
9184301	982600000		seuil d'oxygène	moteur		0.90	OxygenThreshold { mixing_ratio: 1e-5, rising: false }
9186316	982800000		seuil d'oxygène	moteur		0.90	OxygenThreshold { mixing_ratio: 1e-6, rising: false }
9189990	983200000		seuil d'oxygène	moteur	103782	0.90	OxygenThreshold { mixing_ratio: 1e-6, rising: true }
9189991	983200000		seuil d'oxygène	moteur	103782	0.90	OxygenThreshold { mixing_ratio: 1e-5, rising: true }
9189992	983200000		seuil d'oxygène	moteur	103782	0.90	OxygenThreshold { mixing_ratio: 0.0001, rising: true }
9195773	983600000		seuil d'oxygène	moteur		0.90	OxygenThreshold { mixing_ratio: 0.0001, rising: false }
9198839	983800000		seuil d'oxygène	moteur		0.90	OxygenThreshold { mixing_ratio: 1e-5, rising: false }
9201411	984000000		seuil d'oxygène	moteur		0.90	OxygenThreshold { mixing_ratio: 1e-6, rising: false }
9202978	984200000		seuil d'oxygène	moteur	103782	0.90	OxygenThreshold { mixing_ratio: 1e-6, rising: true }
9202979	984200000		seuil d'oxygène	moteur	103782	0.90	OxygenThreshold { mixing_ratio: 1e-5, rising: true }
9212804	985000000		seuil d'oxygène	moteur		0.90	OxygenThreshold { mixing_ratio: 1e-5, rising: false }
9215336	985200000		seuil d'oxygène	moteur		0.90	OxygenThreshold { mixing_ratio: 1e-6, rising: false }
9219587	985600000		seuil d'oxygène	moteur	103782	0.90	OxygenThreshold { mixing_ratio: 1e-6, rising: true }
9221795	985800000		seuil d'oxygène	moteur	103782	0.90	OxygenThreshold { mixing_ratio: 1e-5, rising: true }
9241194	987400000		seuil d'oxygène	moteur	103782	0.90	OxygenThreshold { mixing_ratio: 0.0001, rising: true }
9252084	988200000		seuil d'oxygène	moteur		0.90	OxygenThreshold { mixing_ratio: 0.0001, rising: false }
9254325	988400000		seuil d'oxygène	moteur		0.90	OxygenThreshold { mixing_ratio: 1e-5, rising: false }
9256930	988600000		seuil d'oxygène	moteur		0.90	OxygenThreshold { mixing_ratio: 1e-6, rising: false }
9261145	989000000		seuil d'oxygène	moteur	103782	0.90	OxygenThreshold { mixing_ratio: 1e-6, rising: true }
9261146	989000000		seuil d'oxygène	moteur	103782	0.90	OxygenThreshold { mixing_ratio: 1e-5, rising: true }
9263353	989200000		seuil d'oxygène	moteur		0.90	OxygenThreshold { mixing_ratio: 1e-5, rising: false }
9265696	989400000		seuil d'oxygène	moteur		0.90	OxygenThreshold { mixing_ratio: 1e-6, rising: false }
9270287	989800000		seuil d'oxygène	moteur	103782	0.90	OxygenThreshold { mixing_ratio: 1e-6, rising: true }
9270288	989800000		seuil d'oxygène	moteur	103782	0.90	OxygenThreshold { mixing_ratio: 1e-5, rising: true }
9274824	990200000		seuil d'oxygène	moteur		0.90	OxygenThreshold { mixing_ratio: 1e-5, rising: false }
9277125	990400000		seuil d'oxygène	moteur		0.90	OxygenThreshold { mixing_ratio: 1e-6, rising: false }
9281364	990800000		seuil d'oxygène	moteur	103782	0.90	OxygenThreshold { mixing_ratio: 1e-6, rising: true }
9281365	990800000		seuil d'oxygène	moteur	103782	0.90	OxygenThreshold { mixing_ratio: 1e-5, rising: true }
9283563	991000000		seuil d'oxygène	moteur		0.90	OxygenThreshold { mixing_ratio: 1e-5, rising: false }
9285691	991200000		seuil d'oxygène	moteur		0.90	OxygenThreshold { mixing_ratio: 1e-6, rising: false }
9287567	991400000		seuil d'oxygène	moteur	103782	0.90	OxygenThreshold { mixing_ratio: 1e-6, rising: true }
9287568	991400000		seuil d'oxygène	moteur	103782	0.90	OxygenThreshold { mixing_ratio: 1e-5, rising: true }
9290143	991600000		seuil d'oxygène	moteur	103782	0.90	OxygenThreshold { mixing_ratio: 0.0001, rising: true }
9292799	991800000		seuil d'oxygène	moteur		0.90	OxygenThreshold { mixing_ratio: 0.0001, rising: false }
9295562	992000000		seuil d'oxygène	moteur		0.90	OxygenThreshold { mixing_ratio: 1e-5, rising: false }
9295563	992000000		seuil d'oxygène	moteur		0.90	OxygenThreshold { mixing_ratio: 1e-6, rising: false }
9299952	992400000		seuil d'oxygène	moteur	103782	0.90	OxygenThreshold { mixing_ratio: 1e-6, rising: true }
9301962	992600000		seuil d'oxygène	moteur		0.90	OxygenThreshold { mixing_ratio: 1e-6, rising: false }
9306636	993000000		seuil d'oxygène	moteur	103782	0.90	OxygenThreshold { mixing_ratio: 1e-6, rising: true }
9306637	993000000		seuil d'oxygène	moteur	103782	0.90	OxygenThreshold { mixing_ratio: 1e-5, rising: true }
9315422	993800000		seuil d'oxygène	moteur		0.90	OxygenThreshold { mixing_ratio: 1e-5, rising: false }
9323656	994600000		seuil d'oxygène	moteur	103782	0.90	OxygenThreshold { mixing_ratio: 1e-5, rising: true }
9345819	996600000		seuil d'oxygène	moteur		0.90	OxygenThreshold { mixing_ratio: 1e-5, rising: false }
9345820	996600000		seuil d'oxygène	moteur		0.90	OxygenThreshold { mixing_ratio: 1e-6, rising: false }
9353684	997600000		seuil d'oxygène	moteur	103782	0.90	OxygenThreshold { mixing_ratio: 1e-6, rising: true }
9356550	998000000		seuil d'oxygène	moteur		0.90	OxygenThreshold { mixing_ratio: 1e-6, rising: false }
9360538	998400000		seuil d'oxygène	moteur	103782	0.90	OxygenThreshold { mixing_ratio: 1e-6, rising: true }
9362723	998600000		seuil d'oxygène	moteur	103782	0.90	OxygenThreshold { mixing_ratio: 1e-5, rising: true }
9365917	999000000		seuil d'oxygène	moteur		0.90	OxygenThreshold { mixing_ratio: 1e-5, rising: false }
9365918	999000000		seuil d'oxygène	moteur		0.90	OxygenThreshold { mixing_ratio: 1e-6, rising: false }
9369599	999400000		seuil d'oxygène	moteur	103782	0.90	OxygenThreshold { mixing_ratio: 1e-6, rising: true }
9378559	1000400000		seuil d'oxygène	moteur	103782	0.90	OxygenThreshold { mixing_ratio: 1e-5, rising: true }
9396973	1002600000		seuil d'oxygène	moteur		0.90	OxygenThreshold { mixing_ratio: 1e-5, rising: false }
9396974	1002600000		seuil d'oxygène	moteur		0.90	OxygenThreshold { mixing_ratio: 1e-6, rising: false }
9400455	1003200000		seuil d'oxygène	moteur	103782	0.90	OxygenThreshold { mixing_ratio: 1e-6, rising: true }
9402180	1003400000		seuil d'oxygène	moteur	103782	0.90	OxygenThreshold { mixing_ratio: 1e-5, rising: true }
9403452	1003600000		seuil d'oxygène	moteur		0.90	OxygenThreshold { mixing_ratio: 1e-5, rising: false }
9403453	1003600000		seuil d'oxygène	moteur		0.90	OxygenThreshold { mixing_ratio: 1e-6, rising: false }
9406634	1004000000		seuil d'oxygène	moteur	103782	0.90	OxygenThreshold { mixing_ratio: 1e-6, rising: true }
9407945	1004200000		seuil d'oxygène	moteur		0.90	OxygenThreshold { mixing_ratio: 1e-6, rising: false }
9411085	1004600000		seuil d'oxygène	moteur	103782	0.90	OxygenThreshold { mixing_ratio: 1e-6, rising: true }
9412631	1004800000		seuil d'oxygène	moteur		0.90	OxygenThreshold { mixing_ratio: 1e-6, rising: false }
9414223	1005000000		seuil d'oxygène	moteur	103782	0.90	OxygenThreshold { mixing_ratio: 1e-6, rising: true }
9416513	1005200000		seuil d'oxygène	moteur	103782	0.90	OxygenThreshold { mixing_ratio: 1e-5, rising: true }
9418270	1005400000		seuil d'oxygène	moteur		0.90	OxygenThreshold { mixing_ratio: 1e-5, rising: false }
9418271	1005400000		seuil d'oxygène	moteur		0.90	OxygenThreshold { mixing_ratio: 1e-6, rising: false }
9421894	1005800000		seuil d'oxygène	moteur	103782	0.90	OxygenThreshold { mixing_ratio: 1e-6, rising: true }
9421895	1005800000		seuil d'oxygène	moteur	103782	0.90	OxygenThreshold { mixing_ratio: 1e-5, rising: true }
9426235	1006200000		seuil d'oxygène	moteur		0.90	OxygenThreshold { mixing_ratio: 1e-5, rising: false }
9426236	1006200000		seuil d'oxygène	moteur		0.90	OxygenThreshold { mixing_ratio: 1e-6, rising: false }
9430783	1006600000		seuil d'oxygène	moteur	103782	0.90	OxygenThreshold { mixing_ratio: 1e-6, rising: true }
9442562	1008000000		seuil d'oxygène	moteur	103782	0.90	OxygenThreshold { mixing_ratio: 1e-5, rising: true }
9448085	1008600000		seuil d'oxygène	moteur		0.90	OxygenThreshold { mixing_ratio: 1e-5, rising: false }
9449314	1008800000		seuil d'oxygène	moteur		0.90	OxygenThreshold { mixing_ratio: 1e-6, rising: false }
9451986	1009200000		seuil d'oxygène	moteur	103782	0.90	OxygenThreshold { mixing_ratio: 1e-6, rising: true }
9451987	1009200000		seuil d'oxygène	moteur	103782	0.90	OxygenThreshold { mixing_ratio: 1e-5, rising: true }
9455466	1009600000		seuil d'oxygène	moteur		0.90	OxygenThreshold { mixing_ratio: 1e-5, rising: false }
9455467	1009600000		seuil d'oxygène	moteur		0.90	OxygenThreshold { mixing_ratio: 1e-6, rising: false }
9456878	1009800000		seuil d'oxygène	moteur	103782	0.90	OxygenThreshold { mixing_ratio: 1e-6, rising: true }
9459749	1010200000		seuil d'oxygène	moteur		0.90	OxygenThreshold { mixing_ratio: 1e-6, rising: false }
9464172	1010600000		seuil d'oxygène	moteur	103782	0.90	OxygenThreshold { mixing_ratio: 1e-6, rising: true }
9465906	1010800000		seuil d'oxygène	moteur		0.90	OxygenThreshold { mixing_ratio: 1e-6, rising: false }
9469143	1011200000		seuil d'oxygène	moteur	103782	0.90	OxygenThreshold { mixing_ratio: 1e-6, rising: true }
9471294	1011400000		seuil d'oxygène	moteur	103782	0.90	OxygenThreshold { mixing_ratio: 1e-5, rising: true }
9473092	1011600000		seuil d'oxygène	moteur		0.90	OxygenThreshold { mixing_ratio: 1e-5, rising: false }
9473093	1011600000		seuil d'oxygène	moteur		0.90	OxygenThreshold { mixing_ratio: 1e-6, rising: false }
9474895	1011800000		seuil d'oxygène	moteur	103782	0.90	OxygenThreshold { mixing_ratio: 1e-6, rising: true }
9474896	1011800000		seuil d'oxygène	moteur	103782	0.90	OxygenThreshold { mixing_ratio: 1e-5, rising: true }
9479010	1012200000		seuil d'oxygène	moteur		0.90	OxygenThreshold { mixing_ratio: 1e-5, rising: false }
9479011	1012200000		seuil d'oxygène	moteur		0.90	OxygenThreshold { mixing_ratio: 1e-6, rising: false }
9480980	1012400000		seuil d'oxygène	moteur	103782	0.90	OxygenThreshold { mixing_ratio: 1e-6, rising: true }
9480981	1012400000		seuil d'oxygène	moteur	103782	0.90	OxygenThreshold { mixing_ratio: 1e-5, rising: true }
9485095	1012800000		seuil d'oxygène	moteur		0.90	OxygenThreshold { mixing_ratio: 1e-5, rising: false }
9485096	1012800000		seuil d'oxygène	moteur		0.90	OxygenThreshold { mixing_ratio: 1e-6, rising: false }
9487402	1013000000		seuil d'oxygène	moteur	103782	0.90	OxygenThreshold { mixing_ratio: 1e-6, rising: true }
9487403	1013000000		seuil d'oxygène	moteur	103782	0.90	OxygenThreshold { mixing_ratio: 1e-5, rising: true }
9492084	1013400000		seuil d'oxygène	moteur		0.90	OxygenThreshold { mixing_ratio: 1e-5, rising: false }
9492085	1013400000		seuil d'oxygène	moteur		0.90	OxygenThreshold { mixing_ratio: 1e-6, rising: false }
9494409	1013600000		seuil d'oxygène	moteur	103782	0.90	OxygenThreshold { mixing_ratio: 1e-6, rising: true }
9494410	1013600000		seuil d'oxygène	moteur	103782	0.90	OxygenThreshold { mixing_ratio: 1e-5, rising: true }
9498799	1014000000		seuil d'oxygène	moteur		0.90	OxygenThreshold { mixing_ratio: 1e-5, rising: false }
9500353	1014200000		seuil d'oxygène	moteur		0.90	OxygenThreshold { mixing_ratio: 1e-6, rising: false }
9501929	1014400000		seuil d'oxygène	moteur	103782	0.90	OxygenThreshold { mixing_ratio: 1e-6, rising: true }
9501930	1014400000		seuil d'oxygène	moteur	103782	0.90	OxygenThreshold { mixing_ratio: 1e-5, rising: true }
9501931	1014400000		seuil d'oxygène	moteur	103782	0.90	OxygenThreshold { mixing_ratio: 0.0001, rising: true }
9504511	1014600000		seuil d'oxygène	moteur		0.90	OxygenThreshold { mixing_ratio: 0.0001, rising: false }
9506697	1014800000		seuil d'oxygène	moteur		0.90	OxygenThreshold { mixing_ratio: 1e-5, rising: false }
9506698	1014800000		seuil d'oxygène	moteur		0.90	OxygenThreshold { mixing_ratio: 1e-6, rising: false }
9508793	1015000000		seuil d'oxygène	moteur	103782	0.90	OxygenThreshold { mixing_ratio: 1e-6, rising: true }
9511151	1015200000		seuil d'oxygène	moteur	103782	0.90	OxygenThreshold { mixing_ratio: 1e-5, rising: true }
9513152	1015400000		seuil d'oxygène	moteur		0.90	OxygenThreshold { mixing_ratio: 1e-5, rising: false }
9513153	1015400000		seuil d'oxygène	moteur		0.90	OxygenThreshold { mixing_ratio: 1e-6, rising: false }
9515280	1015600000		seuil d'oxygène	moteur	103782	0.90	OxygenThreshold { mixing_ratio: 1e-6, rising: true }
9515281	1015600000		seuil d'oxygène	moteur	103782	0.90	OxygenThreshold { mixing_ratio: 1e-5, rising: true }
9519705	1016000000		seuil d'oxygène	moteur		0.90	OxygenThreshold { mixing_ratio: 1e-5, rising: false }
9519706	1016000000		seuil d'oxygène	moteur		0.90	OxygenThreshold { mixing_ratio: 1e-6, rising: false }
9523340	1016400000		seuil d'oxygène	moteur	103782	0.90	OxygenThreshold { mixing_ratio: 1e-6, rising: true }
9523341	1016400000		seuil d'oxygène	moteur	103782	0.90	OxygenThreshold { mixing_ratio: 1e-5, rising: true }
9528089	1016800000		seuil d'oxygène	moteur		0.90	OxygenThreshold { mixing_ratio: 1e-5, rising: false }
9528090	1016800000		seuil d'oxygène	moteur		0.90	OxygenThreshold { mixing_ratio: 1e-6, rising: false }
9529997	1017000000		seuil d'oxygène	moteur	103782	0.90	OxygenThreshold { mixing_ratio: 1e-6, rising: true }
9529998	1017000000		seuil d'oxygène	moteur	103782	0.90	OxygenThreshold { mixing_ratio: 1e-5, rising: true }
9534430	1017400000		seuil d'oxygène	moteur		0.90	OxygenThreshold { mixing_ratio: 1e-5, rising: false }
9534431	1017400000		seuil d'oxygène	moteur		0.90	OxygenThreshold { mixing_ratio: 1e-6, rising: false }
9536355	1017600000		seuil d'oxygène	moteur	103782	0.90	OxygenThreshold { mixing_ratio: 1e-6, rising: true }
9536356	1017600000		seuil d'oxygène	moteur	103782	0.90	OxygenThreshold { mixing_ratio: 1e-5, rising: true }
9540885	1018000000		seuil d'oxygène	moteur		0.90	OxygenThreshold { mixing_ratio: 1e-5, rising: false }
9540886	1018000000		seuil d'oxygène	moteur		0.90	OxygenThreshold { mixing_ratio: 1e-6, rising: false }
9542972	1018200000		seuil d'oxygène	moteur	103782	0.90	OxygenThreshold { mixing_ratio: 1e-6, rising: true }
9542973	1018200000		seuil d'oxygène	moteur	103782	0.90	OxygenThreshold { mixing_ratio: 1e-5, rising: true }
9547278	1018600000		seuil d'oxygène	moteur		0.90	OxygenThreshold { mixing_ratio: 1e-5, rising: false }
9547279	1018600000		seuil d'oxygène	moteur		0.90	OxygenThreshold { mixing_ratio: 1e-6, rising: false }
9549380	1018800000		seuil d'oxygène	moteur	103782	0.90	OxygenThreshold { mixing_ratio: 1e-6, rising: true }
9549381	1018800000		seuil d'oxygène	moteur	103782	0.90	OxygenThreshold { mixing_ratio: 1e-5, rising: true }
9553811	1019200000		seuil d'oxygène	moteur		0.90	OxygenThreshold { mixing_ratio: 1e-5, rising: false }
9553812	1019200000		seuil d'oxygène	moteur		0.90	OxygenThreshold { mixing_ratio: 1e-6, rising: false }
9556180	1019400000		seuil d'oxygène	moteur	103782	0.90	OxygenThreshold { mixing_ratio: 1e-6, rising: true }
9556181	1019400000		seuil d'oxygène	moteur	103782	0.90	OxygenThreshold { mixing_ratio: 1e-5, rising: true }
9561215	1019800000		seuil d'oxygène	moteur		0.90	OxygenThreshold { mixing_ratio: 1e-5, rising: false }
9561216	1019800000		seuil d'oxygène	moteur		0.90	OxygenThreshold { mixing_ratio: 1e-6, rising: false }
9563339	1020000000		seuil d'oxygène	moteur	103782	0.90	OxygenThreshold { mixing_ratio: 1e-6, rising: true }
9563340	1020000000		seuil d'oxygène	moteur	103782	0.90	OxygenThreshold { mixing_ratio: 1e-5, rising: true }
9569016	1020400000		seuil d'oxygène	moteur		0.90	OxygenThreshold { mixing_ratio: 1e-5, rising: false }
9569017	1020400000		seuil d'oxygène	moteur		0.90	OxygenThreshold { mixing_ratio: 1e-6, rising: false }
9571621	1020600000		seuil d'oxygène	moteur	103782	0.90	OxygenThreshold { mixing_ratio: 1e-6, rising: true }
9576701	1021000000		seuil d'oxygène	moteur		0.90	OxygenThreshold { mixing_ratio: 1e-6, rising: false }
9589758	1022000000		seuil d'oxygène	moteur	103782	0.90	OxygenThreshold { mixing_ratio: 1e-6, rising: true }
9592737	1022200000		seuil d'oxygène	moteur		0.90	OxygenThreshold { mixing_ratio: 1e-6, rising: false }
9595578	1022400000		seuil d'oxygène	moteur	103782	0.90	OxygenThreshold { mixing_ratio: 1e-6, rising: true }
9598867	1022600000		seuil d'oxygène	moteur		0.90	OxygenThreshold { mixing_ratio: 1e-6, rising: false }
9604835	1023000000		seuil d'oxygène	moteur	103782	0.90	OxygenThreshold { mixing_ratio: 1e-6, rising: true }
9611482	1023400000		seuil d'oxygène	moteur		0.90	OxygenThreshold { mixing_ratio: 1e-6, rising: false }
9614476	1023600000		seuil d'oxygène	moteur	103782	0.90	OxygenThreshold { mixing_ratio: 1e-6, rising: true }
9614477	1023600000		seuil d'oxygène	moteur	103782	0.90	OxygenThreshold { mixing_ratio: 1e-5, rising: true }
9618208	1023800000		seuil d'oxygène	moteur		0.90	OxygenThreshold { mixing_ratio: 1e-5, rising: false }
9621381	1024000000		seuil d'oxygène	moteur		0.90	OxygenThreshold { mixing_ratio: 1e-6, rising: false }
9624692	1024200000		seuil d'oxygène	moteur	103782	0.90	OxygenThreshold { mixing_ratio: 1e-6, rising: true }
9630855	1024600000		seuil d'oxygène	moteur		0.90	OxygenThreshold { mixing_ratio: 1e-6, rising: false }
9634131	1024800000		seuil d'oxygène	moteur	103782	0.90	OxygenThreshold { mixing_ratio: 1e-6, rising: true }
9634132	1024800000		seuil d'oxygène	moteur	103782	0.90	OxygenThreshold { mixing_ratio: 1e-5, rising: true }
9641275	1025200000		seuil d'oxygène	moteur		0.90	OxygenThreshold { mixing_ratio: 1e-5, rising: false }
9641276	1025200000		seuil d'oxygène	moteur		0.90	OxygenThreshold { mixing_ratio: 1e-6, rising: false }
9644500	1025400000		seuil d'oxygène	moteur	103782	0.90	OxygenThreshold { mixing_ratio: 1e-6, rising: true }
9644501	1025400000		seuil d'oxygène	moteur	103782	0.90	OxygenThreshold { mixing_ratio: 1e-5, rising: true }
9651635	1025800000		seuil d'oxygène	moteur		0.90	OxygenThreshold { mixing_ratio: 1e-5, rising: false }
9651636	1025800000		seuil d'oxygène	moteur		0.90	OxygenThreshold { mixing_ratio: 1e-6, rising: false }
9655053	1026000000		seuil d'oxygène	moteur	103782	0.90	OxygenThreshold { mixing_ratio: 1e-6, rising: true }
9655054	1026000000		seuil d'oxygène	moteur	103782	0.90	OxygenThreshold { mixing_ratio: 1e-5, rising: true }
9661944	1026400000		seuil d'oxygène	moteur		0.90	OxygenThreshold { mixing_ratio: 1e-5, rising: false }
9661945	1026400000		seuil d'oxygène	moteur		0.90	OxygenThreshold { mixing_ratio: 1e-6, rising: false }
9665435	1026600000		seuil d'oxygène	moteur	103782	0.90	OxygenThreshold { mixing_ratio: 1e-6, rising: true }
9665436	1026600000		seuil d'oxygène	moteur	103782	0.90	OxygenThreshold { mixing_ratio: 1e-5, rising: true }
9671926	1027000000		seuil d'oxygène	moteur		0.90	OxygenThreshold { mixing_ratio: 1e-5, rising: false }
9671927	1027000000		seuil d'oxygène	moteur		0.90	OxygenThreshold { mixing_ratio: 1e-6, rising: false }
9674780	1027200000		seuil d'oxygène	moteur	103782	0.90	OxygenThreshold { mixing_ratio: 1e-6, rising: true }
9674781	1027200000		seuil d'oxygène	moteur	103782	0.90	OxygenThreshold { mixing_ratio: 1e-5, rising: true }
9681297	1027600000		seuil d'oxygène	moteur		0.90	OxygenThreshold { mixing_ratio: 1e-5, rising: false }
9681298	1027600000		seuil d'oxygène	moteur		0.90	OxygenThreshold { mixing_ratio: 1e-6, rising: false }
9684294	1027800000		seuil d'oxygène	moteur	103782	0.90	OxygenThreshold { mixing_ratio: 1e-6, rising: true }
9684295	1027800000		seuil d'oxygène	moteur	103782	0.90	OxygenThreshold { mixing_ratio: 1e-5, rising: true }
9691136	1028200000		seuil d'oxygène	moteur		0.90	OxygenThreshold { mixing_ratio: 1e-5, rising: false }
9691137	1028200000		seuil d'oxygène	moteur		0.90	OxygenThreshold { mixing_ratio: 1e-6, rising: false }
9694013	1028400000		seuil d'oxygène	moteur	103782	0.90	OxygenThreshold { mixing_ratio: 1e-6, rising: true }
9694014	1028400000		seuil d'oxygène	moteur	103782	0.90	OxygenThreshold { mixing_ratio: 1e-5, rising: true }
9699939	1028800000		seuil d'oxygène	moteur		0.90	OxygenThreshold { mixing_ratio: 1e-5, rising: false }
9699940	1028800000		seuil d'oxygène	moteur		0.90	OxygenThreshold { mixing_ratio: 1e-6, rising: false }
9702818	1029000000		seuil d'oxygène	moteur	103782	0.90	OxygenThreshold { mixing_ratio: 1e-6, rising: true }
9702819	1029000000		seuil d'oxygène	moteur	103782	0.90	OxygenThreshold { mixing_ratio: 1e-5, rising: true }
9709186	1029400000		seuil d'oxygène	moteur		0.90	OxygenThreshold { mixing_ratio: 1e-5, rising: false }
9709187	1029400000		seuil d'oxygène	moteur		0.90	OxygenThreshold { mixing_ratio: 1e-6, rising: false }
9713010	1029600000		seuil d'oxygène	moteur	103782	0.90	OxygenThreshold { mixing_ratio: 1e-6, rising: true }
9716301	1029800000		seuil d'oxygène	moteur	103782	0.90	OxygenThreshold { mixing_ratio: 1e-5, rising: true }
9719111	1030000000		seuil d'oxygène	moteur		0.90	OxygenThreshold { mixing_ratio: 1e-5, rising: false }
9719112	1030000000		seuil d'oxygène	moteur		0.90	OxygenThreshold { mixing_ratio: 1e-6, rising: false }
9721901	1030200000		seuil d'oxygène	moteur	103782	0.90	OxygenThreshold { mixing_ratio: 1e-6, rising: true }
9721902	1030200000		seuil d'oxygène	moteur	103782	0.90	OxygenThreshold { mixing_ratio: 1e-5, rising: true }
9728787	1030600000		seuil d'oxygène	moteur		0.90	OxygenThreshold { mixing_ratio: 1e-5, rising: false }
9728788	1030600000		seuil d'oxygène	moteur		0.90	OxygenThreshold { mixing_ratio: 1e-6, rising: false }
9732565	1030800000		seuil d'oxygène	moteur	103782	0.90	OxygenThreshold { mixing_ratio: 1e-6, rising: true }
9737938	1031200000		seuil d'oxygène	moteur		0.90	OxygenThreshold { mixing_ratio: 1e-6, rising: false }
9741028	1031400000		seuil d'oxygène	moteur	103782	0.90	OxygenThreshold { mixing_ratio: 1e-6, rising: true }
9741029	1031400000		seuil d'oxygène	moteur	103782	0.90	OxygenThreshold { mixing_ratio: 1e-5, rising: true }
9748577	1031800000		seuil d'oxygène	moteur		0.90	OxygenThreshold { mixing_ratio: 1e-5, rising: false }
9748578	1031800000		seuil d'oxygène	moteur		0.90	OxygenThreshold { mixing_ratio: 1e-6, rising: false }
9754511	1032200000		seuil d'oxygène	moteur	103782	0.90	OxygenThreshold { mixing_ratio: 1e-6, rising: true }
9754512	1032200000		seuil d'oxygène	moteur	103782	0.90	OxygenThreshold { mixing_ratio: 1e-5, rising: true }
9761115	1032600000		seuil d'oxygène	moteur		0.90	OxygenThreshold { mixing_ratio: 1e-5, rising: false }
9761116	1032600000		seuil d'oxygène	moteur		0.90	OxygenThreshold { mixing_ratio: 1e-6, rising: false }
9764649	1032800000		seuil d'oxygène	moteur	103782	0.90	OxygenThreshold { mixing_ratio: 1e-6, rising: true }
9764650	1032800000		seuil d'oxygène	moteur	103782	0.90	OxygenThreshold { mixing_ratio: 1e-5, rising: true }
9770911	1033200000		seuil d'oxygène	moteur		0.90	OxygenThreshold { mixing_ratio: 1e-5, rising: false }
9770912	1033200000		seuil d'oxygène	moteur		0.90	OxygenThreshold { mixing_ratio: 1e-6, rising: false }
9774588	1033400000		seuil d'oxygène	moteur	103782	0.90	OxygenThreshold { mixing_ratio: 1e-6, rising: true }
9774589	1033400000		seuil d'oxygène	moteur	103782	0.90	OxygenThreshold { mixing_ratio: 1e-5, rising: true }
9780186	1033800000		seuil d'oxygène	moteur		0.90	OxygenThreshold { mixing_ratio: 1e-5, rising: false }
9780187	1033800000		seuil d'oxygène	moteur		0.90	OxygenThreshold { mixing_ratio: 1e-6, rising: false }
9783128	1034000000		seuil d'oxygène	moteur	103782	0.90	OxygenThreshold { mixing_ratio: 1e-6, rising: true }
9787051	1034200000		seuil d'oxygène	moteur	103782	0.90	OxygenThreshold { mixing_ratio: 1e-5, rising: true }
9790403	1034400000		seuil d'oxygène	moteur		0.90	OxygenThreshold { mixing_ratio: 1e-5, rising: false }
9790404	1034400000		seuil d'oxygène	moteur		0.90	OxygenThreshold { mixing_ratio: 1e-6, rising: false }
9793568	1034600000		seuil d'oxygène	moteur	103782	0.90	OxygenThreshold { mixing_ratio: 1e-6, rising: true }
9797088	1034800000		seuil d'oxygène	moteur	103782	0.90	OxygenThreshold { mixing_ratio: 1e-5, rising: true }
9799893	1035000000		seuil d'oxygène	moteur		0.90	OxygenThreshold { mixing_ratio: 1e-5, rising: false }
9802519	1035200000		seuil d'oxygène	moteur		0.90	OxygenThreshold { mixing_ratio: 1e-6, rising: false }
9805059	1035400000		seuil d'oxygène	moteur	103782	0.90	OxygenThreshold { mixing_ratio: 1e-6, rising: true }
9805060	1035400000		seuil d'oxygène	moteur	103782	0.90	OxygenThreshold { mixing_ratio: 1e-5, rising: true }
9834292	1037600000		seuil d'oxygène	moteur		0.90	OxygenThreshold { mixing_ratio: 1e-5, rising: false }
9836133	1037800000		seuil d'oxygène	moteur		0.90	OxygenThreshold { mixing_ratio: 1e-6, rising: false }
9837969	1038000000		seuil d'oxygène	moteur	103782	0.90	OxygenThreshold { mixing_ratio: 1e-6, rising: true }
9839934	1038200000		seuil d'oxygène	moteur		0.90	OxygenThreshold { mixing_ratio: 1e-6, rising: false }
9846972	1038800000		seuil d'oxygène	moteur	103782	0.90	OxygenThreshold { mixing_ratio: 1e-6, rising: true }
9846973	1038800000		seuil d'oxygène	moteur	103782	0.90	OxygenThreshold { mixing_ratio: 1e-5, rising: true }
9849746	1039000000		seuil d'oxygène	moteur		0.90	OxygenThreshold { mixing_ratio: 1e-5, rising: false }
9849747	1039000000		seuil d'oxygène	moteur		0.90	OxygenThreshold { mixing_ratio: 1e-6, rising: false }
9858401	1039600000		seuil d'oxygène	moteur	103782	0.90	OxygenThreshold { mixing_ratio: 1e-6, rising: true }
9860910	1039800000		seuil d'oxygène	moteur		0.90	OxygenThreshold { mixing_ratio: 1e-6, rising: false }
9867568	1040200000		seuil d'oxygène	moteur	103782	0.90	OxygenThreshold { mixing_ratio: 1e-6, rising: true }
9873898	1040600000		seuil d'oxygène	moteur		0.90	OxygenThreshold { mixing_ratio: 1e-6, rising: false }
9876682	1040800000		seuil d'oxygène	moteur	103782	0.90	OxygenThreshold { mixing_ratio: 1e-6, rising: true }
9876683	1040800000		seuil d'oxygène	moteur	103782	0.90	OxygenThreshold { mixing_ratio: 1e-5, rising: true }
9884602	1041200000		seuil d'oxygène	moteur		0.90	OxygenThreshold { mixing_ratio: 1e-5, rising: false }
9884603	1041200000		seuil d'oxygène	moteur		0.90	OxygenThreshold { mixing_ratio: 1e-6, rising: false }
9888202	1041400000		seuil d'oxygène	moteur	103782	0.90	OxygenThreshold { mixing_ratio: 1e-6, rising: true }
9891362	1041600000		seuil d'oxygène	moteur	103782	0.90	OxygenThreshold { mixing_ratio: 1e-5, rising: true }
9893691	1041800000		seuil d'oxygène	moteur		0.90	OxygenThreshold { mixing_ratio: 1e-5, rising: false }
9893692	1041800000		seuil d'oxygène	moteur		0.90	OxygenThreshold { mixing_ratio: 1e-6, rising: false }
9920514	1043600000		seuil d'oxygène	moteur	103782	0.90	OxygenThreshold { mixing_ratio: 1e-6, rising: true }
9925158	1044000000		seuil d'oxygène	moteur		0.90	OxygenThreshold { mixing_ratio: 1e-6, rising: false }
9931721	1044400000		seuil d'oxygène	moteur	103782	0.90	OxygenThreshold { mixing_ratio: 1e-6, rising: true }
9931722	1044400000		seuil d'oxygène	moteur	103782	0.90	OxygenThreshold { mixing_ratio: 1e-5, rising: true }
9935139	1044600000		seuil d'oxygène	moteur		0.90	OxygenThreshold { mixing_ratio: 1e-5, rising: false }
9935140	1044600000		seuil d'oxygène	moteur		0.90	OxygenThreshold { mixing_ratio: 1e-6, rising: false }
9944564	1045200000		seuil d'oxygène	moteur	103782	0.90	OxygenThreshold { mixing_ratio: 1e-6, rising: true }
9944565	1045200000		seuil d'oxygène	moteur	103782	0.90	OxygenThreshold { mixing_ratio: 1e-5, rising: true }
9948418	1045400000		seuil d'oxygène	moteur		0.90	OxygenThreshold { mixing_ratio: 1e-5, rising: false }
9951368	1045600000		seuil d'oxygène	moteur		0.90	OxygenThreshold { mixing_ratio: 1e-6, rising: false }
9953751	1045800000		seuil d'oxygène	moteur	103782	0.90	OxygenThreshold { mixing_ratio: 1e-6, rising: true }
9957263	1046000000		seuil d'oxygène	moteur	103782	0.90	OxygenThreshold { mixing_ratio: 1e-5, rising: true }
9960545	1046200000		seuil d'oxygène	moteur		0.90	OxygenThreshold { mixing_ratio: 1e-5, rising: false }
9960546	1046200000		seuil d'oxygène	moteur		0.90	OxygenThreshold { mixing_ratio: 1e-6, rising: false }
9967147	1046600000		seuil d'oxygène	moteur	103782	0.90	OxygenThreshold { mixing_ratio: 1e-6, rising: true }
9967148	1046600000		seuil d'oxygène	moteur	103782	0.90	OxygenThreshold { mixing_ratio: 1e-5, rising: true }
9973219	1047000000		seuil d'oxygène	moteur		0.90	OxygenThreshold { mixing_ratio: 1e-5, rising: false }
9973220	1047000000		seuil d'oxygène	moteur		0.90	OxygenThreshold { mixing_ratio: 1e-6, rising: false }
9975891	1047200000		seuil d'oxygène	moteur	103782	0.90	OxygenThreshold { mixing_ratio: 1e-6, rising: true }
9975892	1047200000		seuil d'oxygène	moteur	103782	0.90	OxygenThreshold { mixing_ratio: 1e-5, rising: true }
9984646	1047600000		seuil d'oxygène	moteur		0.90	OxygenThreshold { mixing_ratio: 1e-5, rising: false }
9984647	1047600000		seuil d'oxygène	moteur		0.90	OxygenThreshold { mixing_ratio: 1e-6, rising: false }
9991126	1048000000		seuil d'oxygène	moteur	103782	0.90	OxygenThreshold { mixing_ratio: 1e-6, rising: true }
9991127	1048000000		seuil d'oxygène	moteur	103782	0.90	OxygenThreshold { mixing_ratio: 1e-5, rising: true }
9999035	1048400000		seuil d'oxygène	moteur		0.90	OxygenThreshold { mixing_ratio: 1e-5, rising: false }
9999036	1048400000		seuil d'oxygène	moteur		0.90	OxygenThreshold { mixing_ratio: 1e-6, rising: false }
10001998	1048600000		seuil d'oxygène	moteur	103782	0.90	OxygenThreshold { mixing_ratio: 1e-6, rising: true }
10001999	1048600000		seuil d'oxygène	moteur	103782	0.90	OxygenThreshold { mixing_ratio: 1e-5, rising: true }
10008216	1049000000		seuil d'oxygène	moteur		0.90	OxygenThreshold { mixing_ratio: 1e-5, rising: false }
10008217	1049000000		seuil d'oxygène	moteur		0.90	OxygenThreshold { mixing_ratio: 1e-6, rising: false }
10010961	1049200000		seuil d'oxygène	moteur	103782	0.90	OxygenThreshold { mixing_ratio: 1e-6, rising: true }
10010962	1049200000		seuil d'oxygène	moteur	103782	0.90	OxygenThreshold { mixing_ratio: 1e-5, rising: true }
10018736	1049600000		seuil d'oxygène	moteur		0.90	OxygenThreshold { mixing_ratio: 1e-5, rising: false }
10018737	1049600000		seuil d'oxygène	moteur		0.90	OxygenThreshold { mixing_ratio: 1e-6, rising: false }
10021947	1049800000		seuil d'oxygène	moteur	103782	0.90	OxygenThreshold { mixing_ratio: 1e-6, rising: true }
10021948	1049800000		seuil d'oxygène	moteur	103782	0.90	OxygenThreshold { mixing_ratio: 1e-5, rising: true }
10028296	1050200000		seuil d'oxygène	moteur		0.90	OxygenThreshold { mixing_ratio: 1e-5, rising: false }
10028297	1050200000		seuil d'oxygène	moteur		0.90	OxygenThreshold { mixing_ratio: 1e-6, rising: false }
10031352	1050400000		seuil d'oxygène	moteur	103782	0.90	OxygenThreshold { mixing_ratio: 1e-6, rising: true }
10031353	1050400000		seuil d'oxygène	moteur	103782	0.90	OxygenThreshold { mixing_ratio: 1e-5, rising: true }
10038037	1050800000		seuil d'oxygène	moteur		0.90	OxygenThreshold { mixing_ratio: 1e-5, rising: false }
10038038	1050800000		seuil d'oxygène	moteur		0.90	OxygenThreshold { mixing_ratio: 1e-6, rising: false }
10038039	1050800000		réorganisation des plaques	moteur		0.30	PlateReorganisation { plates: 14 }
10044445	1051200000		seuil d'oxygène	moteur	103782	0.90	OxygenThreshold { mixing_ratio: 1e-6, rising: true }
10047095	1051400000		seuil d'oxygène	moteur		0.90	OxygenThreshold { mixing_ratio: 1e-6, rising: false }
10053881	1051800000		seuil d'oxygène	moteur	103782	0.90	OxygenThreshold { mixing_ratio: 1e-6, rising: true }
10053882	1051800000		seuil d'oxygène	moteur	103782	0.90	OxygenThreshold { mixing_ratio: 1e-5, rising: true }
10057463	1052000000		seuil d'oxygène	moteur		0.90	OxygenThreshold { mixing_ratio: 1e-5, rising: false }
10057464	1052000000		seuil d'oxygène	moteur		0.90	OxygenThreshold { mixing_ratio: 1e-6, rising: false }
10062924	1052400000		seuil d'oxygène	moteur	103782	0.90	OxygenThreshold { mixing_ratio: 1e-6, rising: true }
10062925	1052400000		seuil d'oxygène	moteur	103782	0.90	OxygenThreshold { mixing_ratio: 1e-5, rising: true }
10070843	1052800000		seuil d'oxygène	moteur		0.90	OxygenThreshold { mixing_ratio: 1e-5, rising: false }
10070844	1052800000		seuil d'oxygène	moteur		0.90	OxygenThreshold { mixing_ratio: 1e-6, rising: false }
10073920	1053000000		seuil d'oxygène	moteur	103782	0.90	OxygenThreshold { mixing_ratio: 1e-6, rising: true }
10073921	1053000000		seuil d'oxygène	moteur	103782	0.90	OxygenThreshold { mixing_ratio: 1e-5, rising: true }
10081793	1053400000		seuil d'oxygène	moteur		0.90	OxygenThreshold { mixing_ratio: 1e-5, rising: false }
10085188	1053600000		seuil d'oxygène	moteur		0.90	OxygenThreshold { mixing_ratio: 1e-6, rising: false }
10089369	1053800000		seuil d'oxygène	moteur	103782	0.90	OxygenThreshold { mixing_ratio: 1e-6, rising: true }
10089370	1053800000		seuil d'oxygène	moteur	103782	0.90	OxygenThreshold { mixing_ratio: 1e-5, rising: true }
10089371	1053800000		seuil d'oxygène	moteur	103782	0.90	OxygenThreshold { mixing_ratio: 0.0001, rising: true }
10097899	1054200000		seuil d'oxygène	moteur		0.90	OxygenThreshold { mixing_ratio: 0.0001, rising: false }
10097900	1054200000		seuil d'oxygène	moteur		0.90	OxygenThreshold { mixing_ratio: 1e-5, rising: false }
10101026	1054400000		seuil d'oxygène	moteur		0.90	OxygenThreshold { mixing_ratio: 1e-6, rising: false }
10104200	1054600000		seuil d'oxygène	moteur	103782	0.90	OxygenThreshold { mixing_ratio: 1e-6, rising: true }
10104201	1054600000		seuil d'oxygène	moteur	103782	0.90	OxygenThreshold { mixing_ratio: 1e-5, rising: true }
10108517	1054800000		seuil d'oxygène	moteur	103782	0.90	OxygenThreshold { mixing_ratio: 0.0001, rising: true }
10112263	1055000000		seuil d'oxygène	moteur		0.90	OxygenThreshold { mixing_ratio: 0.0001, rising: false }
10112264	1055000000		seuil d'oxygène	moteur		0.90	OxygenThreshold { mixing_ratio: 1e-5, rising: false }
10114877	1055200000		seuil d'oxygène	moteur		0.90	OxygenThreshold { mixing_ratio: 1e-6, rising: false }
10117218	1055400000		seuil d'oxygène	moteur	103782	0.90	OxygenThreshold { mixing_ratio: 1e-6, rising: true }
10121880	1055600000		seuil d'oxygène	moteur	103782	0.90	OxygenThreshold { mixing_ratio: 1e-5, rising: true }
10121881	1055600000		seuil d'oxygène	moteur	103782	0.90	OxygenThreshold { mixing_ratio: 0.0001, rising: true }
10125516	1055800000		seuil d'oxygène	moteur		0.90	OxygenThreshold { mixing_ratio: 0.0001, rising: false }
10128402	1056000000		seuil d'oxygène	moteur		0.90	OxygenThreshold { mixing_ratio: 1e-5, rising: false }
10128403	1056000000		seuil d'oxygène	moteur		0.90	OxygenThreshold { mixing_ratio: 1e-6, rising: false }
10131027	1056200000		seuil d'oxygène	moteur	103782	0.90	OxygenThreshold { mixing_ratio: 1e-6, rising: true }
10131028	1056200000		seuil d'oxygène	moteur	103782	0.90	OxygenThreshold { mixing_ratio: 1e-5, rising: true }
10135328	1056400000		seuil d'oxygène	moteur	103782	0.90	OxygenThreshold { mixing_ratio: 0.0001, rising: true }
10139078	1056600000		seuil d'oxygène	moteur		0.90	OxygenThreshold { mixing_ratio: 0.0001, rising: false }
10142136	1056800000		seuil d'oxygène	moteur		0.90	OxygenThreshold { mixing_ratio: 1e-5, rising: false }
10142137	1056800000		seuil d'oxygène	moteur		0.90	OxygenThreshold { mixing_ratio: 1e-6, rising: false }
10144982	1057000000		seuil d'oxygène	moteur	103782	0.90	OxygenThreshold { mixing_ratio: 1e-6, rising: true }
10144983	1057000000		seuil d'oxygène	moteur	103782	0.90	OxygenThreshold { mixing_ratio: 1e-5, rising: true }
10148594	1057200000		seuil d'oxygène	moteur	103782	0.90	OxygenThreshold { mixing_ratio: 0.0001, rising: true }
10152310	1057400000		seuil d'oxygène	moteur		0.90	OxygenThreshold { mixing_ratio: 0.0001, rising: false }
10155298	1057600000		seuil d'oxygène	moteur		0.90	OxygenThreshold { mixing_ratio: 1e-5, rising: false }
10155299	1057600000		seuil d'oxygène	moteur		0.90	OxygenThreshold { mixing_ratio: 1e-6, rising: false }
10158364	1057800000		seuil d'oxygène	moteur	103782	0.90	OxygenThreshold { mixing_ratio: 1e-6, rising: true }
10158365	1057800000		seuil d'oxygène	moteur	103782	0.90	OxygenThreshold { mixing_ratio: 1e-5, rising: true }
10166355	1058200000		seuil d'oxygène	moteur		0.90	OxygenThreshold { mixing_ratio: 1e-5, rising: false }
10169457	1058400000		seuil d'oxygène	moteur		0.90	OxygenThreshold { mixing_ratio: 1e-6, rising: false }
10172876	1058600000		seuil d'oxygène	moteur	103782	0.90	OxygenThreshold { mixing_ratio: 1e-6, rising: true }
10172877	1058600000		seuil d'oxygène	moteur	103782	0.90	OxygenThreshold { mixing_ratio: 1e-5, rising: true }
10172878	1058600000		seuil d'oxygène	moteur	103782	0.90	OxygenThreshold { mixing_ratio: 0.0001, rising: true }
10180304	1059000000		seuil d'oxygène	moteur		0.90	OxygenThreshold { mixing_ratio: 0.0001, rising: false }
10183355	1059200000		seuil d'oxygène	moteur		0.90	OxygenThreshold { mixing_ratio: 1e-5, rising: false }
10183356	1059200000		seuil d'oxygène	moteur		0.90	OxygenThreshold { mixing_ratio: 1e-6, rising: false }
10186230	1059400000		seuil d'oxygène	moteur	103782	0.90	OxygenThreshold { mixing_ratio: 1e-6, rising: true }
10186231	1059400000		seuil d'oxygène	moteur	103782	0.90	OxygenThreshold { mixing_ratio: 1e-5, rising: true }
10194045	1059800000		seuil d'oxygène	moteur		0.90	OxygenThreshold { mixing_ratio: 1e-5, rising: false }
10196468	1060000000		seuil d'oxygène	moteur		0.90	OxygenThreshold { mixing_ratio: 1e-6, rising: false }
10199711	1060200000		seuil d'oxygène	moteur	103782	0.90	OxygenThreshold { mixing_ratio: 1e-6, rising: true }
10199712	1060200000		seuil d'oxygène	moteur	103782	0.90	OxygenThreshold { mixing_ratio: 1e-5, rising: true }
10199713	1060200000		seuil d'oxygène	moteur	103782	0.90	OxygenThreshold { mixing_ratio: 0.0001, rising: true }
10206664	1060600000		seuil d'oxygène	moteur		0.90	OxygenThreshold { mixing_ratio: 0.0001, rising: false }
10209186	1060800000		seuil d'oxygène	moteur		0.90	OxygenThreshold { mixing_ratio: 1e-5, rising: false }
10209187	1060800000		seuil d'oxygène	moteur		0.90	OxygenThreshold { mixing_ratio: 1e-6, rising: false }
10211672	1061000000		seuil d'oxygène	moteur	103782	0.90	OxygenThreshold { mixing_ratio: 1e-6, rising: true }
10211673	1061000000		seuil d'oxygène	moteur	103782	0.90	OxygenThreshold { mixing_ratio: 1e-5, rising: true }
10218393	1061400000		seuil d'oxygène	moteur		0.90	OxygenThreshold { mixing_ratio: 1e-5, rising: false }
10220864	1061600000		seuil d'oxygène	moteur		0.90	OxygenThreshold { mixing_ratio: 1e-6, rising: false }
10223166	1061800000		seuil d'oxygène	moteur	103782	0.90	OxygenThreshold { mixing_ratio: 1e-6, rising: true }
10223167	1061800000		seuil d'oxygène	moteur	103782	0.90	OxygenThreshold { mixing_ratio: 1e-5, rising: true }
10229973	1062200000		seuil d'oxygène	moteur		0.90	OxygenThreshold { mixing_ratio: 1e-5, rising: false }
10232503	1062400000		seuil d'oxygène	moteur		0.90	OxygenThreshold { mixing_ratio: 1e-6, rising: false }
10234743	1062600000		seuil d'oxygène	moteur	103782	0.90	OxygenThreshold { mixing_ratio: 1e-6, rising: true }
10234744	1062600000		seuil d'oxygène	moteur	103782	0.90	OxygenThreshold { mixing_ratio: 1e-5, rising: true }
10241963	1063000000		seuil d'oxygène	moteur		0.90	OxygenThreshold { mixing_ratio: 1e-5, rising: false }
10244350	1063200000		seuil d'oxygène	moteur		0.90	OxygenThreshold { mixing_ratio: 1e-6, rising: false }
10252058	1063600000		seuil d'oxygène	moteur	103782	0.90	OxygenThreshold { mixing_ratio: 1e-6, rising: true }
10252059	1063600000		seuil d'oxygène	moteur	103782	0.90	OxygenThreshold { mixing_ratio: 1e-5, rising: true }
10257918	1064000000		seuil d'oxygène	moteur		0.90	OxygenThreshold { mixing_ratio: 1e-5, rising: false }
10257919	1064000000		seuil d'oxygène	moteur		0.90	OxygenThreshold { mixing_ratio: 1e-6, rising: false }
10260963	1064200000		seuil d'oxygène	moteur	103782	0.90	OxygenThreshold { mixing_ratio: 1e-6, rising: true }
10260964	1064200000		seuil d'oxygène	moteur	103782	0.90	OxygenThreshold { mixing_ratio: 1e-5, rising: true }
10265388	1064400000		seuil d'oxygène	moteur	103782	0.90	OxygenThreshold { mixing_ratio: 0.0001, rising: true }
10268891	1064600000		seuil d'oxygène	moteur		0.90	OxygenThreshold { mixing_ratio: 0.0001, rising: false }
10271688	1064800000		seuil d'oxygène	moteur		0.90	OxygenThreshold { mixing_ratio: 1e-5, rising: false }
10274287	1065000000		seuil d'oxygène	moteur		0.90	OxygenThreshold { mixing_ratio: 1e-6, rising: false }
10276977	1065200000		seuil d'oxygène	moteur	103782	0.90	OxygenThreshold { mixing_ratio: 1e-6, rising: true }
10276978	1065200000		seuil d'oxygène	moteur	103782	0.90	OxygenThreshold { mixing_ratio: 1e-5, rising: true }
10283533	1065600000		seuil d'oxygène	moteur		0.90	OxygenThreshold { mixing_ratio: 1e-5, rising: false }
10286115	1065800000		seuil d'oxygène	moteur		0.90	OxygenThreshold { mixing_ratio: 1e-6, rising: false }
10288688	1066000000		seuil d'oxygène	moteur	103782	0.90	OxygenThreshold { mixing_ratio: 1e-6, rising: true }
10288689	1066000000		seuil d'oxygène	moteur	103782	0.90	OxygenThreshold { mixing_ratio: 1e-5, rising: true }
10299311	1066600000		seuil d'oxygène	moteur		0.90	OxygenThreshold { mixing_ratio: 1e-5, rising: false }
10302135	1066800000		seuil d'oxygène	moteur		0.90	OxygenThreshold { mixing_ratio: 1e-6, rising: false }
10305770	1067000000		seuil d'oxygène	moteur	103782	0.90	OxygenThreshold { mixing_ratio: 1e-6, rising: true }
10305771	1067000000		seuil d'oxygène	moteur	103782	0.90	OxygenThreshold { mixing_ratio: 1e-5, rising: true }
10309330	1067200000		seuil d'oxygène	moteur	103782	0.90	OxygenThreshold { mixing_ratio: 0.0001, rising: true }
10312146	1067400000		seuil d'oxygène	moteur		0.90	OxygenThreshold { mixing_ratio: 0.0001, rising: false }
10318086	1067800000		seuil d'oxygène	moteur		0.90	OxygenThreshold { mixing_ratio: 1e-5, rising: false }
10323501	1068200000		seuil d'oxygène	moteur		0.90	OxygenThreshold { mixing_ratio: 1e-6, rising: false }
10329153	1068600000		seuil d'oxygène	moteur	103782	0.90	OxygenThreshold { mixing_ratio: 1e-6, rising: true }
10329154	1068600000		seuil d'oxygène	moteur	103782	0.90	OxygenThreshold { mixing_ratio: 1e-5, rising: true }
10339821	1069200000		seuil d'oxygène	moteur		0.90	OxygenThreshold { mixing_ratio: 1e-5, rising: false }
10375592	1071600000		seuil d'oxygène	moteur	103782	0.90	OxygenThreshold { mixing_ratio: 1e-5, rising: true }
10431782	1075800000		seuil d'oxygène	moteur	103782	0.90	OxygenThreshold { mixing_ratio: 0.0001, rising: true }
10965348	1115600000		seuil d'oxygène	moteur		0.90	OxygenThreshold { mixing_ratio: 0.0001, rising: false }
10970810	1116000000		seuil d'oxygène	moteur		0.90	OxygenThreshold { mixing_ratio: 1e-5, rising: false }
10973625	1116200000		seuil d'oxygène	moteur		0.90	OxygenThreshold { mixing_ratio: 1e-6, rising: false }
10976594	1116400000		seuil d'oxygène	moteur	103782	0.90	OxygenThreshold { mixing_ratio: 1e-6, rising: true }
10979766	1116600000		seuil d'oxygène	moteur	103782	0.90	OxygenThreshold { mixing_ratio: 1e-5, rising: true }
10989803	1117200000		seuil d'oxygène	moteur	103782	0.90	OxygenThreshold { mixing_ratio: 0.0001, rising: true }
11038682	1120200000		seuil d'oxygène	moteur	103782	0.90	OxygenThreshold { mixing_ratio: 0.001, rising: true }
11047744	1120800000		seuil d'oxygène	moteur		0.90	OxygenThreshold { mixing_ratio: 0.001, rising: false }
11059298	1121600000		seuil d'oxygène	moteur		0.90	OxygenThreshold { mixing_ratio: 0.0001, rising: false }
11063969	1122000000		seuil d'oxygène	moteur	103782	0.90	OxygenThreshold { mixing_ratio: 0.0001, rising: true }
11231027	1134800000		seuil d'oxygène	moteur		0.90	OxygenThreshold { mixing_ratio: 0.0001, rising: false }
11246286	1136000000		seuil d'oxygène	moteur	103782	0.90	OxygenThreshold { mixing_ratio: 0.0001, rising: true }
11311838	1141400000		seuil d'oxygène	moteur		0.90	OxygenThreshold { mixing_ratio: 0.0001, rising: false }
11314043	1141600000		seuil d'oxygène	moteur		0.90	OxygenThreshold { mixing_ratio: 1e-5, rising: false }
11314044	1141600000		seuil d'oxygène	moteur		0.90	OxygenThreshold { mixing_ratio: 1e-6, rising: false }
11316421	1141800000		seuil d'oxygène	moteur	103782	0.90	OxygenThreshold { mixing_ratio: 1e-6, rising: true }
11316422	1141800000		seuil d'oxygène	moteur	103782	0.90	OxygenThreshold { mixing_ratio: 1e-5, rising: true }
11318820	1142000000		seuil d'oxygène	moteur	103782	0.90	OxygenThreshold { mixing_ratio: 0.0001, rising: true }
11321296	1142200000		seuil d'oxygène	moteur		0.90	OxygenThreshold { mixing_ratio: 0.0001, rising: false }
11321297	1142200000		seuil d'oxygène	moteur		0.90	OxygenThreshold { mixing_ratio: 1e-5, rising: false }
11321298	1142200000		seuil d'oxygène	moteur		0.90	OxygenThreshold { mixing_ratio: 1e-6, rising: false }
11324025	1142400000		seuil d'oxygène	moteur	103782	0.90	OxygenThreshold { mixing_ratio: 1e-6, rising: true }
11324026	1142400000		seuil d'oxygène	moteur	103782	0.90	OxygenThreshold { mixing_ratio: 1e-5, rising: true }
11326891	1142600000		seuil d'oxygène	moteur	103782	0.90	OxygenThreshold { mixing_ratio: 0.0001, rising: true }
11329390	1142800000		seuil d'oxygène	moteur		0.90	OxygenThreshold { mixing_ratio: 0.0001, rising: false }
11336967	1143400000		seuil d'oxygène	moteur	103782	0.90	OxygenThreshold { mixing_ratio: 0.0001, rising: true }
11543589	1159600000		seuil d'oxygène	moteur		0.90	OxygenThreshold { mixing_ratio: 0.0001, rising: false }
11548633	1160000000		seuil d'oxygène	moteur	103782	0.90	OxygenThreshold { mixing_ratio: 0.0001, rising: true }
11633488	1166600000		seuil d'oxygène	moteur		0.90	OxygenThreshold { mixing_ratio: 0.0001, rising: false }
11639979	1167200000		seuil d'oxygène	moteur	103782	0.90	OxygenThreshold { mixing_ratio: 0.0001, rising: true }
11706883	1172600000		seuil d'oxygène	moteur	103782	0.90	OxygenThreshold { mixing_ratio: 0.001, rising: true }
11728105	1174200000		seuil d'oxygène	moteur		0.90	OxygenThreshold { mixing_ratio: 0.001, rising: false }
11883085	1185600000		seuil d'oxygène	moteur		0.90	OxygenThreshold { mixing_ratio: 0.0001, rising: false }
11885070	1185800000		seuil d'oxygène	moteur		0.90	OxygenThreshold { mixing_ratio: 1e-5, rising: false }
11887205	1186000000		seuil d'oxygène	moteur	103782	0.90	OxygenThreshold { mixing_ratio: 1e-5, rising: true }
11887206	1186000000		seuil d'oxygène	moteur	103782	0.90	OxygenThreshold { mixing_ratio: 0.0001, rising: true }
11982866	1192800000		seuil d'oxygène	moteur	103782	0.90	OxygenThreshold { mixing_ratio: 0.001, rising: true }
12090136	1200800000		réorganisation des plaques	moteur		0.30	PlateReorganisation { plates: 14 }
12303065	1215800000		seuil d'oxygène	moteur	103782	0.90	OxygenThreshold { mixing_ratio: 0.01, rising: true }
