annees	O2_fraction	CO2_Pa	CH4_ppb	pression_Pa	temperature_K	glace	ocean	biomasse_molC	lignees	guildes	etape_photosynthese	O2_production	O2_liberation	O2_puits	enfouissement_C	accelerateur
0	0.0000e0	9.9980e3	0.0000e0	9.0001e4	284.66	0.043	0.730	-0.0000e0	0	0	0	0.000e0	0.000e0	0.000e0	0.000e0	0
1000000	0.0000e0	1.2636e4	9.8830e1	9.3661e4	286.13	0.044	0.727	1.2747e6	59	11	3	0.000e0	0.000e0	0.000e0	1.331e6	0
2000000	0.0000e0	1.0367e4	9.7619e2	9.0517e4	285.37	0.044	0.728	5.3832e6	216	34	3	0.000e0	0.000e0	0.000e0	4.699e6	0
3000000	0.0000e0	8.6090e3	1.6212e5	8.8045e4	287.51	0.043	0.726	6.4237e8	429	57	3	0.000e0	0.000e0	0.000e0	6.581e8	0
4000000	0.0000e0	7.4301e3	4.0197e5	8.6373e4	288.39	0.042	0.723	9.9792e8	343	57	3	0.000e0	0.000e0	0.000e0	3.742e9	0
5000000	0.0000e0	7.2205e3	1.8525e5	8.6061e4	287.75	0.042	0.721	4.5043e8	290	66	3	0.000e0	0.000e0	0.000e0	1.643e9	0
6000000	0.0000e0	7.0360e3	4.9573e4	8.5788e4	286.23	0.043	0.720	2.0580e8	452	75	3	0.000e0	0.000e0	0.000e0	4.315e8	0
7000000	0.0000e0	7.4094e3	3.2076e4	8.6325e4	286.04	0.043	0.716	2.2053e8	532	76	3	0.000e0	0.000e0	0.000e0	1.001e9	0
8000000	0.0000e0	7.8873e3	4.4366e4	8.7010e4	285.81	0.043	0.715	4.3012e10	505	81	3	0.000e0	0.000e0	0.000e0	1.331e10	0
9000000	0.0000e0	8.4561e3	1.5311e6	8.7900e4	290.11	0.039	0.714	2.5462e12	548	93	3	0.000e0	0.000e0	0.000e0	1.069e12	0
10000000	0.0000e0	4.7683e3	7.8311e6	8.2863e4	288.98	0.039	0.713	2.0400e13	583	102	3	0.000e0	0.000e0	0.000e0	4.817e12	0
11000000	0.0000e0	2.5117e3	2.2346e7	8.0153e4	286.42	0.042	0.710	4.0379e13	563	108	3	0.000e0	0.000e0	0.000e0	5.876e12	0
12000000	0.0000e0	1.4175e3	2.1061e7	7.8391e4	283.13	0.050	0.708	5.6274e13	837	122	3	0.000e0	0.000e0	0.000e0	9.265e12	0
13000000	0.0000e0	6.3639e2	2.7604e7	7.7462e4	274.24	0.181	0.702	5.3557e13	933	134	3	0.000e0	0.000e0	0.000e0	1.475e13	0
14000000	0.0000e0	2.5698e3	2.1116e7	8.0184e4	264.21	0.612	0.700	3.9417e13	937	129	3	0.000e0	0.000e0	0.000e0	1.028e13	0
15000000	0.0000e0	5.4339e3	2.3051e7	8.4626e4	266.71	0.613	0.695	4.3695e13	842	122	3	0.000e0	0.000e0	0.000e0	8.495e12	0
16000000	0.0000e0	9.9137e3	1.7517e7	9.0855e4	270.07	0.609	0.692	3.9640e13	672	118	3	0.000e0	0.000e0	0.000e0	6.543e12	0
17000000	0.0000e0	1.7200e4	9.2186e6	1.0042e5	281.15	0.377	0.690	3.0058e13	944	117	3	0.000e0	0.000e0	0.000e0	1.941e12	0
18000000	0.0000e0	1.0811e4	6.0555e6	9.1473e4	292.32	0.058	0.684	2.7997e13	836	99	3	0.000e0	0.000e0	0.000e0	2.409e12	0
19000000	0.0000e0	4.4038e3	1.8094e7	8.2828e4	288.79	0.058	0.682	4.5191e13	787	93	4	2.917e0	0.000e0	5.091e-9	7.525e12	0
20000000	0.0000e0	7.7883e2	3.2781e7	7.7930e4	280.49	0.066	0.678	5.1771e13	816	97	4	1.090e0	0.000e0	3.097e-8	1.459e13	0
21000000	0.0000e0	3.6085e2	2.8425e7	7.7060e4	271.42	0.238	0.677	4.2594e13	907	97	3	0.000e0	0.000e0	2.373e-8	1.434e13	0
22000000	0.0000e0	4.4105e3	5.2076e6	8.2201e4	278.32	0.285	0.674	2.2039e13	1002	94	3	0.000e0	0.000e0	1.572e-8	2.606e12	0
23000000	0.0000e0	1.0411e4	7.4602e5	9.0617e4	283.04	0.253	0.668	1.1308e13	1241	98	3	0.000e0	0.000e0	3.689e-8	1.255e11	0
24000000	0.0000e0	1.1491e4	5.0220e6	9.2365e4	288.16	0.146	0.665	1.8323e13	1345	98	3	0.000e0	0.000e0	2.441e-8	1.921e12	0
25000000	0.0000e0	9.7402e3	1.2341e7	9.0317e4	289.72	0.120	0.661	2.2926e13	1448	105	3	0.000e0	0.000e0	1.615e-8	2.591e12	0
26000000	0.0000e0	7.8342e3	1.4199e7	8.7686e4	288.43	0.117	0.656	2.0035e13	1536	102	3	0.000e0	0.000e0	1.069e-8	2.024e12	0
27000000	0.0000e0	7.3820e3	8.8378e6	8.6746e4	287.95	0.116	0.653	1.4273e13	1561	101	3	0.000e0	0.000e0	7.085e-9	1.047e12	0
28000000	0.0000e0	7.9709e3	2.8207e6	8.7276e4	287.66	0.115	0.649	8.5802e12	1585	103	3	0.000e0	0.000e0	4.694e-9	3.615e11	0
29000000	0.0000e0	8.9628e3	5.1911e5	8.8566e4	287.00	0.114	0.649	4.3971e12	1551	106	3	2.599e1	0.000e0	8.098e-8	7.630e10	0
30000000	0.0000e0	8.8734e3	7.2963e4	8.8415e4	284.76	0.118	0.646	2.1840e12	1541	106	3	0.000e0	9.427e11	9.427e11	2.414e10	0
31000000	0.0000e0	9.9523e3	8.8264e4	8.9938e4	285.64	0.118	0.644	1.1476e12	1503	109	4	3.440e2	1.016e12	1.016e12	2.877e10	0
32000000	0.0000e0	9.7343e3	4.3211e4	8.9629e4	284.53	0.117	0.643	6.2085e11	1598	114	4	1.039e3	8.892e11	8.892e11	1.108e10	0
33000000	0.0000e0	1.1935e4	7.3350e4	9.2698e4	286.59	0.117	0.642	3.4424e11	1600	109	4	3.589e3	2.627e11	2.627e11	9.677e9	0
34000000	0.0000e0	1.1458e4	4.6329e4	9.2036e4	286.13	0.116	0.637	1.8092e11	1080	102	4	6.439e3	0.000e0	2.560e-3	3.251e9	0
35000000	0.0000e0	1.0689e4	3.1777e4	9.0967e4	284.70	0.116	0.639	1.3819e11	1092	96	4	2.053e3	0.000e0	0.000e0	1.159e10	0
36000000	0.0000e0	1.0483e4	1.5763e5	9.0686e4	286.34	0.114	0.638	4.9931e11	915	90	4	1.137e2	0.000e0	0.000e0	7.984e10	0
37000000	0.0000e0	9.9995e3	5.0918e5	9.0028e4	287.25	0.112	0.638	9.1436e11	1043	89	4	1.663e2	0.000e0	0.000e0	1.878e11	0
38000000	0.0000e0	1.0101e4	5.0080e5	9.0169e4	287.62	0.109	0.639	6.6673e11	913	83	4	1.586e1	0.000e0	0.000e0	1.094e11	0
39000000	0.0000e0	1.0346e4	2.3837e5	9.0498e4	287.39	0.105	0.640	4.2774e11	950	78	4	7.599e0	0.000e0	0.000e0	4.183e10	0
40000000	0.0000e0	9.8630e3	1.6580e5	8.9817e4	286.46	0.107	0.636	3.5580e11	1127	82	4	1.198e2	0.000e0	0.000e0	5.952e10	0
41000000	0.0000e0	9.5877e3	3.1785e5	8.9438e4	287.18	0.107	0.633	3.7297e11	950	80	4	1.275e2	0.000e0	0.000e0	7.476e10	0
42000000	0.0000e0	8.5610e3	2.9784e5	8.7984e4	286.45	0.106	0.630	4.0848e11	998	83	4	4.212e2	0.000e0	0.000e0	6.829e10	0
43000000	0.0000e0	8.1249e3	2.6818e5	8.7362e4	285.92	0.108	0.629	3.9264e11	1219	88	4	9.282e2	0.000e0	0.000e0	6.338e10	0
44000000	0.0000e0	8.2324e3	1.5126e5	8.7509e4	285.84	0.109	0.627	3.0690e11	990	83	4	1.834e2	0.000e0	0.000e0	3.600e10	0
45000000	0.0000e0	8.7896e3	9.7798e4	8.8298e4	285.62	0.109	0.626	2.1433e11	964	82	4	5.892e2	0.000e0	0.000e0	1.250e10	0
46000000	0.0000e0	8.8699e3	5.3417e4	8.8410e4	284.79	0.109	0.626	1.4305e11	1045	84	4	1.508e3	0.000e0	0.000e0	8.013e9	0
47000000	0.0000e0	9.8309e3	5.1883e4	8.9765e4	285.81	0.108	0.624	8.7834e10	1008	84	4	5.091e3	0.000e0	0.000e0	6.620e9	0
48000000	0.0000e0	9.5439e3	6.3812e4	8.9362e4	285.36	0.109	0.621	6.1203e10	885	79	4	4.917e4	0.000e0	0.000e0	7.155e9	0
49000000	0.0000e0	9.9387e3	5.4186e4	8.9917e4	285.54	0.110	0.619	9.8252e10	1054	82	4	4.273e5	0.000e0	2.560e-3	1.328e10	0
50000000	0.0000e0	9.4290e3	8.1517e4	8.9202e4	285.79	0.111	0.616	1.7100e11	1119	85	4	4.000e7	0.000e0	1.152e-1	3.825e10	0
51000000	0.0000e0	9.7255e3	6.7089e4	8.9618e4	286.16	0.110	0.613	1.2058e11	824	76	4	2.464e7	0.000e0	8.141e-1	1.483e10	0
52000000	0.0000e0	9.5681e3	5.8929e4	8.9396e4	285.54	0.110	0.614	6.5173e10	1185	82	4	9.167e7	0.000e0	8.883e-1	4.738e9	0
53000000	0.0000e0	8.9164e3	2.8012e4	8.8475e4	284.54	0.111	0.611	5.1174e10	1670	94	4	1.666e8	0.000e0	1.613e0	6.444e9	0
54000000	0.0000e0	8.8237e3	8.2060e4	8.8345e4	285.71	0.112	0.607	7.1285e10	1025	84	4	2.639e8	0.000e0	1.296e2	1.790e10	0
55000000	0.0000e0	8.3309e3	1.2685e5	8.7648e4	285.31	0.112	0.609	1.7557e11	1303	86	4	1.394e10	0.000e0	4.758e1	5.993e10	0
56000000	0.0000e0	8.3849e3	2.3764e5	8.7731e4	285.85	0.112	0.603	3.5396e11	1488	86	4	2.255e12	0.000e0	6.825e3	8.948e10	0
57000000	4.4616e-6	8.1671e3	1.0364e5	8.7413e4	286.18	0.112	0.600	2.2316e12	920	85	4	1.891e14	2.214e13	2.213e13	1.362e12	0
58000000	0.0000e0	7.9474e3	0.0000e0	8.7094e4	282.41	0.116	0.600	9.6170e12	906	84	4	7.745e14	1.921e10	1.925e12	1.084e9	0
59000000	1.0119e-3	6.8319e3	3.6723e4	8.5586e4	282.89	0.125	0.601	2.0861e13	1119	102	4	1.282e15	1.841e14	1.848e14	6.881e12	0
60000000	7.1826e-4	5.5063e3	2.4678e4	8.3629e4	282.11	0.128	0.599	3.5309e13	967	109	4	1.215e15	9.741e13	9.715e13	4.464e12	0
61000000	1.0838e-3	5.4088e3	3.7512e4	8.3520e4	281.25	0.130	0.597	4.6532e13	827	104	4	1.332e15	1.774e14	1.782e14	6.034e12	0
62000000	1.3976e-3	5.6400e3	2.8860e4	8.3888e4	281.64	0.130	0.598	4.9937e13	708	90	4	1.512e15	1.880e14	1.878e14	6.660e12	0
63000000	1.6831e-3	5.7107e3	2.4966e4	8.4017e4	281.68	0.131	0.595	5.3264e13	530	91	4	1.684e15	2.013e14	2.012e14	6.726e12	0
64000000	1.1514e-3	5.4916e3	4.1195e4	8.3648e4	281.43	0.132	0.595	5.8063e13	467	91	4	1.793e15	2.101e14	2.106e14	7.234e12	0
65000000	1.8203e-3	5.3967e3	2.4403e4	8.3569e4	281.38	0.134	0.592	6.1577e13	415	88	4	1.742e15	2.142e14	2.141e14	7.064e12	0
66000000	2.6752e-3	5.3001e3	1.8847e4	8.3505e4	280.85	0.135	0.593	6.6441e13	474	92	4	1.700e15	2.553e14	2.555e14	7.438e12	0
67000000	2.7408e-3	5.0008e3	1.8620e4	8.3070e4	280.59	0.137	0.591	7.0281e13	494	88	4	1.720e15	2.653e14	2.657e14	7.621e12	0
68000000	3.3973e-3	4.2244e3	1.5325e4	8.1979e4	279.31	0.142	0.588	7.4862e13	492	92	4	1.634e15	2.773e14	2.778e14	7.594e12	0
69000000	4.3132e-3	4.3118e3	1.0425e4	8.2192e4	279.28	0.144	0.583	7.6241e13	539	97	4	1.586e15	2.664e14	2.665e14	7.083e12	0
70000000	1.8743e-3	4.5200e3	3.4354e4	8.2281e4	278.41	0.154	0.585	7.8379e13	554	103	4	1.571e15	2.840e14	2.877e14	7.844e12	0
71000000	3.8897e-3	5.5374e3	1.3902e4	8.3965e4	279.64	0.154	0.586	8.1273e13	498	100	4	1.585e15	3.007e14	3.011e14	8.061e12	0
72000000	3.1735e-3	6.3321e3	1.6221e4	8.5061e4	280.32	0.156	0.585	8.0559e13	492	106	4	1.464e15	2.712e14	2.727e14	7.327e12	0
73000000	2.8377e-3	5.9747e3	1.9054e4	8.4509e4	280.09	0.156	0.586	7.7984e13	528	113	4	1.443e15	2.769e14	2.791e14	7.503e12	0
74000000	3.0351e-3	5.4126e3	1.7829e4	8.3704e4	279.76	0.156	0.587	7.5101e13	460	106	4	1.375e15	2.777e14	2.792e14	7.560e12	0
75000000	3.3121e-3	5.6320e3	1.4582e4	8.4051e4	279.95	0.156	0.584	7.2488e13	489	111	4	1.370e15	2.559e14	2.569e14	6.975e12	0
76000000	1.4354e-3	6.1487e3	4.0299e4	8.4634e4	279.86	0.156	0.585	7.0543e13	451	103	4	1.418e15	2.548e14	2.576e14	7.556e12	0
77000000	4.0677e-3	6.5380e3	1.0442e4	8.5443e4	280.80	0.155	0.586	7.4659e13	429	100	4	1.564e15	2.550e14	2.552e14	6.849e12	0
78000000	6.4140e-3	5.0720e3	7.0243e3	8.3512e4	279.68	0.156	0.584	8.3962e13	462	113	4	1.873e15	3.017e14	3.037e14	7.328e12	0
79000000	9.0713e-3	4.2659e3	4.8786e3	8.2558e4	278.59	0.158	0.582	9.3130e13	440	114	4	2.075e15	3.284e14	3.309e14	7.647e12	0
80000000	6.4859e-3	4.8721e3	8.0875e3	8.3222e4	278.36	0.161	0.580	9.8837e13	464	120	4	1.986e15	3.321e14	3.355e14	7.960e12	0
81000000	3.2843e-3	6.1184e3	1.9402e4	8.4760e4	279.76	0.162	0.577	9.8938e13	471	118	4	1.935e15	3.216e14	3.275e14	8.113e12	0
82000000	7.5134e-3	6.5669e3	6.1139e3	8.5806e4	280.29	0.161	0.577	1.0035e14	484	122	4	2.014e15	3.268e14	3.280e14	7.820e12	0
83000000	1.0539e-2	5.9299e3	3.7344e3	8.5158e4	279.62	0.162	0.579	1.0336e14	544	128	4	1.981e15	3.242e14	3.263e14	7.449e12	0
84000000	4.3701e-3	5.0863e3	1.3763e4	8.3345e4	278.50	0.162	0.579	1.0429e14	565	134	4	1.967e15	3.280e14	3.350e14	8.004e12	0
85000000	5.5668e-3	5.6291e3	9.0367e3	8.4254e4	279.66	0.160	0.578	1.0193e14	522	125	4	1.973e15	3.094e14	3.119e14	7.604e12	0
86000000	2.5156e-3	6.0972e3	2.6524e4	8.4658e4	279.16	0.160	0.575	1.0186e14	560	125	4	1.998e15	3.147e14	3.197e14	8.226e12	0
87000000	4.4536e-3	7.0569e3	1.1822e4	8.6231e4	280.40	0.155	0.573	1.0138e14	570	123	4	2.026e15	3.059e14	3.080e14	7.752e12	0
88000000	4.2883e-3	5.7805e3	1.2939e4	8.4358e4	280.37	0.155	0.577	1.0447e14	602	121	4	2.111e15	3.151e14	3.185e14	7.907e12	0
89000000	6.1219e-3	5.0940e3	8.1372e3	8.3517e4	279.66	0.156	0.579	1.0623e14	610	128	4	2.134e15	3.147e14	3.165e14	7.669e12	0
90000000	4.0167e-4	5.3201e3	1.6258e5	8.3334e4	279.55	0.158	0.580	1.0840e14	630	128	4	2.126e15	3.070e14	3.140e14	9.477e12	0
91000000	5.3615e-3	7.0343e3	9.5481e3	8.6283e4	281.19	0.155	0.580	1.0681e14	614	124	4	2.352e15	3.075e14	3.073e14	7.818e12	0
92000000	4.1988e-3	7.5094e3	1.3814e4	8.6860e4	281.34	0.156	0.577	1.1847e14	672	130	4	2.504e15	3.200e14	3.254e14	7.898e12	0
93000000	1.0087e-2	6.9513e3	2.1259e3	8.6607e4	281.38	0.153	0.574	1.2240e14	641	129	4	2.548e15	3.101e14	3.093e14	7.256e12	0
94000000	1.4978e-2	5.6831e3	2.5072e3	8.5211e4	279.59	0.155	0.574	1.2734e14	688	141	4	2.485e15	3.443e14	3.455e14	7.653e12	0
95000000	9.8333e-3	4.7475e3	5.0064e3	8.3345e4	278.81	0.158	0.578	1.2924e14	702	138	4	2.526e15	3.501e14	3.611e14	7.988e12	0
96000000	2.6325e-3	5.2870e3	2.9800e4	8.3483e4	279.50	0.159	0.580	1.2853e14	660	133	4	2.606e15	3.659e14	3.723e14	9.330e12	0
97000000	4.9845e-3	6.6375e3	1.1601e4	8.5673e4	281.00	0.154	0.581	1.2647e14	657	118	4	2.663e15	3.454e14	3.477e14	8.589e12	0
98000000	4.4573e-3	5.8021e3	1.4335e4	8.4406e4	280.34	0.156	0.579	1.2955e14	651	136	4	2.624e15	3.544e14	3.589e14	8.739e12	0
99000000	1.1470e-2	5.8011e3	1.3898e3	8.5056e4	280.43	0.155	0.577	1.3089e14	713	131	4	2.643e15	2.628e14	2.618e14	5.993e12	0
100000000	1.4232e-2	5.0065e3	3.1282e3	8.4139e4	278.94	0.157	0.577	1.3376e14	724	130	4	2.590e15	3.716e14	3.806e14	8.292e12	0
101000000	1.1413e-2	5.6896e3	4.1508e3	8.4886e4	280.28	0.157	0.578	1.3494e14	775	134	4	2.654e15	3.794e14	3.832e14	8.588e12	0
102000000	1.0339e-2	5.3386e3	5.1488e3	8.4268e4	279.14	0.159	0.575	1.3658e14	903	137	4	2.647e15	3.918e14	3.952e14	8.940e12	0
103000000	8.3605e-3	6.4033e3	6.8437e3	8.5647e4	280.52	0.158	0.577	1.3716e14	1005	147	4	2.675e15	3.899e14	3.954e14	9.004e12	0
104000000	1.2547e-2	6.6630e3	3.7172e3	8.6420e4	280.93	0.159	0.577	1.3642e14	1018	153	4	2.738e15	3.927e14	3.929e14	8.869e12	0
105000000	1.3245e-2	6.1353e3	3.6777e3	8.5714e4	279.96	0.161	0.577	1.3948e14	1121	151	4	2.714e15	3.980e14	4.068e14	8.903e12	0
106000000	1.3494e-2	6.3909e3	3.4002e3	8.6112e4	280.65	0.161	0.573	1.3914e14	1133	160	4	2.754e15	4.005e14	4.017e14	8.978e12	0
107000000	1.8358e-2	5.5650e3	2.2530e3	8.5356e4	279.66	0.162	0.572	1.4102e14	1268	159	4	2.710e15	3.996e14	4.048e14	8.763e12	0
108000000	1.9446e-2	5.2624e3	2.1109e3	8.5009e4	279.35	0.163	0.570	1.4127e14	1378	165	4	2.709e15	4.028e14	4.083e14	8.806e12	0
109000000	1.7981e-2	5.2382e3	2.4438e3	8.4835e4	279.17	0.164	0.569	1.4142e14	1478	161	4	2.708e15	4.073e14	4.144e14	8.949e12	0
110000000	1.2836e-2	5.7047e3	3.7683e3	8.5042e4	279.75	0.163	0.569	1.4095e14	1510	168	4	2.706e15	3.898e14	3.978e14	8.731e12	0
111000000	9.2309e-3	6.0478e3	6.0741e3	8.5209e4	279.59	0.162	0.565	1.4038e14	1508	167	4	2.728e15	4.011e14	4.050e14	9.230e12	0
112000000	5.3292e-3	6.5206e3	1.2643e4	8.5535e4	279.84	0.165	0.567	1.4059e14	1597	169	4	2.735e15	3.941e14	3.996e14	9.469e12	0
113000000	1.2724e-2	6.9255e3	2.9476e3	8.6820e4	281.26	0.159	0.565	1.3869e14	1661	165	4	2.844e15	3.926e14	3.914e14	8.919e12	0
114000000	1.2683e-2	6.7292e3	3.9277e3	8.6530e4	280.26	0.161	0.567	1.4271e14	1721	165	4	2.786e15	4.098e14	4.159e14	9.187e12	0
115000000	5.0430e-3	6.6144e3	1.3458e4	8.5645e4	280.85	0.161	0.569	1.4300e14	1742	168	4	2.791e15	3.947e14	4.038e14	9.391e12	0
116000000	9.2474e-3	5.9538e3	5.3920e3	8.5072e4	280.66	0.161	0.570	1.3964e14	1683	172	4	2.862e15	3.794e14	3.804e14	8.838e12	0
117000000	9.9341e-3	5.2410e3	5.3894e3	8.4086e4	279.16	0.162	0.569	1.4258e14	1747	180	4	2.766e15	4.004e14	4.036e14	9.185e12	0
118000000	1.2855e-2	5.1248e3	3.8415e3	8.4186e4	279.43	0.164	0.570	1.4335e14	1766	175	4	2.791e15	4.119e14	4.164e14	9.249e12	0
119000000	1.0728e-2	5.8370e3	4.9804e3	8.5039e4	279.52	0.165	0.572	1.4373e14	1920	176	4	2.775e15	4.141e14	4.179e14	9.428e12	0
120000000	9.6218e-3	6.2246e3	5.8325e3	8.5504e4	280.24	0.164	0.574	1.4338e14	2033	176	4	2.792e15	4.131e14	4.194e14	9.452e12	0
121000000	5.7293e-3	7.0327e3	1.1732e4	8.6316e4	280.90	0.165	0.576	1.4221e14	2049	178	4	2.820e15	4.066e14	4.129e14	9.683e12	0
122000000	5.4816e-3	7.6814e3	1.1509e4	8.7228e4	281.72	0.160	0.573	1.3927e14	2094	180	4	2.863e15	3.886e14	3.930e14	9.402e12	0
123000000	7.6291e-3	7.0344e3	7.2469e3	8.6496e4	281.39	0.160	0.574	1.4003e14	2097	175	4	2.844e15	3.888e14	3.916e14	9.180e12	0
124000000	3.8486e-3	6.1854e3	1.8813e4	8.4910e4	280.64	0.161	0.572	1.4117e14	2115	183	4	2.796e15	3.866e14	3.952e14	9.415e12	0
125000000	7.4301e-3	5.6494e3	7.3075e3	8.4456e4	280.34	0.164	0.571	1.3811e14	2144	182	4	2.809e15	3.737e14	3.758e14	8.874e12	0
126000000	1.0180e-2	5.2318e3	5.0075e3	8.4096e4	279.47	0.165	0.569	1.3943e14	2202	176	4	2.748e15	3.814e14	3.852e14	8.727e12	0
127000000	1.2194e-2	5.9693e3	3.9353e3	8.5371e4	280.10	0.166	0.568	1.4017e14	2350	183	4	2.734e15	3.940e14	3.988e14	8.879e12	0
128000000	1.2639e-2	6.2878e3	3.6189e3	8.5880e4	279.98	0.166	0.567	1.4034e14	2410	182	4	2.723e15	3.973e14	3.988e14	8.969e12	0
129000000	1.2214e-2	5.9771e3	3.9438e3	8.5384e4	279.60	0.168	0.566	1.4024e14	2606	199	4	2.702e15	3.995e14	4.033e14	9.013e12	0
130000000	4.0249e-4	6.3592e3	1.9753e5	8.4853e4	279.87	0.170	0.567	1.3937e14	2751	187	4	2.697e15	3.899e14	4.008e14	1.115e13	0
131000000	6.3949e-3	6.7064e3	8.0607e3	8.5904e4	281.36	0.155	0.568	1.3052e14	2720	189	4	2.850e15	3.608e14	3.621e14	8.860e12	0
132000000	9.7092e-3	5.5442e3	4.7266e3	8.4513e4	280.44	0.156	0.565	1.3584e14	2743	189	4	2.757e15	3.676e14	3.706e14	8.513e12	0
133000000	1.6643e-2	4.8756e3	2.2163e3	8.4169e4	279.69	0.156	0.564	1.3809e14	2676	190	4	2.720e15	3.684e14	3.700e14	8.150e12	0
134000000	2.9695e-3	5.1334e3	2.8045e4	8.3287e4	279.52	0.158	0.562	1.3890e14	2766	201	4	2.703e15	3.944e14	4.091e14	9.554e12	0
135000000	5.3639e-3	6.4733e3	1.0581e4	8.5469e4	280.88	0.157	0.557	1.3396e14	2756	197	4	2.866e15	3.635e14	3.655e14	9.066e12	0
136000000	1.0474e-2	6.1041e3	4.2184e3	8.5407e4	280.21	0.157	0.557	1.3906e14	2905	204	4	2.843e15	3.778e14	3.777e14	8.780e12	0
137000000	7.9350e-3	6.0220e3	7.2777e3	8.5050e4	280.27	0.158	0.559	1.4577e14	2877	197	4	2.962e15	4.076e14	4.144e14	9.471e12	0
138000000	4.6688e-3	5.5440e3	1.5101e4	8.4047e4	280.53	0.157	0.558	1.4760e14	2688	197	4	3.053e15	4.084e14	4.145e14	9.948e12	0
139000000	1.8314e-3	5.3930e3	5.1586e4	8.3566e4	280.23	0.157	0.561	1.5091e14	2641	208	4	3.106e15	4.183e14	4.256e14	1.099e13	0
140000000	8.4473e-3	6.3660e3	6.0158e3	8.5601e4	280.45	0.157	0.564	1.5130e14	2899	202	4	3.095e15	4.082e14	4.083e14	9.768e12	0
141000000	1.4347e-2	5.8339e3	3.1354e3	8.5374e4	280.69	0.157	0.562	1.5599e14	2788	205	4	3.124e15	4.366e14	4.368e14	9.794e12	0
142000000	1.1422e-2	5.3055e3	4.8505e3	8.4320e4	279.54	0.158	0.559	1.5714e14	2853	219	4	3.075e15	4.394e14	4.475e14	9.920e12	0
143000000	1.2269e-2	5.2033e3	3.9485e3	8.4248e4	280.34	0.159	0.556	1.5698e14	2940	210	4	3.137e15	4.210e14	4.233e14	9.521e12	0
144000000	1.4190e-2	4.6387e3	3.4730e3	8.3587e4	279.04	0.161	0.555	1.5839e14	2838	201	4	3.081e15	4.391e14	4.419e14	9.804e12	0
145000000	8.8105e-3	5.1430e3	7.5164e3	8.3838e4	279.36	0.161	0.554	1.5925e14	2923	208	4	3.133e15	4.618e14	4.699e14	1.059e13	0
146000000	8.9798e-3	6.3141e3	6.4879e3	8.5575e4	280.95	0.161	0.550	1.5777e14	2896	205	4	3.185e15	4.422e14	4.461e14	1.025e13	0
147000000	8.7223e-3	6.1433e3	6.8788e3	8.5301e4	280.75	0.162	0.549	1.5905e14	2870	206	4	3.192e15	4.363e14	4.422e14	1.007e13	0
148000000	1.0171e-2	5.6695e3	5.2354e3	8.4741e4	280.72	0.162	0.551	1.5920e14	2888	198	4	3.206e15	4.244e14	4.278e14	9.727e12	0
149000000	9.1228e-3	4.8971e3	6.7001e3	8.3502e4	279.15	0.162	0.551	1.6074e14	2840	203	4	3.138e15	4.341e14	4.405e14	9.963e12	0
150000000	1.4649e-2	5.2976e3	3.1969e3	8.4610e4	280.31	0.163	0.551	1.6175e14	2927	211	4	3.248e15	4.526e14	4.531e14	1.013e13	0
151000000	1.6050e-2	4.4600e3	2.7779e3	8.3493e4	279.27	0.163	0.551	1.6346e14	3144	215	4	3.206e15	4.375e14	4.421e14	9.680e12	0
152000000	1.1110e-2	3.0652e3	4.2834e3	8.0936e4	277.39	0.179	0.553	1.6165e14	3096	211	4	3.059e15	3.823e14	3.880e14	8.668e12	0
153000000	8.9449e-3	2.6043e3	5.9934e3	8.0039e4	276.44	0.190	0.551	1.5714e14	2956	212	4	3.042e15	3.833e14	3.863e14	8.892e12	0
154000000	1.1536e-2	2.5450e3	4.3814e3	8.0182e4	276.15	0.191	0.550	1.5633e14	3109	219	4	3.025e15	4.114e14	4.140e14	9.336e12	0
155000000	5.2822e-3	2.6016e3	1.4189e4	7.9707e4	275.65	0.200	0.547	1.5572e14	3027	219	4	3.022e15	4.208e14	4.292e14	9.984e12	0
156000000	4.1105e-3	3.3388e3	2.0404e4	8.0718e4	277.14	0.200	0.547	1.5342e14	2959	210	4	3.080e15	4.427e14	4.494e14	1.086e13	0
157000000	6.4464e-3	4.8680e3	9.9347e3	8.3213e4	278.00	0.198	0.545	1.5088e14	3103	210	4	3.019e15	4.200e14	4.235e14	1.011e13	0
158000000	7.2115e-3	5.7921e3	8.2540e3	8.4646e4	279.37	0.197	0.543	1.4957e14	3035	222	4	3.056e15	4.143e14	4.175e14	9.844e12	0
159000000	1.0563e-2	5.2900e3	5.0118e3	8.4217e4	279.33	0.196	0.543	1.5116e14	3122	217	4	3.067e15	4.246e14	4.271e14	9.742e12	0
160000000	1.6076e-2	5.6037e3	2.7247e3	8.5197e4	279.70	0.194	0.542	1.5300e14	3132	215	4	3.023e15	4.347e14	4.341e14	9.650e12	0
161000000	3.1041e-4	5.4123e3	2.6408e5	8.3466e4	278.89	0.195	0.543	1.5231e14	3152	227	4	2.981e15	4.268e14	4.450e14	1.139e13	0
162000000	2.8858e-3	6.3667e3	2.5277e4	8.5085e4	280.38	0.191	0.540	1.3671e14	2963	216	4	3.019e15	3.762e14	3.807e14	9.843e12	0
163000000	6.4369e-3	5.7789e3	8.3284e3	8.4554e4	280.11	0.190	0.541	1.4095e14	3001	203	4	3.014e15	3.871e14	3.891e14	9.501e12	0
164000000	5.5001e-3	5.5788e3	1.1136e4	8.4174e4	279.77	0.192	0.541	1.4554e14	2991	215	4	2.967e15	3.864e14	3.928e14	9.323e12	0
165000000	6.4934e-3	5.2877e3	9.2532e3	8.3837e4	279.72	0.192	0.540	1.4456e14	2850	220	4	2.937e15	3.998e14	4.034e14	9.585e12	0
166000000	1.9697e-3	5.1689e3	4.5862e4	8.3249e4	279.41	0.192	0.539	1.4424e14	2937	210	4	2.885e15	4.046e14	4.123e14	1.051e13	0
167000000	3.5146e-3	6.4734e3	1.7967e4	8.5298e4	280.34	0.190	0.539	1.3773e14	2785	206	4	2.881e15	3.646e14	3.667e14	9.751e12	0
168000000	7.0167e-3	5.9545e3	7.3113e3	8.4866e4	279.78	0.190	0.538	1.3894e14	2857	217	4	2.755e15	3.629e14	3.631e14	8.849e12	0
169000000	5.1319e-3	5.2810e3	1.3352e4	8.3702e4	279.41	0.191	0.539	1.4095e14	2722	208	4	2.797e15	3.912e14	3.998e14	9.324e12	0
170000000	2.0694e-3	5.6874e3	3.8234e4	8.4019e4	279.50	0.193	0.540	1.3781e14	2753	209	4	2.752e15	3.699e14	3.761e14	9.739e12	0
171000000	3.5400e-3	5.9224e3	1.8661e4	8.4497e4	280.04	0.192	0.540	1.3390e14	2736	208	4	2.787e15	3.575e14	3.599e14	9.416e12	0
172000000	3.9107e-3	6.2493e3	1.6702e4	8.5009e4	279.83	0.192	0.539	1.3553e14	2857	215	4	2.680e15	3.654e14	3.686e14	9.330e12	0
173000000	2.6039e-3	5.8553e3	2.8426e4	8.4313e4	280.28	0.193	0.539	1.3405e14	2715	212	4	2.701e15	3.652e14	3.696e14	9.619e12	0
174000000	4.3144e-3	5.4380e3	1.3415e4	8.3858e4	279.33	0.195	0.538	1.3158e14	2674	206	4	2.581e15	3.317e14	3.338e14	8.482e12	0
175000000	4.2193e-3	5.0952e3	1.5335e4	8.3345e4	279.39	0.195	0.539	1.3130e14	2782	211	4	2.623e15	3.540e14	3.581e14	8.842e12	0
176000000	4.0885e-3	5.5316e3	1.6352e4	8.3975e4	279.23	0.196	0.536	1.3055e14	2839	207	4	2.587e15	3.596e14	3.638e14	8.991e12	0
177000000	5.0437e-3	6.3695e3	1.1288e4	8.5289e4	279.87	0.194	0.537	1.2813e14	2785	222	4	2.549e15	3.473e14	3.492e14	8.719e12	0
178000000	8.4506e-4	6.4905e3	9.1703e4	8.5079e4	279.76	0.193	0.538	1.2739e14	2727	208	4	2.476e15	3.320e14	3.384e14	9.583e12	0
179000000	5.4776e-3	7.1777e3	8.4358e3	8.6502e4	282.28	0.171	0.537	1.1540e14	2704	207	4	2.532e15	3.159e14	3.161e14	8.052e12	0
180000000	8.1247e-3	5.4058e3	5.1225e3	8.4162e4	279.89	0.172	0.535	1.2173e14	2831	208	4	2.424e15	3.230e14	3.254e14	7.668e12	0
181000000	7.6215e-3	4.9922e3	6.3033e3	8.3505e4	279.48	0.174	0.532	1.2302e14	2682	205	4	2.398e15	3.340e14	3.369e14	7.893e12	0
182000000	9.0283e-3	4.8991e3	4.8518e3	8.3496e4	279.73	0.174	0.533	1.2190e14	2743	209	4	2.410e15	3.182e14	3.200e14	7.411e12	0
183000000	5.9936e-3	5.7499e3	9.2280e3	8.4471e4	280.04	0.175	0.533	1.2129e14	2835	211	4	2.364e15	3.382e14	3.425e14	8.111e12	0
184000000	5.5337e-3	6.5094e3	8.6367e3	8.5538e4	280.65	0.178	0.533	1.1619e14	2705	210	4	2.269e15	3.044e14	3.058e14	7.569e12	0
185000000	3.4679e-3	5.8242e3	1.6155e4	8.4347e4	279.79	0.178	0.533	1.1481e14	2738	210	4	2.199e15	2.861e14	2.903e14	7.283e12	0
186000000	4.0466e-3	6.3792e3	1.2650e4	8.5210e4	280.45	0.178	0.530	1.1040e14	2701	203	4	2.181e15	2.912e14	2.924e14	7.625e12	0
187000000	7.4873e-3	5.7800e3	5.2474e3	8.4653e4	280.51	0.179	0.528	1.1012e14	2694	203	4	2.172e15	2.912e14	2.905e14	7.086e12	0
188000000	5.3329e-3	5.1556e3	9.4606e3	8.3536e4	279.36	0.180	0.526	1.0970e14	2609	210	4	2.119e15	2.938e14	2.985e14	7.116e12	0
189000000	6.3365e-4	5.7672e3	9.7054e4	8.4007e4	279.61	0.182	0.521	1.0495e14	2646	205	4	2.032e15	2.685e14	2.731e14	8.383e12	0
190000000	2.0698e-3	6.5167e3	2.6116e4	8.5227e4	281.69	0.180	0.521	9.5329e13	2524	197	4	2.061e15	2.657e14	2.664e14	8.105e12	0
191000000	2.1838e-3	6.2140e3	2.5206e4	8.4798e4	281.04	0.178	0.521	9.8385e13	2567	197	4	1.984e15	2.706e14	2.725e14	7.793e12	0
192000000	3.9137e-3	5.5127e3	1.1473e4	8.3931e4	280.44	0.177	0.519	9.7814e13	2498	197	4	1.910e15	2.531e14	2.533e14	6.806e12	0
193000000	3.2497e-3	5.2717e3	1.4913e4	8.3516e4	280.41	0.178	0.519	9.7089e13	2519	197	4	1.877e15	2.482e14	2.510e14	6.509e12	0
194000000	4.1907e-3	5.1326e3	9.4645e3	8.3397e4	279.90	0.179	0.516	9.3509e13	2578	197	4	1.785e15	2.231e14	2.236e14	5.869e12	0
195000000	1.2394e-3	5.0873e3	4.1265e4	8.3062e4	279.81	0.180	0.514	9.1472e13	2462	199	4	1.760e15	2.162e14	2.202e14	6.247e12	0
196000000	2.1866e-3	6.2035e3	2.0209e4	8.4782e4	280.98	0.178	0.511	8.6832e13	2440	181	4	1.706e15	2.194e14	2.197e14	6.749e12	0
197000000	1.2786e-3	5.9675e3	3.5599e4	8.4356e4	281.37	0.179	0.513	8.5385e13	2415	189	4	1.649e15	2.063e14	2.074e14	6.749e12	0
198000000	1.4761e-3	5.4454e3	2.9595e4	8.3610e4	280.78	0.180	0.514	8.3523e13	2312	188	4	1.605e15	1.972e14	1.975e14	6.606e12	0
199000000	1.5348e-3	6.1370e3	2.6306e4	8.4626e4	281.75	0.182	0.511	8.1453e13	2352	196	4	1.567e15	1.906e14	1.911e14	6.204e12	0
200000000	1.2683e-3	4.8685e3	3.2310e4	8.2742e4	280.42	0.184	0.513	7.9042e13	2325	192	4	1.508e15	1.799e14	1.804e14	6.120e12	0
201000000	1.6251e-3	5.1143e3	2.3511e4	8.3136e4	280.76	0.184	0.512	7.6420e13	2402	195	4	1.461e15	1.769e14	1.772e14	5.804e12	0
202000000	8.2451e-4	5.0692e3	4.7145e4	8.2998e4	280.25	0.186	0.513	7.4204e13	2322	193	4	1.410e15	1.679e14	1.689e14	6.010e12	0
203000000	1.1900e-3	5.8888e3	3.0227e4	8.4232e4	281.40	0.186	0.512	7.0675e13	2328	195	4	1.360e15	1.640e14	1.640e14	6.011e12	0
204000000	9.9611e-4	5.8798e3	3.4642e4	8.4202e4	281.47	0.187	0.513	6.8627e13	2334	186	4	1.312e15	1.552e14	1.555e14	5.684e12	0
205000000	7.8585e-4	5.5661e3	4.1183e4	8.3724e4	281.14	0.190	0.510	6.6091e13	2198	185	4	1.258e15	1.447e14	1.450e14	5.664e12	0
206000000	1.2227e-3	5.4441e3	2.3745e4	8.3584e4	281.26	0.192	0.508	6.3959e13	2165	187	4	1.218e15	1.367e14	1.365e14	5.107e12	0
207000000	8.3894e-4	5.1498e3	3.6338e4	8.3118e4	280.56	0.192	0.506	6.1742e13	2158	194	4	1.172e15	1.338e14	1.344e14	5.001e12	0
208000000	9.0344e-4	5.3974e3	3.1301e4	8.3487e4	280.90	0.193	0.506	5.9350e13	2187	186	4	1.129e15	1.268e14	1.269e14	4.939e12	0
209000000	5.2905e-4	5.5491e3	4.9880e4	8.3676e4	281.14	0.190	0.507	5.7300e13	2246	185	4	1.088e15	1.214e14	1.218e14	5.078e12	0
210000000	8.8702e-4	5.5447e3	2.6735e4	8.3701e4	281.46	0.192	0.504	5.5260e13	2170	169	4	1.054e15	1.118e14	1.116e14	4.668e12	0
211000000	6.2251e-4	5.5538e3	4.0191e4	8.3691e4	280.91	0.194	0.500	5.3385e13	2202	188	4	1.014e15	1.133e14	1.137e14	4.606e12	0
212000000	5.9613e-4	6.0997e3	3.7895e4	8.4486e4	281.62	0.194	0.501	5.1380e13	2206	182	4	9.773e14	1.053e14	1.054e14	4.585e12	0
213000000	7.9113e-4	6.0645e3	2.6948e4	8.4452e4	281.72	0.194	0.497	4.9381e13	2133	175	4	9.384e14	1.001e14	1.001e14	4.216e12	0
214000000	7.9662e-4	5.5885e3	2.5882e4	8.3757e4	281.36	0.195	0.496	4.7703e13	2169	186	4	9.041e14	9.621e13	9.633e13	3.879e12	0
215000000	3.9271e-4	4.9182e3	4.7675e4	8.2736e4	280.37	0.197	0.495	4.6007e13	2046	184	4	8.699e14	9.058e13	9.090e13	4.100e12	0
216000000	6.2793e-4	5.5311e3	2.9788e4	8.3658e4	281.07	0.199	0.493	4.4198e13	2003	182	4	8.433e14	8.837e13	8.823e13	4.006e12	0
217000000	3.5685e-4	6.1120e3	4.8990e4	8.4482e4	281.28	0.198	0.495	4.2716e13	2153	183	4	8.118e14	8.775e13	8.806e13	4.058e12	0
218000000	5.2022e-4	6.8657e3	2.9903e4	8.5589e4	282.22	0.198	0.494	4.0828e13	1995	172	4	7.811e14	7.772e13	7.752e13	3.822e12	0
219000000	3.7077e-4	6.8378e3	4.2720e4	8.5536e4	282.01	0.200	0.492	3.9674e13	2200	178	4	7.557e14	8.042e13	8.062e13	3.816e12	0
220000000	4.6222e-4	6.6484e3	3.1567e4	8.5270e4	281.99	0.201	0.490	3.8438e13	2000	174	4	7.323e14	7.328e13	7.321e13	3.583e12	0
221000000	2.7986e-4	6.4854e3	4.8680e4	8.5018e4	281.66	0.201	0.489	3.7204e13	2106	176	4	7.079e14	7.346e13	7.366e13	3.665e12	0
222000000	3.7315e-4	6.6534e3	3.4110e4	8.5269e4	282.00	0.202	0.488	3.5642e13	2035	167	4	6.801e14	6.659e13	6.650e13	3.466e12	0
223000000	2.7888e-4	6.6872e3	4.4664e4	8.5310e4	281.73	0.203	0.489	3.4580e13	2143	180	4	6.588e14	6.787e13	6.799e13	3.478e12	0
224000000	3.7835e-4	6.8411e3	2.6526e4	8.5540e4	282.28	0.203	0.485	3.3365e13	2008	176	4	6.371e14	5.606e13	5.597e13	2.894e12	0
225000000	1.7553e-4	5.9505e3	5.8888e4	8.4231e4	281.01	0.203	0.481	3.2281e13	2071	180	4	6.144e14	6.369e13	6.392e13	3.355e12	0
226000000	2.8223e-4	6.8665e3	3.2631e4	8.5569e4	282.12	0.203	0.481	3.1155e13	1962	172	4	5.980e14	5.454e13	5.444e13	3.070e12	0
227000000	2.5089e-4	6.8783e3	4.2023e4	8.5583e4	282.04	0.204	0.480	3.0283e13	2203	181	4	5.786e14	5.987e13	5.999e13	3.142e12	0
228000000	3.0522e-4	6.2787e3	3.3393e4	8.4719e4	281.67	0.205	0.477	2.9399e13	2043	170	4	5.606e14	5.573e13	5.570e13	2.991e12	0
229000000	2.2807e-4	6.0183e3	4.3451e4	8.4334e4	281.16	0.205	0.476	2.8482e13	2050	190	4	5.431e14	5.682e13	5.692e13	3.040e12	0
230000000	3.3405e-4	6.2801e3	2.8349e4	8.4724e4	281.71	0.205	0.474	2.7592e13	2112	180	4	5.277e14	5.250e13	5.243e13	2.783e12	0
231000000	2.1737e-4	5.8517e3	4.3118e4	8.4090e4	280.96	0.206	0.473	2.6839e13	2140	198	4	5.124e14	5.443e13	5.452e13	2.928e12	0
232000000	3.0326e-4	6.6871e3	2.8250e4	8.5311e4	281.82	0.206	0.472	2.6043e13	2088	203	4	5.005e14	4.906e13	4.899e13	2.660e12	0
233000000	1.6289e-4	6.7045e3	5.0624e4	8.5324e4	281.57	0.207	0.473	2.5735e13	2162	197	4	5.027e14	5.296e13	5.310e13	2.923e12	0
234000000	2.6567e-4	7.1958e3	3.1849e4	8.6042e4	282.26	0.204	0.473	2.5092e13	2042	183	4	4.874e14	4.983e13	4.974e13	2.822e12	0
235000000	2.0902e-4	7.0069e3	4.0171e4	8.5765e4	282.09	0.206	0.471	2.4622e13	2096	196	4	4.734e14	5.060e13	5.067e13	2.804e12	0
236000000	2.3920e-4	6.4969e3	3.4957e4	8.5030e4	281.79	0.206	0.471	2.4023e13	2043	204	4	4.609e14	4.871e13	4.870e13	2.718e12	0
237000000	1.9918e-4	6.1406e3	4.0361e4	8.4509e4	281.43	0.205	0.467	2.3409e13	2083	208	4	4.488e14	4.843e13	4.847e13	2.719e12	0
238000000	2.1777e-4	6.3291e3	3.6705e4	8.4785e4	281.59	0.205	0.467	2.2814e13	2177	204	4	4.376e14	4.720e13	4.720e13	2.666e12	0
239000000	2.0465e-4	6.3363e3	3.7516e4	8.4794e4	281.54	0.207	0.465	2.2197e13	2144	221	4	4.259e14	4.627e13	4.629e13	2.616e12	0
240000000	1.6233e-4	6.3694e3	4.2679e4	8.4838e4	281.41	0.208	0.465	2.1653e13	2191	216	4	4.151e14	4.482e13	4.486e13	2.608e12	0
241000000	2.1692e-4	6.6985e3	3.1175e4	8.5320e4	281.80	0.209	0.463	2.1113e13	2136	214	4	4.057e14	4.171e13	4.167e13	2.407e12	0
242000000	1.2037e-4	6.5468e3	4.9811e4	8.5092e4	281.53	0.209	0.464	2.0622e13	2163	217	4	3.955e14	4.318e13	4.325e13	2.569e12	0
243000000	1.7038e-4	7.1800e3	3.3840e4	8.6011e4	281.89	0.210	0.465	2.0070e13	2093	221	4	3.861e14	3.881e13	3.876e13	2.375e12	0
244000000	1.4590e-4	7.9107e3	3.9704e4	8.7057e4	282.67	0.207	0.466	1.9606e13	2059	213	4	3.778e14	4.002e13	4.005e13	2.400e12	0
245000000	1.6465e-4	7.3864e3	3.7000e4	8.6307e4	282.32	0.205	0.468	1.9091e13	2118	213	4	3.655e14	4.011e13	4.012e13	2.372e12	0
246000000	1.5819e-4	6.9730e3	3.5883e4	8.5711e4	282.13	0.206	0.468	1.8576e13	2117	216	4	3.564e14	3.800e13	3.799e13	2.304e12	0
247000000	1.1866e-4	6.5507e3	4.2333e4	8.5097e4	281.78	0.207	0.469	1.7805e13	2040	212	4	3.421e14	3.667e13	3.670e13	2.271e12	0
248000000	1.5161e-4	6.5554e3	3.5446e4	8.5107e4	281.64	0.208	0.468	1.7365e13	2047	222	4	3.339e14	3.603e13	3.601e13	2.208e12	0
249000000	1.3577e-4	6.8555e3	3.7533e4	8.5539e4	281.80	0.208	0.466	1.6981e13	2085	213	4	3.278e14	3.559e13	3.560e13	2.186e12	0
250000000	1.1484e-4	7.2970e3	3.8697e4	8.6174e4	282.20	0.208	0.466	1.6604e13	2094	229	4	3.199e14	3.328e13	3.329e13	2.119e12	0
251000000	1.3743e-4	7.2743e3	2.9682e4	8.6143e4	282.27	0.208	0.462	1.6211e13	2117	225	4	3.121e14	2.940e13	2.939e13	1.837e12	0
252000000	1.3429e-4	6.5749e3	3.3781e4	8.5133e4	281.72	0.209	0.462	1.5834e13	2121	222	4	3.042e14	3.205e13	3.207e13	1.970e12	0
253000000	1.2338e-4	6.1600e3	3.4565e4	8.4530e4	281.22	0.211	0.461	1.5436e13	2048	222	4	2.961e14	3.063e13	3.063e13	1.915e12	0
254000000	1.3131e-4	6.1774e3	3.2763e4	8.4556e4	281.24	0.212	0.460	1.5062e13	2101	218	4	2.896e14	3.038e13	3.039e13	1.879e12	0
255000000	8.7302e-5	6.3109e3	3.9273e4	8.4746e4	281.14	0.211	0.459	1.4696e13	2066	227	4	2.825e14	2.838e13	2.838e13	1.880e12	0
256000000	1.2369e-4	7.2150e3	2.8850e4	8.6056e4	282.18	0.209	0.462	1.4296e13	1960	219	4	2.749e14	2.664e13	2.662e13	1.691e12	0
257000000	8.8860e-5	6.7148e3	3.7848e4	8.5332e4	281.58	0.210	0.459	1.3949e13	2086	219	4	2.682e14	2.765e13	2.767e13	1.775e12	0
258000000	1.1715e-4	6.9585e3	3.0957e4	8.5686e4	281.95	0.209	0.460	1.3585e13	2102	221	4	2.618e14	2.720e13	2.719e13	1.735e12	0
259000000	7.4232e-5	6.9204e3	3.7967e4	8.5628e4	281.70	0.210	0.459	1.2924e13	2076	218	4	2.488e14	2.510e13	2.513e13	1.662e12	0
260000000	1.0687e-4	7.0862e3	2.6752e4	8.5869e4	282.18	0.208	0.456	1.2549e13	2080	218	4	2.418e14	2.274e13	2.273e13	1.475e12	0
261000000	8.0952e-5	6.1963e3	3.4438e4	8.4579e4	281.47	0.208	0.452	1.2246e13	1992	226	4	2.355e14	2.378e13	2.379e13	1.562e12	0
262000000	9.7986e-5	6.2595e3	3.0870e4	8.4672e4	281.31	0.208	0.448	1.1931e13	1919	227	4	2.295e14	2.393e13	2.393e13	1.543e12	0
263000000	8.6374e-5	6.7074e3	3.1093e4	8.5320e4	281.65	0.210	0.446	1.1634e13	2017	229	4	2.240e14	2.254e13	2.254e13	1.500e12	0
264000000	8.2531e-5	6.8857e3	3.0737e4	8.5578e4	281.84	0.209	0.446	1.1340e13	1994	220	4	2.185e14	2.175e13	2.175e13	1.453e12	0
265000000	8.3323e-5	6.7251e3	3.0045e4	8.5346e4	281.80	0.208	0.444	1.1055e13	1939	212	4	2.132e14	2.148e13	2.148e13	1.413e12	0
266000000	7.9135e-5	5.9488e3	2.6523e4	8.4218e4	281.49	0.208	0.444	1.0776e13	1948	221	4	2.075e14	1.831e13	1.831e13	1.223e12	0
267000000	5.0234e-5	5.3026e3	3.7869e4	8.3270e4	280.34	0.208	0.446	1.0480e13	1770	201	4	2.015e14	1.974e13	1.977e13	1.331e12	0
268000000	5.7911e-5	6.2571e3	2.7637e4	8.4665e4	281.46	0.210	0.442	9.9755e12	1799	202	4	1.928e14	1.632e13	1.631e13	1.138e12	0
269000000	5.3671e-5	6.2528e3	3.3880e4	8.4658e4	281.24	0.210	0.444	9.7498e12	1902	205	4	1.883e14	1.856e13	1.858e13	1.264e12	0
270000000	5.7795e-5	6.4953e3	3.1521e4	8.5011e4	281.39	0.212	0.443	9.5018e12	1907	216	4	1.834e14	1.811e13	1.810e13	1.231e12	0
271000000	5.5275e-5	6.8496e3	3.0750e4	8.5523e4	281.82	0.209	0.442	9.2731e12	1860	220	4	1.788e14	1.738e13	1.738e13	1.189e12	0
272000000	5.3475e-5	6.7523e3	3.0489e4	8.5382e4	281.82	0.208	0.440	9.0460e12	1889	212	4	1.743e14	1.692e13	1.692e13	1.154e12	0
273000000	5.0132e-5	6.5468e3	3.0710e4	8.5085e4	281.65	0.208	0.438	8.8100e12	1896	224	4	1.695e14	1.634e13	1.634e13	1.123e12	0
274000000	3.2339e-5	6.5714e3	3.7312e4	8.5119e4	281.72	0.208	0.439	8.5848e12	1862	227	4	1.657e14	1.566e13	1.567e13	1.089e12	0
275000000	7.5673e-5	6.4136e3	2.5342e4	8.4894e4	281.57	0.206	0.438	8.4874e12	1751	215	4	1.663e14	1.741e13	1.739e13	1.066e12	0
276000000	4.5774e-5	6.0962e3	3.1612e4	8.4430e4	281.61	0.205	0.437	8.3128e12	1747	200	4	1.602e14	1.671e13	1.672e13	1.102e12	0
277000000	2.9504e-5	5.8416e3	3.6612e4	8.4057e4	281.14	0.206	0.439	8.1225e12	1733	211	4	1.557e14	1.471e13	1.472e13	9.715e11	0
278000000	3.6178e-5	6.4475e3	2.9083e4	8.4939e4	281.83	0.206	0.440	7.8928e12	1749	212	4	1.519e14	1.320e13	1.320e13	8.783e11	0
279000000	3.6595e-5	6.2340e3	3.0188e4	8.4629e4	281.33	0.208	0.437	7.6862e12	1827	214	4	1.480e14	1.357e13	1.358e13	9.337e11	0
280000000	3.5376e-5	6.3645e3	2.9569e4	8.4819e4	281.58	0.208	0.431	7.3467e12	1801	217	4	1.418e14	1.313e13	1.313e13	8.872e11	0
281000000	3.5532e-5	6.0553e3	2.8606e4	8.4369e4	281.49	0.207	0.429	7.1709e12	1875	214	4	1.387e14	1.268e13	1.268e13	8.473e11	0
282000000	8.3736e-6	5.7697e3	5.7314e4	8.3952e4	281.34	0.208	0.432	7.0792e12	1831	212	4	1.396e14	1.219e13	1.220e13	9.215e11	0
283000000	3.4890e-5	6.3496e3	2.8746e4	8.4797e4	281.60	0.208	0.435	7.0527e12	1852	208	4	1.400e14	1.276e13	1.275e13	8.578e11	0
284000000	1.1531e-6	6.0324e3	9.6132e4	8.4336e4	282.35	0.203	0.433	7.0376e12	1476	190	4	1.400e14	9.160e12	9.163e12	9.246e11	0
285000000	9.8359e-6	5.4122e3	5.4749e4	8.3428e4	281.54	0.201	0.431	6.8594e12	1217	202	4	1.376e14	1.267e13	1.267e13	9.154e11	0
286000000	3.8854e-5	6.1541e3	2.7062e4	8.4513e4	281.51	0.202	0.430	6.9095e12	1283	215	4	1.409e14	1.259e13	1.260e13	9.302e11	0
287000000	1.5870e-6	6.0064e3	9.0402e4	8.4298e4	282.58	0.200	0.431	6.8225e12	1101	198	4	1.368e14	9.642e12	9.644e12	9.457e11	0
288000000	1.6444e-6	5.1214e3	1.1533e5	8.3004e4	282.22	0.200	0.431	7.2575e12	1183	204	4	1.625e14	1.277e13	1.277e13	1.034e12	0
289000000	2.7852e-6	4.3142e3	1.2005e5	8.1811e4	281.41	0.200	0.432	8.1198e12	1148	221	4	1.822e14	1.604e13	1.604e13	1.486e12	0
290000000	1.1074e-5	4.3383e3	9.3126e4	8.1846e4	281.25	0.199	0.432	8.9901e12	1170	227	4	1.878e14	2.310e13	2.310e13	1.684e12	0
291000000	3.9010e-5	4.6535e3	4.9447e4	8.2314e4	281.16	0.199	0.430	9.5082e12	1070	197	4	1.969e14	2.298e13	2.298e13	1.480e12	0
292000000	4.5492e-5	4.6982e3	4.2171e4	8.2380e4	280.72	0.200	0.430	9.6165e12	1049	204	4	1.955e14	2.139e13	2.143e13	1.644e12	0
293000000	2.3835e-5	4.8810e3	2.9768e4	8.2647e4	280.19	0.200	0.430	9.7998e12	1089	213	4	1.948e14	1.106e13	1.109e13	1.438e12	0
294000000	6.9908e-5	5.5614e3	3.1293e4	8.3651e4	281.35	0.200	0.431	1.0334e13	1132	214	4	2.058e14	2.007e13	2.007e13	1.363e12	0
295000000	5.4469e-5	5.3960e3	3.8542e4	8.3408e4	281.26	0.200	0.429	1.0153e13	1178	217	4	1.982e14	2.166e13	2.167e13	1.482e12	0
296000000	7.6270e-5	5.0206e3	2.9330e4	8.2858e4	281.41	0.200	0.428	9.8139e12	1254	221	4	1.918e14	2.046e13	2.045e13	1.405e12	0
297000000	3.9798e-5	3.9287e3	3.7421e4	8.1237e4	279.56	0.200	0.426	9.4481e12	1264	216	4	1.764e14	1.798e13	1.801e13	1.398e12	0
298000000	2.7265e-5	4.4239e3	4.1133e4	8.1972e4	280.82	0.200	0.426	8.7266e12	1377	231	4	1.716e14	1.647e13	1.647e13	1.276e12	0
299000000	1.9163e-5	4.2388e3	4.4208e4	8.1697e4	280.37	0.201	0.425	8.6205e12	1461	233	4	1.658e14	1.439e13	1.439e13	1.217e12	0
300000000	1.5706e-5	4.5952e3	4.7709e4	8.2225e4	281.20	0.200	0.422	8.7062e12	1482	240	4	1.645e14	1.439e13	1.439e13	1.213e12	0
301000000	4.3555e-6	3.3534e3	6.1552e4	8.0374e4	280.64	0.201	0.426	8.5946e12	1526	241	4	1.536e14	1.181e13	1.181e13	1.054e12	0
302000000	7.7715e-6	1.5047e3	6.1436e4	7.7566e4	277.09	0.204	0.425	7.9209e12	1347	238	4	1.381e14	1.405e13	1.405e13	1.077e12	0
303000000	1.0758e-5	1.5951e3	6.2936e4	7.7705e4	276.33	0.207	0.425	8.0001e12	1331	231	4	1.494e14	1.638e13	1.638e13	1.265e12	0
304000000	1.8207e-6	2.4105e3	9.5852e4	7.8951e4	278.18	0.208	0.425	8.0718e12	1301	225	4	1.430e14	1.197e13	1.198e13	1.070e12	0
305000000	0.0000e0	3.1845e3	1.4863e5	8.0124e4	279.98	0.208	0.426	7.9094e12	1195	213	4	1.387e14	1.070e13	1.070e13	1.187e12	0
306000000	4.1676e-7	3.5073e3	1.2508e5	8.0608e4	280.68	0.206	0.425	7.5124e12	1239	209	4	1.309e14	1.169e13	1.169e13	1.105e12	0
307000000	0.0000e0	3.3366e3	1.2887e5	8.0352e4	279.98	0.207	0.423	7.2927e12	1277	214	4	1.304e14	1.302e13	1.302e13	1.030e12	0
308000000	0.0000e0	3.8733e3	1.2543e5	8.1155e4	280.89	0.205	0.422	6.8884e12	1286	203	4	1.228e14	1.289e13	1.289e13	1.002e12	0
309000000	0.0000e0	4.1362e3	1.2027e5	8.1546e4	281.07	0.205	0.425	6.6359e12	1277	204	4	1.226e14	1.437e13	1.437e13	9.370e11	0
310000000	1.4179e-7	4.2870e3	1.1647e5	8.1770e4	281.41	0.204	0.423	6.4690e12	1303	204	4	1.131e14	1.286e13	1.286e13	9.420e11	0
311000000	7.0654e-7	4.1034e3	9.8869e4	8.1496e4	281.11	0.204	0.423	6.3708e12	1317	208	4	1.144e14	1.296e13	1.296e13	9.555e11	0
312000000	1.4054e-6	3.8187e3	8.6969e4	8.1072e4	280.89	0.202	0.420	6.2157e12	1303	203	4	1.100e14	1.335e13	1.335e13	8.885e11	0
313000000	2.5128e-6	3.6162e3	7.3089e4	8.0768e4	280.36	0.201	0.420	6.0019e12	1290	197	4	1.091e14	1.341e13	1.341e13	8.672e11	0
314000000	3.0223e-6	3.8064e3	6.2251e4	8.1052e4	280.57	0.200	0.415	5.7253e12	1323	194	4	1.016e14	1.235e13	1.235e13	7.990e11	0
315000000	1.0458e-6	3.8537e3	8.5245e4	8.1124e4	280.57	0.199	0.415	5.6685e12	1144	192	4	1.033e14	1.458e13	1.458e13	8.330e11	0
316000000	0.0000e0	4.1373e3	1.0134e5	8.1547e4	281.33	0.197	0.410	5.3863e12	1078	195	4	1.058e14	8.147e12	8.147e12	7.027e11	0
317000000	0.0000e0	4.4261e3	9.6096e4	8.1976e4	282.20	0.192	0.408	5.6509e12	1115	188	4	1.039e14	1.026e13	1.026e13	7.457e11	0
318000000	7.2032e-7	3.7360e3	8.1068e4	8.0948e4	281.05	0.194	0.405	5.6804e12	1201	192	4	9.949e13	1.386e13	1.386e13	8.096e11	0
319000000	2.3676e-6	3.7311e3	5.8284e4	8.0940e4	280.80	0.193	0.405	5.5454e12	1087	190	4	9.578e13	1.192e13	1.192e13	7.587e11	0
320000000	0.0000e0	3.9282e3	1.1345e5	8.1236e4	281.42	0.194	0.401	5.5955e12	723	173	4	1.054e14	1.102e13	1.102e13	8.066e11	0
321000000	0.0000e0	4.8160e3	1.1804e5	8.2553e4	281.97	0.192	0.628	6.2211e12	778	176	4	1.152e14	1.251e13	1.251e13	9.439e11	0
322000000	0.0000e0	6.2291e3	8.5527e4	8.4622e4	283.98	0.163	0.655	6.5261e12	755	171	4	1.101e14	1.777e13	1.777e13	9.545e11	0
323000000	1.6698e-6	6.3931e3	7.2016e4	8.4859e4	285.11	0.137	0.684	6.5976e12	808	172	4	1.105e14	2.057e13	2.057e13	1.040e12	0
324000000	2.0156e-6	6.8277e3	5.7322e4	8.5488e4	284.85	0.135	0.704	6.8033e12	783	169	4	1.137e14	1.671e13	1.671e13	8.874e11	0
325000000	1.0721e-6	7.9051e3	4.8421e4	8.7036e4	287.27	0.080	0.714	6.3056e12	725	163	4	1.043e14	1.545e13	1.545e13	7.607e11	0
326000000	0.0000e0	7.5886e3	7.8778e4	8.6584e4	288.30	0.070	0.712	7.2730e12	657	157	4	1.314e14	1.069e13	1.069e13	5.915e11	0
327000000	0.0000e0	6.6163e3	1.1928e5	8.5185e4	287.58	0.071	0.706	9.5896e12	676	161	4	1.628e14	2.392e13	2.392e13	1.225e12	0
328000000	0.0000e0	6.0900e3	1.2509e5	8.4421e4	287.61	0.070	0.706	1.1130e13	687	167	4	1.743e14	3.503e13	3.503e13	1.626e12	0
329000000	0.0000e0	4.4356e3	8.5453e4	8.1989e4	285.83	0.072	0.702	1.1845e13	679	153	4	1.739e14	3.154e13	3.154e13	1.294e12	0
330000000	4.0839e-6	4.5298e3	7.3579e4	8.2129e4	285.16	0.073	0.724	1.1396e13	676	145	4	1.945e14	4.744e13	4.744e13	1.592e12	0
331000000	7.0746e-6	5.7586e3	5.7846e4	8.3935e4	286.24	0.073	0.753	1.2039e13	697	158	4	2.013e14	3.657e13	3.657e13	1.472e12	0
332000000	8.4162e-6	6.5352e3	4.8250e4	8.5065e4	286.40	0.073	0.748	1.2136e13	831	166	4	2.010e14	3.452e13	3.452e13	1.325e12	0
333000000	1.0848e-5	7.8177e3	4.1761e4	8.6911e4	287.43	0.071	0.751	1.1569e13	941	167	4	1.808e14	2.996e13	2.996e13	1.223e12	0
334000000	2.1291e-5	7.6831e3	3.7154e4	8.6719e4	287.30	0.073	0.750	1.1199e13	1037	165	4	1.976e14	3.133e13	3.133e13	1.278e12	0
335000000	3.4366e-5	7.3601e3	3.2609e4	8.6257e4	286.89	0.073	0.751	1.1267e13	1124	166	4	1.961e14	2.989e13	2.989e13	1.293e12	0
336000000	4.1392e-5	7.9338e3	3.0800e4	8.7080e4	286.98	0.072	0.757	1.1076e13	1218	174	4	1.938e14	2.530e13	2.530e13	1.402e12	0
337000000	0.0000e0	8.9273e3	1.3427e4	8.8489e4	288.86	0.065	0.756	1.0272e13	1072	163	4	1.561e14	3.003e12	3.003e12	2.599e11	0
338000000	1.4937e-6	7.7135e3	8.5458e4	8.6764e4	288.27	0.065	0.757	9.8393e12	1226	178	4	1.862e14	2.855e13	2.855e13	1.280e12	0
339000000	0.0000e0	7.4337e3	9.0584e4	8.6362e4	288.20	0.065	0.758	1.0477e13	1478	182	4	1.801e14	2.402e13	2.402e13	1.424e12	0
340000000	0.0000e0	7.0117e3	7.0239e4	8.5754e4	287.33	0.065	0.777	1.0441e13	1562	188	4	1.771e14	2.637e13	2.637e13	1.253e12	0
341000000	0.0000e0	7.8234e3	8.7171e4	8.6921e4	288.22	0.064	0.774	1.0143e13	1681	186	4	1.698e14	3.094e13	3.094e13	1.314e12	0
342000000	0.0000e0	8.5250e3	8.2669e4	8.7921e4	288.48	0.064	0.773	1.0183e13	1842	181	4	1.673e14	3.021e13	3.021e13	1.323e12	0
343000000	0.0000e0	9.0398e3	5.7409e4	8.8650e4	289.16	0.062	0.773	1.0128e13	1931	180	4	1.646e14	2.093e13	2.093e13	9.369e11	0
344000000	0.0000e0	8.1550e3	7.4464e4	8.7394e4	288.70	0.061	0.773	9.7967e12	2039	186	4	1.648e14	3.172e13	3.172e13	1.275e12	0
345000000	0.0000e0	7.8700e3	7.4827e4	8.6987e4	288.38	0.062	0.770	9.8133e12	2097	184	4	1.614e14	2.855e13	2.855e13	1.170e12	0
346000000	0.0000e0	8.2760e3	7.5446e4	8.7567e4	288.87	0.061	0.767	9.6630e12	2064	187	4	1.553e14	2.962e13	2.962e13	1.227e12	0
347000000	6.3610e-8	7.0418e3	8.2132e4	8.5798e4	288.22	0.060	0.787	9.8427e12	1992	186	4	1.532e14	2.864e13	2.864e13	1.268e12	0
348000000	4.2672e-7	6.8996e3	6.7813e4	8.5592e4	287.56	0.060	0.806	9.8132e12	1896	185	4	1.544e14	2.812e13	2.812e13	1.166e12	0
349000000	2.2689e-6	8.5685e3	6.3008e4	8.7982e4	288.74	0.059	0.805	9.8073e12	1877	184	4	1.543e14	2.641e13	2.641e13	1.203e12	0
350000000	6.6362e-6	9.3761e3	5.5667e4	8.9126e4	289.07	0.057	0.804	9.9326e12	1951	185	4	1.503e14	2.636e13	2.636e13	1.288e12	0
351000000	4.7128e-6	1.0248e4	5.0936e4	9.0351e4	289.84	0.049	0.827	9.7055e12	1917	171	4	1.431e14	2.659e13	2.659e13	1.128e12	0
352000000	7.4311e-6	1.0048e4	4.5547e4	9.0071e4	289.72	0.048	0.827	9.5335e12	2068	172	4	1.507e14	2.580e13	2.579e13	1.124e12	0
353000000	1.1609e-5	1.0239e4	4.0883e4	9.0339e4	289.55	0.047	0.828	9.3417e12	1798	168	4	1.543e14	2.706e13	2.706e13	1.167e12	0
354000000	1.1807e-5	1.1363e4	3.7676e4	9.1904e4	290.38	0.041	0.828	9.2978e12	1603	164	4	1.477e14	2.433e13	2.433e13	1.091e12	0
355000000	1.7203e-5	1.1259e4	3.4799e4	9.1761e4	290.29	0.040	0.827	8.9693e12	1571	173	4	1.413e14	2.478e13	2.478e13	1.120e12	0
356000000	1.8546e-5	1.1215e4	3.2352e4	9.1700e4	290.20	0.040	0.828	8.7861e12	1514	170	4	1.444e14	2.497e13	2.497e13	1.121e12	0
357000000	1.9625e-5	1.1218e4	2.9749e4	9.1704e4	290.17	0.040	0.828	8.8570e12	1567	176	4	1.427e14	2.275e13	2.275e13	1.077e12	0
358000000	1.7116e-5	1.1008e4	2.7986e4	9.1412e4	290.04	0.039	0.827	8.7752e12	1582	185	4	1.456e14	2.049e13	2.049e13	9.818e11	0
359000000	2.6394e-5	1.0682e4	2.6088e4	9.0958e4	289.94	0.039	0.826	8.5748e12	1636	182	4	1.421e14	2.370e13	2.370e13	1.088e12	0
360000000	3.0731e-5	1.0148e4	2.4461e4	9.0211e4	289.48	0.038	0.829	8.6419e12	1594	179	4	1.429e14	2.477e13	2.477e13	1.125e12	0
361000000	3.0484e-5	1.0887e4	2.2731e4	9.1244e4	289.83	0.037	0.829	8.9544e12	1627	186	4	1.482e14	2.069e13	2.069e13	1.152e12	0
362000000	3.0584e-5	1.1549e4	2.2015e4	9.2164e4	290.26	0.033	0.845	8.7211e12	1683	192	4	1.390e14	1.900e13	1.900e13	1.055e12	0
363000000	2.2480e-5	1.1746e4	2.1400e4	9.2435e4	290.42	0.032	0.842	7.5330e12	1947	191	4	1.228e14	1.755e13	1.755e13	9.002e11	0
364000000	2.6150e-5	1.1455e4	2.0816e4	9.2033e4	290.32	0.032	0.841	7.3617e12	1965	196	4	1.261e14	2.143e13	2.143e13	9.385e11	0
365000000	3.4375e-5	1.1264e4	1.9128e4	9.1769e4	289.99	0.032	0.842	7.4669e12	1884	186	4	1.265e14	1.683e13	1.683e13	9.587e11	0
366000000	3.1805e-5	1.2291e4	1.7939e4	9.3189e4	290.45	0.033	0.840	7.4503e12	1972	191	4	1.249e14	1.304e13	1.304e13	9.356e11	0
367000000	4.4895e-5	1.2496e4	1.6658e4	9.3472e4	290.58	0.032	0.839	7.3053e12	2121	196	4	1.236e14	1.441e13	1.440e13	9.461e11	0
368000000	5.7429e-5	1.2008e4	1.4830e4	9.2801e4	290.30	0.032	0.836	7.3169e12	2046	197	4	1.265e14	1.323e13	1.322e13	9.964e11	0
369000000	8.1142e-5	1.1553e4	1.3042e4	9.2174e4	289.99	0.033	0.835	7.4506e12	2220	199	4	1.283e14	1.341e13	1.339e13	1.007e12	0
370000000	4.8949e-6	1.1132e4	2.5474e4	9.1583e4	290.22	0.033	0.860	6.8037e12	2284	202	4	1.170e14	1.341e13	1.341e13	8.293e11	0
371000000	2.9702e-5	1.1932e4	2.1967e4	9.2693e4	290.48	0.033	0.871	6.8092e12	2331	198	4	1.191e14	1.653e13	1.653e13	8.611e11	0
372000000	2.4193e-5	1.2754e4	2.1854e4	9.3825e4	290.82	0.033	0.872	7.0536e12	2130	194	4	1.191e14	1.552e13	1.552e13	9.185e11	0
373000000	5.2158e-5	1.3714e4	1.6333e4	9.5140e4	290.98	0.033	0.877	7.1692e12	2163	199	4	1.241e14	1.370e13	1.369e13	9.243e11	0
374000000	8.9520e-5	1.4813e4	1.0725e4	9.6637e4	291.06	0.032	0.874	7.7149e12	2096	208	4	1.364e14	1.290e13	1.288e13	1.028e12	0
375000000	1.4629e-4	1.5545e4	1.0779e4	9.7629e4	291.37	0.032	0.873	8.0450e12	2224	214	4	1.470e14	1.524e13	1.522e13	1.027e12	0
376000000	0.0000e0	1.5482e4	1.5411e-17	9.7532e4	292.36	0.030	0.880	8.1979e12	1880	197	4	1.267e14	7.798e10	8.130e10	1.075e10	0
377000000	1.8586e-4	1.6015e4	7.6777e3	9.8265e4	290.52	0.029	0.880	6.6974e12	1846	205	4	1.337e14	2.072e13	2.057e13	8.354e11	0
378000000	1.4336e-6	1.6076e4	2.9359e4	9.8330e4	292.04	0.028	0.882	7.5292e12	1873	203	4	1.428e14	1.483e13	1.486e13	1.006e12	0
379000000	7.8584e-5	1.6746e4	7.4205e3	9.9234e4	290.19	0.027	0.880	6.7378e12	1622	211	4	1.285e14	2.729e13	2.723e13	1.015e12	0
380000000	1.3657e-4	1.6112e4	6.3202e3	9.8391e4	291.15	0.027	0.878	7.6128e12	2071	210	4	1.521e14	1.911e13	1.904e13	1.030e12	0
381000000	5.0699e-6	1.6913e4	2.3892e4	9.9450e4	292.38	0.028	0.878	8.6408e12	1937	211	4	1.594e14	1.068e13	1.071e13	9.801e11	0
382000000	3.2950e-5	1.7395e4	5.4386e3	1.0009e5	290.24	0.028	0.874	7.5827e12	1874	227	4	1.315e14	8.687e12	8.659e12	8.587e11	0
383000000	7.3265e-6	1.7628e4	1.6431e4	1.0040e5	292.55	0.027	0.885	7.8210e12	2232	217	4	1.457e14	8.682e12	8.682e12	9.358e11	0
384000000	5.1236e-5	1.7400e4	1.4629e4	1.0010e5	292.48	0.027	0.886	8.0953e12	2384	222	4	1.632e14	2.133e13	2.132e13	1.146e12	0
385000000	1.0214e-4	1.6892e4	9.3533e3	9.9431e4	292.08	0.027	0.884	8.6834e12	2529	224	4	1.673e14	1.089e13	1.088e13	9.309e11	0
386000000	1.0411e-4	1.6492e4	1.1730e4	9.8896e4	291.48	0.028	0.891	8.6542e12	2895	229	4	1.575e14	1.880e13	1.883e13	1.053e12	0
387000000	6.9392e-5	1.7512e4	1.3714e4	1.0025e5	292.30	0.028	0.891	8.5890e12	2437	220	4	1.575e14	1.480e13	1.475e13	1.049e12	0
388000000	4.7461e-5	1.7995e4	1.3354e4	1.0089e5	292.58	0.026	0.890	8.4942e12	2598	226	4	1.683e14	1.486e13	1.484e13	1.068e12	0
389000000	7.7495e-5	1.7510e4	1.1140e4	1.0025e5	292.38	0.026	0.890	9.0291e12	2960	234	4	1.691e14	1.376e13	1.375e13	1.086e12	0
390000000	1.2851e-4	1.7002e4	1.0044e4	9.9580e4	291.95	0.025	0.890	9.2796e12	3297	233	4	1.755e14	1.484e13	1.483e13	1.126e12	0
391000000	0.0000e0	1.7763e4	5.9450e-17	1.0058e5	293.01	0.024	0.887	9.0961e12	2153	202	4	1.628e14	3.049e10	3.713e10	1.575e10	0
392000000	1.2022e-4	1.7694e4	6.6529e3	1.0050e5	290.57	0.022	0.890	7.8673e12	2098	252	4	1.526e14	1.193e13	1.183e13	9.545e11	0
393000000	1.0660e-5	1.7708e4	1.5264e4	1.0051e5	292.63	0.022	0.888	8.5272e12	2908	267	4	1.678e14	9.255e12	9.261e12	1.096e12	0
394000000	7.6677e-5	1.7278e4	1.4027e4	9.9943e4	292.54	0.023	0.886	8.8896e12	3483	273	4	1.745e14	1.565e13	1.563e13	1.121e12	0
395000000	8.4531e-5	1.7043e4	1.3668e4	9.9630e4	292.37	0.022	0.888	9.0484e12	4062	281	4	1.689e14	1.598e13	1.598e13	1.132e12	0
396000000	4.1771e-5	1.7450e4	1.4973e4	1.0017e5	292.67	0.022	0.888	9.0183e12	4217	276	4	1.707e14	1.579e13	1.579e13	1.100e12	0
397000000	4.6798e-5	1.7016e4	1.3883e4	9.9591e4	292.58	0.022	0.887	8.8440e12	4367	271	4	1.697e14	1.302e13	1.302e13	1.047e12	0
398000000	8.7019e-5	1.6296e4	1.0601e4	9.8632e4	292.01	0.021	0.886	8.7586e12	4231	273	4	1.634e14	1.238e13	1.238e13	1.031e12	0
399000000	1.0589e-4	1.6483e4	1.0703e4	9.8884e4	292.08	0.023	0.884	9.0030e12	4445	276	4	1.722e14	1.277e13	1.277e13	1.084e12	0
400000000	4.6998e-5	1.5897e4	1.5173e4	9.8093e4	291.99	0.023	0.887	9.1250e12	4319	271	4	1.715e14	1.071e13	1.072e13	1.123e12	0
401000000	4.8362e-5	1.5820e4	1.3013e4	9.7989e4	292.12	0.024	0.880	9.0362e12	4367	269	4	1.703e14	1.028e13	1.027e13	1.036e12	0
402000000	1.5336e-4	1.4834e4	9.1525e3	9.6671e4	291.27	0.024	0.885	8.9640e12	3977	267	4	1.665e14	1.303e13	1.302e13	1.049e12	0
403000000	3.9614e-5	1.4886e4	1.4023e4	9.6731e4	291.61	0.026	0.884	8.9784e12	3767	263	4	1.686e14	8.756e12	8.756e12	1.101e12	0
404000000	4.9464e-5	1.5485e4	1.2862e4	9.7539e4	291.61	0.026	0.883	8.4260e12	4351	278	4	1.579e14	1.031e13	1.031e13	1.058e12	0
405000000	6.5631e-5	1.6826e4	1.1051e4	9.9339e4	292.22	0.025	0.882	8.5042e12	4054	273	4	1.606e14	9.164e12	9.163e12	9.583e11	0
406000000	8.3004e-5	1.6381e4	1.4354e4	9.8745e4	291.94	0.025	0.881	8.6161e12	3969	276	4	1.608e14	1.327e13	1.332e13	1.049e12	0
407000000	1.8692e-5	1.5866e4	1.4304e4	9.8048e4	292.07	0.024	0.879	8.4899e12	3748	272	4	1.596e14	6.693e12	6.682e12	1.003e12	0
408000000	1.1093e-4	1.6813e4	9.4453e3	9.9326e4	292.04	0.024	0.882	8.5632e12	4309	264	4	1.609e14	1.101e13	1.100e13	1.027e12	0
409000000	9.6055e-6	1.6824e4	1.7874e4	9.9330e4	292.64	0.023	0.883	8.4228e12	3467	251	4	1.515e14	5.658e12	5.678e12	9.576e11	0
410000000	1.9644e-4	1.6416e4	8.4411e3	9.8803e4	291.81	0.024	0.880	8.4200e12	3814	272	4	1.611e14	1.397e13	1.389e13	9.883e11	0
411000000	1.8693e-6	1.6844e4	2.1955e4	9.9357e4	292.83	0.024	0.877	8.2719e12	3137	256	4	1.541e14	5.896e12	5.913e12	9.631e11	0
412000000	5.7266e-5	1.6441e4	1.8092e4	9.8823e4	292.72	0.025	0.877	7.9646e12	2479	265	4	1.486e14	1.194e13	1.195e13	7.897e11	0
413000000	5.2893e-5	1.5603e4	1.1503e4	9.7699e4	291.83	0.026	0.876	8.1712e12	3186	278	4	1.614e14	7.891e12	7.919e12	9.857e11	0
414000000	4.2718e-5	1.5218e4	2.3894e4	9.7179e4	291.32	0.027	0.876	8.2877e12	3648	287	4	1.567e14	1.318e13	1.331e13	1.048e12	0
415000000	5.0688e-6	1.6121e4	5.5871e4	9.8391e4	293.31	0.027	0.872	6.9646e12	2601	277	4	1.214e14	1.275e13	1.275e13	7.025e11	0
416000000	2.3603e-5	1.5815e4	1.2070e4	9.7980e4	292.04	0.028	0.871	7.1452e12	3322	281	4	1.412e14	6.396e12	6.398e12	8.014e11	0
417000000	4.3958e-5	1.5305e4	1.0366e4	9.7296e4	290.89	0.029	0.871	7.3431e12	3166	266	4	1.427e14	6.115e12	6.251e12	8.776e11	0
418000000	0.0000e0	1.6172e4	4.8536e-30	9.8457e4	292.55	0.029	0.871	6.9493e12	2511	257	4	1.388e14	0.000e0	1.360e6	1.052e10	0
419000000	3.1826e-6	1.6055e4	6.1183e4	9.8303e4	293.34	0.031	0.868	7.2281e12	2324	249	4	1.445e14	1.059e13	1.059e13	9.156e11	0
420000000	1.8605e-5	1.5937e4	3.1615e4	9.8145e4	292.77	0.030	0.868	7.4386e12	2545	247	4	1.465e14	1.210e13	1.209e13	8.891e11	0
421000000	2.4647e-6	1.5959e4	9.3124e3	9.8172e4	291.65	0.033	0.866	7.7074e12	2028	229	4	1.602e14	2.466e12	2.473e12	8.146e11	0
422000000	0.0000e0	1.6228e4	0.0000e0	9.8531e4	289.73	0.034	0.867	8.1201e12	1870	224	4	1.608e14	0.000e0	1.476e6	1.714e5	0
423000000	3.6730e-5	1.5725e4	2.7959e4	9.7862e4	292.39	0.032	0.887	8.2372e12	1989	232	4	1.565e14	1.466e13	1.466e13	1.007e12	0
424000000	1.6628e-5	1.6002e4	1.7846e4	9.8232e4	292.28	0.031	0.890	8.7523e12	2175	231	4	1.807e14	7.707e12	7.707e12	1.060e12	0
425000000	1.2067e-5	1.5926e4	6.9022e3	9.8128e4	291.33	0.032	0.888	9.0178e12	2021	225	4	1.782e14	4.195e12	4.186e12	1.005e12	0
426000000	3.0090e-6	1.7372e4	5.5838e4	1.0006e5	290.17	0.032	0.888	9.3816e12	1852	231	4	1.888e14	9.347e12	9.344e12	1.336e12	0
427000000	6.0059e-5	1.8345e4	1.0699e4	1.0136e5	292.44	0.031	0.887	8.8370e12	2071	234	4	1.799e14	1.041e13	1.036e13	1.110e12	0
428000000	1.9484e-4	1.8430e4	4.9632e3	1.0148e5	291.93	0.031	0.886	9.3865e12	2240	233	4	1.926e14	1.051e13	1.050e13	1.013e12	0
429000000	1.3468e-5	1.8221e4	2.8792e4	1.0119e5	292.81	0.032	0.884	9.4122e12	2262	232	4	1.809e14	9.398e12	9.499e12	1.179e12	0
430000000	0.0000e0	1.7700e4	0.0000e0	1.0050e5	290.34	0.032	0.883	8.6332e12	2619	257	4	1.720e14	0.000e0	2.277e6	2.284e5	0
431000000	1.9942e-4	1.7632e4	6.7098e3	1.0043e5	291.62	0.031	0.880	8.6270e12	2560	256	4	1.774e14	1.519e13	1.528e13	1.263e12	0
432000000	4.1848e-5	1.7543e4	1.3749e4	1.0029e5	292.47	0.031	0.880	8.8677e12	2805	265	4	1.782e14	9.970e12	9.965e12	1.342e12	0
433000000	5.3673e-5	1.7454e4	1.6620e4	1.0017e5	292.20	0.032	0.883	9.2514e12	3517	281	4	1.759e14	1.211e13	1.218e13	1.140e12	0
434000000	9.4222e-5	1.6932e4	2.4353e4	9.9484e4	292.46	0.031	0.882	8.9292e12	2320	271	4	1.727e14	2.189e13	2.184e13	1.057e12	0
435000000	4.9934e-5	1.6090e4	1.2065e4	9.8352e4	291.88	0.031	0.881	8.8622e12	2908	283	4	1.721e14	9.795e12	9.787e12	1.108e12	0
436000000	1.3958e-4	1.6574e4	8.4679e3	9.9009e4	291.71	0.032	0.879	9.1792e12	3123	283	4	1.863e14	1.299e13	1.294e13	1.108e12	0
437000000	8.2005e-5	1.6716e4	1.8628e4	9.9194e4	291.95	0.032	0.878	9.3568e12	3014	269	4	1.846e14	1.679e13	1.687e13	1.264e12	0
438000000	4.5631e-5	1.6926e4	3.4012e4	9.9471e4	292.75	0.033	0.878	8.9988e12	2307	262	4	1.779e14	2.351e13	2.349e13	1.067e12	0
439000000	3.8972e-6	1.5807e4	1.5318e4	9.7969e4	292.11	0.033	0.878	9.0489e12	2789	255	4	1.790e14	5.980e12	5.977e12	1.046e12	0
440000000	2.1647e-4	1.5239e4	8.2801e3	9.7224e4	291.19	0.034	0.877	9.2577e12	2958	256	4	1.830e14	1.634e13	1.625e13	1.017e12	0
441000000	5.8264e-6	1.5355e4	5.7996e4	9.7363e4	292.31	0.035	0.875	9.6838e12	2561	240	4	1.919e14	1.405e13	1.409e13	1.293e12	0
442000000	0.0000e0	1.5532e4	2.1406e4	9.7598e4	293.32	0.036	0.872	8.7343e12	2615	276	4	1.730e14	2.297e12	2.298e12	2.621e11	0
443000000	4.8750e-5	1.5655e4	1.3304e4	9.7768e4	291.60	0.036	0.890	9.1734e12	2612	258	4	1.908e14	1.334e13	1.330e13	1.167e12	0
444000000	1.8371e-4	1.7378e4	5.5609e2	1.0009e5	290.05	0.037	0.923	9.3571e12	2280	256	4	1.834e14	8.868e12	8.713e12	1.139e12	0
445000000	0.0000e0	1.9051e4	3.6600e-52	1.0228e5	294.36	0.035	0.921	1.1018e13	2317	233	4	2.378e14	0.000e0	5.063e8	7.500e9	0
446000000	0.0000e0	2.0947e4	2.8526e-2	1.0477e5	295.10	0.033	0.922	1.1734e13	2257	270	4	2.090e14	8.922e10	8.922e10	4.214e10	0
447000000	1.4341e-7	2.2820e4	5.2544e4	1.0720e5	295.00	0.034	0.921	1.2185e13	2428	257	4	2.267e14	8.931e12	8.931e12	1.305e12	0
448000000	3.3280e-5	2.4081e4	3.1251e4	1.0882e5	295.05	0.033	0.920	1.2082e13	2580	245	4	2.384e14	2.193e13	2.192e13	1.353e12	0
449000000	3.7902e-5	2.3993e4	1.9418e4	1.0871e5	294.65	0.033	0.921	1.1898e13	2658	253	4	2.191e14	1.663e13	1.661e13	1.311e12	0
450000000	2.3313e-4	2.4581e4	1.3672e4	1.0949e5	292.71	0.033	0.923	1.1630e13	2283	246	4	2.179e14	3.017e13	3.013e13	1.311e12	0
451000000	2.3772e-5	2.6178e4	2.4815e4	1.1150e5	295.52	0.030	0.923	1.1169e13	2207	249	4	1.924e14	1.956e13	1.955e13	1.164e12	0
452000000	3.4342e-5	2.4002e4	1.4847e4	1.0872e5	294.70	0.030	0.924	1.0768e13	2420	234	4	2.027e14	1.323e13	1.327e13	1.169e12	0
453000000	1.8268e-4	2.1932e4	7.8861e3	1.0607e5	293.48	0.031	0.923	1.0586e13	2463	238	4	2.015e14	1.748e13	1.750e13	1.111e12	0
454000000	3.3608e-4	2.0595e4	6.6345e3	1.0434e5	292.94	0.031	0.924	1.0689e13	2559	239	4	2.077e14	2.004e13	2.006e13	1.132e12	0
455000000	9.2216e-7	1.9303e4	2.3934e4	1.0261e5	293.59	0.032	0.923	1.0569e13	2437	223	4	2.033e14	5.158e12	5.184e12	1.387e12	0
456000000	1.3612e-4	1.9017e4	1.5562e4	1.0225e5	293.16	0.031	0.923	1.0330e13	2960	264	4	2.033e14	1.995e13	1.997e13	1.194e12	0
457000000	4.4436e-5	1.9057e4	1.0986e4	1.0229e5	292.84	0.032	0.922	1.0431e13	3069	254	4	2.029e14	1.012e13	1.012e13	1.272e12	0
458000000	2.0428e-4	1.9037e4	9.6468e3	1.0228e5	292.59	0.032	0.923	1.0495e13	3534	257	4	2.040e14	1.843e13	1.842e13	1.300e12	0
459000000	1.4218e-4	1.9473e4	1.2700e4	1.0285e5	292.90	0.032	0.923	1.0329e13	3590	258	4	1.982e14	1.831e13	1.835e13	1.397e12	0
460000000	6.8613e-5	1.9214e4	1.2642e4	1.0250e5	293.07	0.032	0.922	1.0072e13	4013	249	4	1.934e14	1.255e13	1.255e13	1.266e12	0
461000000	2.0965e-4	1.8426e4	8.8857e3	1.0148e5	292.49	0.031	0.922	1.0135e13	4074	259	4	1.976e14	1.714e13	1.711e13	1.190e12	0
462000000	1.5973e-4	1.8209e4	1.3730e4	1.0119e5	292.42	0.032	0.921	1.0273e13	4131	250	4	2.009e14	1.931e13	1.942e13	1.326e12	0
463000000	3.7761e-5	1.8246e4	3.5864e4	1.0122e5	293.51	0.028	0.922	9.7387e12	2421	238	4	1.848e14	2.108e13	2.106e13	1.069e12	0
464000000	1.5291e-4	1.8501e4	2.3816e3	1.0157e5	290.97	0.028	0.921	9.6725e12	2788	252	4	1.765e14	8.216e12	8.086e12	1.173e12	0
465000000	2.2919e-4	1.8312e4	6.1648e3	1.0133e5	292.33	0.030	0.917	9.7162e12	3033	242	4	1.865e14	1.391e13	1.388e13	1.110e12	0
466000000	1.0883e-4	1.7161e4	1.5306e4	9.9790e4	292.39	0.029	0.917	9.7435e12	3197	245	4	1.878e14	1.609e13	1.618e13	1.238e12	0
467000000	9.4074e-5	1.6166e4	1.1132e4	9.8459e4	292.20	0.029	0.917	9.8855e12	3992	271	4	1.926e14	1.230e13	1.228e13	1.169e12	0
468000000	3.2971e-4	1.5754e4	7.8282e3	9.7929e4	291.58	0.028	0.916	9.9670e12	4132	260	4	1.952e14	1.944e13	1.941e13	1.202e12	0
469000000	1.0510e-4	1.6131e4	1.2000e4	9.8413e4	292.20	0.028	0.915	1.0003e13	4007	248	4	1.975e14	1.350e13	1.351e13	1.261e12	0
470000000	2.5807e-4	1.5710e4	8.3752e3	9.7862e4	291.82	0.028	0.913	1.0145e13	4464	268	4	1.974e14	1.736e13	1.733e13	1.165e12	0
471000000	3.0009e-4	1.4708e4	9.2527e3	9.6516e4	291.38	0.028	0.912	1.0174e13	4255	251	4	1.959e14	1.982e13	1.986e13	1.222e12	0
472000000	2.1627e-4	1.4040e4	1.0453e4	9.5601e4	291.28	0.028	0.912	1.0102e13	4531	255	4	1.941e14	1.793e13	1.793e13	1.293e12	0
473000000	2.1231e-4	1.3690e4	9.6158e3	9.5123e4	291.21	0.028	0.910	1.0111e13	4824	256	4	1.944e14	1.653e13	1.652e13	1.199e12	0
474000000	1.9520e-4	1.3212e4	1.3270e4	9.4469e4	290.63	0.029	0.909	1.0105e13	4655	251	4	1.940e14	1.964e13	1.976e13	1.238e12	0
475000000	2.5528e-5	1.3635e4	3.8297e4	9.5031e4	292.48	0.024	0.909	9.3819e12	2554	243	4	1.787e14	1.929e13	1.927e13	9.456e11	0
476000000	0.0000e0	1.3459e4	0.0000e0	9.4787e4	289.35	0.026	0.908	9.0877e12	2765	256	4	1.531e14	5.335e5	4.026e6	6.753e5	0
477000000	8.6389e-5	1.3320e4	6.8536e3	9.4606e4	290.98	0.027	0.907	9.1861e12	3227	260	4	1.835e14	8.179e12	8.174e12	9.052e11	0
478000000	6.4442e-4	1.3230e4	4.8139e3	9.4538e4	290.28	0.028	0.908	9.2815e12	3691	275	4	1.787e14	2.037e13	2.043e13	9.770e11	0
479000000	3.0518e-5	1.2917e4	1.3228e4	9.4048e4	291.37	0.028	0.907	9.2815e12	3688	267	4	1.801e14	7.640e12	7.637e12	1.077e12	0
480000000	3.1767e-4	1.1736e4	6.7338e3	9.2450e4	290.06	0.028	0.907	9.2210e12	4045	276	4	1.749e14	1.584e13	1.580e13	9.732e11	0
481000000	3.9400e-4	1.1796e4	7.1521e3	9.2540e4	290.02	0.030	0.905	9.1711e12	4640	274	4	1.764e14	1.863e13	1.864e13	1.070e12	0
482000000	3.2154e-4	1.1491e4	8.0848e3	9.2111e4	289.99	0.031	0.904	9.1480e12	4875	259	4	1.763e14	1.783e13	1.783e13	1.106e12	0
483000000	2.9805e-4	1.1038e4	8.4713e3	9.1480e4	289.77	0.031	0.903	9.1463e12	4752	263	4	1.776e14	1.746e13	1.745e13	1.124e12	0
484000000	2.7701e-4	1.1234e4	8.3468e3	9.1750e4	289.82	0.031	0.902	9.2149e12	4817	262	4	1.800e14	1.672e13	1.669e13	1.116e12	0
485000000	3.5976e-4	1.1845e4	8.0345e3	9.2605e4	290.01	0.031	0.904	9.3467e12	4954	248	4	1.830e14	1.909e13	1.908e13	1.147e12	0
486000000	2.4712e-4	1.2289e4	8.5789e3	9.3206e4	290.37	0.031	0.904	9.4010e12	4884	247	4	1.831e14	1.589e13	1.587e13	1.117e12	0
487000000	4.1937e-4	1.2321e4	6.4839e3	9.3267e4	290.26	0.031	0.901	9.4152e12	5166	253	4	1.829e14	1.800e13	1.798e13	1.035e12	0
488000000	4.2613e-4	1.1911e4	7.9318e3	9.2702e4	289.89	0.031	0.901	9.1747e12	4965	253	4	1.818e14	1.995e13	2.007e13	1.062e12	0
489000000	1.7810e-4	1.1838e4	7.9933e3	9.2577e4	290.31	0.032	0.899	9.0105e12	4826	254	4	1.740e14	1.201e13	1.197e13	9.724e11	0
490000000	5.9811e-4	1.1265e4	4.8058e3	9.1825e4	289.47	0.034	0.897	8.7308e12	4683	248	4	1.661e14	1.802e13	1.798e13	8.983e11	0
491000000	6.4646e-4	1.0806e4	4.8146e3	9.1190e4	289.34	0.034	0.896	8.7180e12	5149	255	4	1.690e14	1.804e13	1.805e13	8.789e11	0
492000000	4.2950e-4	9.9458e3	7.3291e3	8.9965e4	288.71	0.034	0.894	8.4619e12	4714	251	4	1.623e14	1.762e13	1.781e13	9.021e11	0
493000000	2.2484e-4	1.0227e4	6.4494e3	9.0340e4	289.37	0.034	0.894	8.3446e12	4647	258	4	1.639e14	1.173e13	1.165e13	8.914e11	0
494000000	5.7907e-4	9.9076e3	5.1331e3	8.9926e4	288.63	0.035	0.895	8.2320e12	4799	249	4	1.574e14	1.737e13	1.735e13	8.724e11	0
495000000	5.5310e-4	1.0433e4	5.4996e3	9.0660e4	289.01	0.036	0.891	8.3011e12	5178	255	4	1.629e14	1.793e13	1.789e13	9.477e11	0
496000000	5.9904e-4	1.0349e4	5.3815e3	9.0546e4	288.99	0.036	0.890	8.4214e12	5288	259	4	1.652e14	1.855e13	1.854e13	9.411e11	0
497000000	4.9298e-4	9.8532e3	6.6339e3	8.9841e4	288.67	0.036	0.889	8.5659e12	4785	242	4	1.710e14	1.836e13	1.840e13	9.638e11	0
498000000	6.4231e-4	1.0046e4	3.5366e3	9.0126e4	288.79	0.037	0.888	8.7055e12	4926	255	4	1.711e14	1.863e13	1.850e13	9.693e11	0
499000000	9.0109e-4	9.7226e3	4.0482e3	8.9697e4	288.53	0.037	0.886	8.7243e12	5017	251	4	1.687e14	2.006e13	2.006e13	8.833e11	0
500000000	5.1537e-4	9.1161e3	6.2011e3	8.8804e4	288.18	0.037	0.887	8.3772e12	4828	256	4	1.581e14	1.701e13	1.715e13	8.638e11	0
501000000	6.0602e-4	9.2397e3	4.9970e3	8.8988e4	288.46	0.037	0.885	8.3416e12	4752	257	4	1.623e14	1.767e13	1.749e13	9.569e11	0
502000000	8.2227e-4	8.8131e3	4.0308e3	8.8404e4	287.97	0.037	0.886	8.1963e12	4728	259	4	1.542e14	1.732e13	1.738e13	7.734e11	0
503000000	7.3911e-4	8.9609e3	4.5983e3	8.8606e4	288.17	0.037	0.885	8.1179e12	5206	253	4	1.561e14	1.841e13	1.843e13	8.633e11	0
504000000	6.1881e-4	9.1489e3	5.2597e3	8.8860e4	288.18	0.038	0.884	8.0742e12	5153	255	4	1.557e14	1.785e13	1.787e13	8.894e11	0
505000000	6.6062e-4	9.8141e3	3.4823e3	8.9802e4	288.63	0.038	0.884	8.0338e12	4984	249	4	1.558e14	1.631e13	1.622e13	8.235e11	0
506000000	7.6616e-4	9.7304e3	4.7776e3	8.9695e4	288.41	0.037	0.883	8.0586e12	5024	255	4	1.590e14	1.904e13	1.918e13	8.377e11	0
507000000	5.4358e-4	9.2420e3	5.0555e3	8.8985e4	288.55	0.036	0.882	8.1297e12	4673	257	4	1.597e14	1.633e13	1.612e13	9.371e11	0
508000000	1.0159e-3	8.7008e3	3.0413e3	8.8263e4	287.87	0.037	0.883	8.1954e12	4724	274	4	1.592e14	1.676e13	1.676e13	6.971e11	0
509000000	1.0562e-3	9.2014e3	3.5845e3	8.8976e4	288.17	0.036	0.883	8.2023e12	5101	269	4	1.595e14	1.881e13	1.893e13	7.577e11	0
510000000	5.1214e-4	9.3561e3	6.5256e3	8.9143e4	288.33	0.037	0.883	8.0849e12	4836	266	4	1.529e14	1.795e13	1.803e13	9.082e11	0
511000000	3.7011e-4	9.4275e3	4.7605e3	8.9230e4	288.79	0.035	0.885	7.9102e12	4755	264	4	1.557e14	1.329e13	1.318e13	8.648e11	0
512000000	6.7678e-4	9.2764e3	4.9143e3	8.9046e4	288.36	0.035	0.884	7.9240e12	5052	263	4	1.566e14	1.791e13	1.793e13	8.569e11	0
513000000	5.3712e-4	9.1970e3	5.8067e3	8.8921e4	288.56	0.034	0.884	7.9703e12	5112	272	4	1.560e14	1.724e13	1.722e13	9.024e11	0
514000000	5.3392e-4	8.6371e3	5.7012e3	8.8127e4	288.33	0.035	0.885	7.9543e12	5020	270	4	1.541e14	1.680e13	1.682e13	8.881e11	0
515000000	4.8510e-4	8.3612e3	4.5706e3	8.7730e4	288.16	0.036	0.884	7.9013e12	4980	264	4	1.525e14	1.241e13	1.241e13	6.884e11	0
516000000	6.6256e-4	8.0859e3	4.7455e3	8.7354e4	287.76	0.036	0.883	7.8143e12	4903	264	4	1.506e14	1.692e13	1.691e13	8.268e11	0
517000000	7.4209e-4	7.8496e3	4.1666e3	8.7024e4	287.72	0.036	0.883	7.7685e12	5086	265	4	1.500e14	1.705e13	1.698e13	8.221e11	0
518000000	7.1433e-4	7.2091e3	4.2686e3	8.6101e4	287.15	0.038	0.882	7.6517e12	4735	270	4	1.454e14	1.589e13	1.594e13	7.381e11	0
519000000	6.5247e-4	7.0673e3	4.6683e3	8.5891e4	287.10	0.037	0.890	7.5800e12	4898	277	4	1.461e14	1.584e13	1.586e13	7.740e11	0
520000000	6.5533e-4	7.5959e3	3.6485e3	8.6652e4	287.42	0.037	0.892	7.5457e12	5067	271	4	1.463e14	1.283e13	1.284e13	6.300e11	0
521000000	1.0162e-3	8.2875e3	3.2039e3	8.7675e4	287.73	0.036	0.891	7.5099e12	5051	271	4	1.457e14	1.770e13	1.761e13	7.512e11	0
522000000	1.0250e-3	8.5716e3	3.4324e3	8.8080e4	287.83	0.036	0.889	7.4761e12	5233	273	4	1.449e14	1.774e13	1.788e13	7.136e11	0
523000000	5.3150e-4	9.0380e3	3.2935e3	8.8695e4	288.39	0.036	0.891	7.3666e12	4776	279	4	1.412e14	1.364e13	1.349e13	7.766e11	0
524000000	9.1257e-4	9.0387e3	3.6634e3	8.8732e4	288.12	0.035	0.890	7.2604e12	5175	286	4	1.418e14	1.746e13	1.751e13	7.347e11	0
525000000	6.8245e-4	8.9178e3	2.1408e3	8.8539e4	288.38	0.035	0.889	7.1511e12	5199	277	4	1.393e14	1.460e13	1.444e13	7.413e11	0
526000000	1.4014e-3	8.2990e3	2.1569e3	8.7727e4	287.74	0.035	0.893	6.8647e12	5163	278	4	1.322e14	1.686e13	1.671e13	6.377e11	0
527000000	1.7049e-3	7.9801e3	1.6389e3	8.7301e4	287.38	0.035	0.893	6.7890e12	5246	280	4	1.302e14	1.411e13	1.413e13	4.862e11	0
528000000	7.6967e-4	8.7943e3	4.5619e3	8.8372e4	287.61	0.036	0.897	6.7420e12	5467	283	4	1.312e14	1.628e13	1.703e13	6.355e11	0
529000000	0.0000e0	9.9642e3	0.0000e0	8.9950e4	287.91	0.032	0.897	7.3337e12	3049	269	4	1.950e14	0.000e0	2.111e7	8.215e5	0
530000000	4.9455e-4	9.6948e3	5.6535e3	8.9619e4	288.86	0.032	0.895	7.3824e12	2899	254	4	1.440e14	1.482e13	1.485e13	7.408e11	0
531000000	5.0781e-4	1.0284e4	3.7880e3	9.0446e4	289.11	0.032	0.895	7.2686e12	3442	277	4	1.363e14	1.227e13	1.217e13	7.511e11	0
532000000	6.0990e-4	1.0476e4	4.2840e3	9.0726e4	289.08	0.031	0.903	7.1243e12	3883	282	4	1.334e14	1.412e13	1.420e13	6.887e11	0
533000000	1.9722e-4	1.1528e4	3.8707e3	9.2150e4	290.11	0.030	0.895	6.9408e12	3790	272	4	1.355e14	6.808e12	6.750e12	5.522e11	0
534000000	7.1844e-4	1.1062e4	3.6799e3	9.1553e4	289.45	0.030	0.902	6.8667e12	4270	272	4	1.319e14	1.450e13	1.452e13	6.778e11	0
535000000	4.2981e-4	1.0774e4	4.9178e3	9.1124e4	289.54	0.031	0.896	6.6798e12	4488	277	4	1.317e14	1.271e13	1.263e13	7.568e11	0
536000000	3.2136e-4	1.0328e4	7.1529e3	9.0490e4	289.19	0.031	0.902	6.6288e12	4665	271	4	1.286e14	1.319e13	1.339e13	7.295e11	0
537000000	8.0749e-5	1.0807e4	1.3449e4	9.1138e4	288.46	0.029	0.903	6.3307e12	2907	256	4	1.261e14	9.624e12	9.561e12	6.452e11	0
538000000	4.2980e-4	1.0573e4	4.1011e3	9.0844e4	289.16	0.030	0.901	6.4264e12	3609	265	4	1.279e14	1.130e13	1.130e13	7.263e11	0
539000000	3.9969e-4	1.0914e4	4.9981e3	9.1317e4	289.69	0.030	0.901	6.4840e12	4085	279	4	1.276e14	1.223e13	1.218e13	7.516e11	0
540000000	4.3004e-4	1.0543e4	5.2577e3	9.0801e4	289.49	0.030	0.900	6.4811e12	4698	283	4	1.265e14	1.277e13	1.282e13	7.178e11	0
541000000	3.4458e-4	1.0415e4	6.0092e3	9.0614e4	289.32	0.031	0.900	6.4427e12	4585	290	4	1.254e14	1.246e13	1.244e13	7.607e11	0
542000000	4.0839e-4	1.0678e4	3.5768e3	9.0988e4	289.69	0.031	0.899	6.4130e12	4924	279	4	1.254e14	8.822e12	8.822e12	5.164e11	0
543000000	3.9526e-4	1.0081e4	6.1510e3	9.0152e4	288.97	0.031	0.899	6.1436e12	4638	281	4	1.198e14	1.338e13	1.358e13	6.979e11	0
544000000	1.0624e-4	1.0812e4	5.4150e3	9.1146e4	288.45	0.030	0.902	6.0205e12	2456	249	4	1.173e14	5.467e12	5.383e12	7.005e11	0
545000000	3.2429e-4	1.0769e4	3.5301e3	9.1108e4	289.64	0.030	0.901	6.0388e12	3966	290	4	1.185e14	5.885e12	5.949e12	4.035e11	0
546000000	3.9237e-4	1.0805e4	5.2919e3	9.1165e4	289.59	0.030	0.901	6.0267e12	4603	296	4	1.176e14	1.218e13	1.223e13	7.037e11	0
547000000	3.1637e-4	1.0919e4	4.3857e3	9.1315e4	289.78	0.030	0.900	5.9855e12	4764	304	4	1.166e14	1.043e13	1.036e13	6.963e11	0
548000000	4.8184e-4	1.0685e4	4.4445e3	9.1005e4	289.47	0.031	0.900	5.8737e12	5004	290	4	1.144e14	1.230e13	1.230e13	6.720e11	0
549000000	2.3177e-4	1.0725e4	7.1670e3	9.1037e4	289.55	0.031	0.900	5.8403e12	5009	280	4	1.138e14	1.084e13	1.086e13	7.228e11	0
550000000	2.3386e-4	1.1041e4	4.4595e3	9.1477e4	290.04	0.028	0.901	5.7727e12	4857	284	4	1.124e14	8.842e12	8.764e12	6.714e11	0
551000000	2.7207e-4	1.0839e4	6.9622e3	9.1200e4	289.73	0.027	0.902	5.7446e12	5077	278	4	1.117e14	1.156e13	1.169e13	6.904e11	0
552000000	1.7786e-5	1.1039e4	1.6932e4	9.1454e4	291.12	0.023	0.903	5.2126e12	3120	272	4	9.686e13	6.290e12	6.276e12	4.910e11	0
553000000	3.4062e-4	1.1110e4	3.5001e3	9.1583e4	289.22	0.024	0.901	5.1060e12	3039	274	4	1.027e14	8.301e12	8.077e12	5.942e11	0
554000000	1.6267e-4	1.0931e4	7.0689e3	9.1317e4	290.11	0.024	0.902	5.1973e12	4326	293	4	1.029e14	5.226e12	5.309e12	4.237e11	0
555000000	1.3605e-4	1.0833e4	5.0220e3	9.1178e4	290.26	0.024	0.901	5.1400e12	5022	304	4	1.014e14	6.389e12	6.352e12	5.832e11	0
556000000	1.6543e-4	1.0031e4	5.0032e3	9.0060e4	289.82	0.024	0.901	5.1386e12	5225	296	4	1.005e14	5.136e12	5.174e12	4.175e11	0
557000000	2.7403e-4	9.6011e3	5.1954e3	8.9466e4	289.46	0.025	0.899	5.1347e12	5445	300	4	1.010e14	8.994e12	8.996e12	6.059e11	0
558000000	2.3732e-4	9.2260e3	5.8735e3	8.8933e4	289.18	0.026	0.899	5.1219e12	5678	293	4	1.009e14	9.092e12	9.110e12	6.318e11	0
559000000	2.6906e-4	9.2042e3	4.5931e3	8.8905e4	289.22	0.026	0.898	5.2366e12	6042	305	4	1.046e14	8.326e12	8.313e12	5.654e11	0
560000000	2.6999e-4	9.0121e3	6.1028e3	8.8634e4	289.08	0.024	0.899	5.2679e12	5900	293	4	1.036e14	1.008e13	1.015e13	6.357e11	0
561000000	1.9368e-4	8.9104e3	4.9522e3	8.8482e4	289.16	0.025	0.898	5.2543e12	5731	289	4	1.032e14	8.266e12	8.192e12	6.730e11	0
562000000	2.2097e-4	8.9771e3	7.0555e3	8.8580e4	288.93	0.026	0.899	5.2421e12	5846	290	4	1.024e14	1.002e13	1.010e13	6.535e11	0
563000000	1.4891e-6	9.5102e3	8.5522e3	8.9312e4	290.08	0.022	0.898	5.0677e12	5305	291	4	9.960e13	1.128e12	1.130e12	4.899e11	0
564000000	2.9719e-4	1.0028e4	3.9879e3	9.0068e4	289.85	0.022	0.899	5.0723e12	5843	293	4	1.001e14	7.566e12	7.568e12	4.901e11	0
565000000	1.5634e-4	9.4831e3	7.7778e3	8.9288e4	289.57	0.022	0.898	5.0732e12	6043	292	4	9.924e13	8.262e12	8.334e12	6.127e11	0
566000000	1.7045e-4	9.4346e3	4.3900e3	8.9221e4	289.71	0.022	0.900	5.0453e12	5977	302	4	9.907e13	6.775e12	6.709e12	5.701e11	0
567000000	1.7914e-4	8.9565e3	7.3771e3	8.8547e4	289.28	0.021	0.899	5.0204e12	5963	294	4	9.792e13	8.623e12	8.721e12	6.001e11	0
568000000	9.5997e-5	9.0524e3	5.7886e3	8.8674e4	289.52	0.020	0.900	4.9724e12	5887	292	4	9.733e13	5.722e12	5.669e12	6.176e11	0
569000000	1.6242e-4	9.4207e3	7.3700e3	8.9201e4	289.57	0.021	0.901	4.9534e12	6235	298	4	9.673e13	8.115e12	8.183e12	6.063e11	0
570000000	9.4600e-5	9.7445e3	5.9435e3	8.9650e4	289.89	0.020	0.899	4.9385e12	5986	298	4	9.806e13	5.756e12	5.714e12	6.183e11	0
571000000	2.1873e-4	9.7874e3	5.4537e3	8.9723e4	289.97	0.020	0.899	4.9898e12	6156	294	4	9.862e13	7.963e12	7.970e12	5.895e11	0
572000000	1.3867e-4	8.8691e3	7.3222e3	8.8419e4	289.50	0.020	0.898	5.0008e12	6138	290	4	9.786e13	7.726e12	7.753e12	6.417e11	0
573000000	1.7127e-4	8.1373e3	5.1335e3	8.7381e4	289.17	0.020	0.897	4.9632e12	5985	301	4	9.669e13	6.985e12	6.960e12	5.713e11	0
574000000	4.9720e-5	7.5617e3	1.3124e4	8.6547e4	288.47	0.020	0.897	4.9013e12	5780	294	4	9.465e13	6.905e12	7.006e12	5.945e11	0
575000000	7.1445e-5	8.6853e3	4.4500e3	8.8152e4	287.98	0.021	0.897	4.8648e12	3266	278	4	9.249e13	3.681e12	3.626e12	5.758e11	0
576000000	2.3824e-4	8.3545e3	4.6420e3	8.7697e4	288.91	0.020	0.897	4.9447e12	5128	301	4	9.799e13	6.045e12	6.106e12	4.872e11	0
577000000	1.5713e-4	8.1184e3	5.7892e3	8.7353e4	289.07	0.020	0.897	4.9602e12	5539	310	4	9.731e13	7.297e12	7.273e12	6.356e11	0
578000000	1.9738e-4	7.8861e3	6.1491e3	8.7025e4	288.91	0.020	0.897	4.9403e12	5960	312	4	9.611e13	7.956e12	7.978e12	6.017e11	0
579000000	1.4484e-4	7.7267e3	6.8727e3	8.6792e4	288.83	0.020	0.898	4.8948e12	6082	307	4	9.489e13	7.493e12	7.493e12	6.246e11	0
580000000	1.8632e-4	7.6525e3	5.3573e3	8.6689e4	288.82	0.020	0.900	4.8494e12	6155	301	4	9.415e13	7.475e12	7.454e12	5.908e11	0
581000000	7.9047e-5	7.6656e3	1.0835e4	8.6698e4	288.61	0.020	0.899	4.8028e12	5973	296	4	9.319e13	7.710e12	7.799e12	6.264e11	0
582000000	2.7034e-5	8.8157e3	5.8087e3	8.8333e4	288.05	0.020	0.900	4.6897e12	3226	286	4	8.952e13	2.613e12	2.592e12	5.804e11	0
583000000	3.3035e-5	9.3873e3	1.0723e4	8.9142e4	289.74	0.020	0.899	4.5732e12	4615	301	4	8.954e13	3.607e12	3.689e12	4.764e11	0
584000000	0.0000e0	1.0022e4	3.7548e-1	9.0031e4	290.93	0.020	0.899	4.2341e12	4022	287	4	7.763e13	7.105e10	7.392e10	2.353e10	0
585000000	7.4536e-5	9.9542e3	3.9470e3	8.9943e4	290.02	0.021	0.898	4.2407e12	4340	287	4	8.326e13	3.452e12	3.446e12	4.364e11	0
586000000	6.2506e-5	8.9890e3	9.5247e3	8.8582e4	289.51	0.020	0.898	4.2584e12	4889	290	4	8.358e13	5.503e12	5.588e12	5.167e11	0
587000000	6.7076e-5	8.8595e3	1.3577e4	8.8399e4	289.76	0.020	0.899	4.2502e12	3071	290	4	8.568e13	8.398e12	8.356e12	4.881e11	0
588000000	8.0446e-5	9.1162e3	4.1582e3	8.8763e4	289.46	0.020	0.898	4.2914e12	4052	287	4	8.537e13	3.832e12	3.807e12	5.502e11	0
589000000	1.0227e-4	9.0707e3	4.9507e3	8.8701e4	289.74	0.020	0.898	4.4085e12	4442	284	4	8.913e13	4.621e12	4.619e12	4.901e11	0
590000000	1.0727e-4	8.1985e3	6.7379e3	8.7463e4	289.32	0.019	0.897	4.3449e12	4848	284	4	8.603e13	5.780e12	5.799e12	5.641e11	0
591000000	7.8594e-5	7.6718e3	8.6971e3	8.6707e4	288.77	0.020	0.895	4.3356e12	4819	289	4	8.477e13	6.333e12	6.371e12	5.918e11	0
592000000	7.6311e-5	8.3193e3	6.1063e3	8.7632e4	289.25	0.020	0.895	4.3012e12	5043	284	4	8.505e13	5.022e12	4.986e12	5.585e11	0
593000000	1.5643e-4	8.7610e3	6.8951e3	8.8267e4	289.25	0.022	0.895	4.3740e12	5298	282	4	8.767e13	7.960e12	7.997e12	6.251e11	0
594000000	1.0329e-6	8.8613e3	6.7793e3	8.8395e4	289.92	0.022	0.893	4.3851e12	4779	274	4	8.602e13	7.064e11	7.061e11	3.780e11	0
595000000	1.3348e-4	8.2510e3	6.3665e3	8.7540e4	288.82	0.022	0.894	4.3911e12	4557	264	4	8.566e13	6.197e12	6.287e12	5.362e11	0
596000000	2.7313e-5	8.4060e3	9.0479e3	8.7751e4	287.77	0.024	0.895	4.2981e12	2545	244	4	7.881e13	3.695e12	3.674e12	4.985e11	0
597000000	6.4453e-5	8.4325e3	8.0187e3	8.7792e4	289.08	0.024	0.893	4.3241e12	3708	284	4	8.507e13	4.073e12	4.142e12	4.580e11	0
598000000	6.7692e-5	8.5371e3	5.3706e3	8.7941e4	289.20	0.024	0.891	4.2910e12	4005	276	4	8.438e13	4.302e12	4.256e12	5.441e11	0
599000000	8.6714e-5	8.5572e3	7.7951e3	8.7971e4	289.29	0.024	0.891	4.2710e12	4389	276	4	8.343e13	6.139e12	6.148e12	5.714e11	0
600000000	6.3260e-5	8.5269e3	9.0842e3	8.7926e4	289.06	0.024	0.892	4.2348e12	4592	275	4	8.251e13	5.935e12	5.945e12	5.839e11	0
601000000	2.6027e-5	9.3582e3	5.6775e3	8.9100e4	289.92	0.024	0.893	4.1768e12	4372	262	4	8.166e13	2.596e12	2.581e12	3.987e11	0
602000000	2.8596e-5	8.8210e3	8.3049e3	8.8340e4	289.64	0.024	0.893	3.9499e12	4307	257	4	7.648e13	4.185e12	4.196e12	5.308e11	0
603000000	1.2968e-4	8.0379e3	5.9298e3	8.7235e4	288.95	0.024	0.895	3.9204e12	4260	257	4	7.596e13	6.313e12	6.311e12	5.208e11	0
604000000	3.6074e-5	7.7984e3	9.6016e3	8.6885e4	288.72	0.025	0.896	3.8767e12	4508	258	4	7.541e13	4.589e12	4.584e12	5.354e11	0
605000000	7.0302e-5	8.8080e3	6.2324e3	8.8326e4	289.42	0.025	0.896	3.8339e12	4515	260	4	7.489e13	4.808e12	4.774e12	4.786e11	0
606000000	8.7118e-5	8.8937e3	6.0294e3	8.8449e4	289.66	0.024	0.894	3.8088e12	4346	251	4	7.382e13	4.930e12	4.922e12	4.414e11	0
607000000	2.0335e-5	8.2768e3	1.2196e4	8.7566e4	289.06	0.024	0.903	3.8143e12	4276	244	4	7.596e13	2.752e12	2.830e12	3.582e11	0
608000000	3.6885e-5	9.5394e3	1.6089e4	8.9357e4	290.03	0.024	0.908	3.7964e12	2603	228	4	7.534e13	7.345e12	7.316e12	4.530e11	0
609000000	0.0000e0	1.1709e4	6.7722e-32	9.2383e4	291.16	0.023	0.911	3.7202e12	3157	258	4	7.257e13	0.000e0	1.141e6	5.447e9	0
610000000	0.0000e0	1.2724e4	3.9109e-28	9.3781e4	291.99	0.023	0.911	3.7516e12	2828	240	4	6.797e13	0.000e0	7.987e9	3.729e9	0
611000000	0.0000e0	1.2609e4	7.1095e-13	9.3623e4	293.39	0.020	0.911	3.6748e12	2471	231	4	6.163e13	0.000e0	9.971e6	7.596e9	0
612000000	4.7074e-9	1.3497e4	4.8967e4	9.4842e4	293.51	0.018	0.913	3.5489e12	2242	222	4	7.289e13	3.206e12	3.206e12	4.315e11	0
613000000	7.7502e-7	1.4600e4	2.9098e4	9.6340e4	294.26	0.017	0.913	3.6043e12	2259	226	4	6.887e13	2.673e12	2.673e12	2.667e11	0
614000000	6.4868e-7	1.3430e4	7.7979e4	9.4751e4	293.46	0.016	0.911	3.9024e12	1970	212	4	8.551e13	6.255e12	6.260e12	6.496e11	0
615000000	0.0000e0	1.2322e4	1.4399e5	9.3236e4	294.29	0.015	0.914	4.6133e12	1857	200	4	8.571e13	1.044e13	1.044e13	8.610e11	0
616000000	3.4864e-6	1.1923e4	7.2597e4	9.2682e4	293.55	0.015	0.916	5.0370e12	1915	197	4	9.013e13	1.572e13	1.572e13	9.241e11	0
617000000	6.3628e-6	1.2101e4	5.0759e4	9.2926e4	293.34	0.014	0.918	5.2892e12	1922	192	4	9.900e13	1.590e13	1.590e13	8.716e11	0
618000000	9.6313e-6	1.1868e4	3.8269e4	9.2604e4	293.11	0.013	0.917	6.1928e12	1733	187	4	1.242e14	1.709e13	1.709e13	9.261e11	0
619000000	1.6228e-5	1.1155e4	2.9313e4	9.1617e4	292.49	0.014	0.916	6.8542e12	1587	185	4	1.274e14	1.770e13	1.770e13	1.075e12	0
620000000	1.5061e-5	1.0971e4	2.4548e4	9.1359e4	292.15	0.013	0.916	7.3108e12	1558	189	4	1.327e14	1.777e13	1.777e13	1.048e12	0
621000000	7.2234e-7	1.1504e4	8.2115e4	9.2102e4	293.19	0.012	0.921	7.6585e12	1577	176	4	1.409e14	2.030e13	2.030e13	1.098e12	0
622000000	0.0000e0	1.0835e4	1.0140e5	9.1173e4	293.86	0.010	0.920	8.1022e12	1737	179	4	1.332e14	1.793e13	1.793e13	1.204e12	0
623000000	1.9637e-6	9.4911e3	1.1502e5	8.9291e4	293.17	0.009	0.919	9.6295e12	1903	190	4	1.533e14	4.029e13	4.029e13	2.045e12	0
624000000	0.0000e0	8.9123e3	5.8026e4	8.8470e4	292.40	0.009	0.919	9.9909e12	1954	192	4	1.559e14	3.411e13	3.411e13	1.152e12	0
625000000	2.1288e-6	8.8418e3	7.3301e4	8.8371e4	292.40	0.009	0.918	1.0362e13	2068	189	4	1.740e14	4.263e13	4.263e13	1.756e12	0
626000000	4.7220e-7	8.2472e3	6.8628e4	8.7525e4	292.09	0.010	0.919	1.1458e13	2039	186	4	1.988e14	4.537e13	4.537e13	1.702e12	0
627000000	3.0947e-6	7.5234e3	5.9265e4	8.6490e4	291.35	0.010	0.920	1.1725e13	2204	196	4	1.978e14	4.367e13	4.367e13	1.814e12	0
628000000	9.9652e-6	7.7391e3	5.6925e4	8.6800e4	291.54	0.009	0.921	1.2931e13	1829	182	4	2.089e14	5.030e13	5.030e13	2.140e12	0
629000000	8.5938e-6	7.5591e3	5.3962e4	8.6541e4	291.36	0.010	0.920	1.3614e13	1769	181	4	2.234e14	4.929e13	4.929e13	2.105e12	0
630000000	1.0597e-5	7.4883e3	4.9579e4	8.6440e4	291.28	0.010	0.926	1.4364e13	1870	184	4	2.416e14	4.907e13	4.907e13	2.112e12	0
631000000	9.9893e-6	7.4480e3	4.7265e4	8.6382e4	291.02	0.011	0.938	1.4207e13	2064	180	4	2.492e14	4.907e13	4.907e13	1.994e12	0
632000000	9.1752e-6	8.1976e3	4.5723e4	8.7454e4	291.50	0.010	0.938	1.4221e13	2056	195	4	2.346e14	5.262e13	5.262e13	2.071e12	0
633000000	1.4963e-5	8.5973e3	4.5174e4	8.8024e4	291.79	0.009	0.946	1.4202e13	2209	183	4	2.538e14	5.449e13	5.449e13	2.210e12	0
634000000	1.1944e-5	9.1324e3	4.4539e4	8.8782e4	292.00	0.009	0.947	1.4167e13	2391	183	4	2.534e14	5.329e13	5.329e13	2.202e12	0
635000000	8.0185e-6	9.8610e3	4.3495e4	8.9808e4	292.46	0.009	0.945	1.3815e13	2521	187	4	2.295e14	5.276e13	5.276e13	2.098e12	0
636000000	6.2920e-6	1.0072e4	4.2439e4	9.0104e4	292.55	0.008	0.946	1.3616e13	2787	191	4	2.451e14	5.148e13	5.148e13	2.071e12	0
637000000	8.3412e-6	1.0598e4	4.1307e4	9.0840e4	292.84	0.007	0.944	1.3482e13	2916	194	4	2.410e14	5.253e13	5.253e13	2.064e12	0
638000000	7.9490e-6	1.0613e4	3.9129e4	9.0861e4	293.09	0.004	0.945	1.3424e13	2994	189	4	2.383e14	5.272e13	5.272e13	2.005e12	0
639000000	1.0223e-5	9.8138e3	3.7067e4	8.9741e4	292.46	0.005	0.944	1.3322e13	3058	192	4	2.300e14	5.207e13	5.207e13	1.962e12	0
640000000	8.2467e-6	1.0461e4	3.5522e4	9.0649e4	292.82	0.004	0.942	1.3047e13	3242	192	4	2.326e14	5.450e13	5.450e13	1.852e12	0
641000000	8.7690e-6	1.0863e4	3.4039e4	9.1209e4	292.95	0.004	0.943	1.2713e13	3367	191	4	2.303e14	5.222e13	5.222e13	1.824e12	0
642000000	1.3258e-5	1.1691e4	3.1792e4	9.2360e4	293.30	0.002	0.944	1.2642e13	3286	195	4	2.327e14	4.745e13	4.745e13	1.841e12	0
643000000	1.8858e-5	1.2683e4	2.9748e4	9.3728e4	293.77	0.002	0.941	1.2321e13	3086	197	4	2.357e14	4.810e13	4.810e13	1.865e12	0
644000000	1.9145e-5	1.2402e4	2.7896e4	9.3341e4	293.76	0.002	0.939	1.2250e13	3342	195	4	2.265e14	4.700e13	4.699e13	1.797e12	0
645000000	2.7860e-5	1.1102e4	2.6124e4	9.1544e4	292.97	0.002	0.939	1.1912e13	3405	189	4	2.254e14	4.485e13	4.484e13	1.756e12	0
646000000	2.3883e-5	1.1302e4	2.4336e4	9.1820e4	293.06	0.002	0.940	1.1669e13	3545	192	4	2.234e14	4.075e13	4.075e13	1.690e12	0
647000000	3.6969e-5	1.0939e4	2.2792e4	9.1317e4	292.85	0.002	0.939	1.1614e13	3511	196	4	2.306e14	4.025e13	4.024e13	1.728e12	0
648000000	4.8850e-5	1.0806e4	2.0820e4	9.1133e4	292.63	0.002	0.939	1.1501e13	3543	198	4	2.218e14	3.654e13	3.654e13	1.731e12	0
649000000	4.7433e-5	1.1280e4	1.8980e4	9.1792e4	292.81	0.003	0.938	1.1451e13	3575	197	4	2.138e14	3.311e13	3.311e13	1.630e12	0
650000000	6.6907e-5	1.0964e4	1.7488e4	9.1355e4	292.70	0.003	0.937	1.1368e13	3672	208	4	2.195e14	3.134e13	3.134e13	1.621e12	0
651000000	1.0929e-4	1.0197e4	1.5696e4	9.0287e4	292.05	0.003	0.937	1.1503e13	3644	208	4	2.212e14	3.383e13	3.383e13	1.607e12	0
652000000	1.4777e-4	1.0627e4	1.4284e4	9.0893e4	292.37	0.003	0.937	1.1528e13	3838	206	4	2.268e14	2.838e13	2.838e13	1.568e12	0
653000000	1.8216e-4	9.8437e3	1.3472e4	8.9799e4	291.80	0.004	0.937	1.1570e13	3878	203	4	2.209e14	2.761e13	2.760e13	1.523e12	0
654000000	1.5981e-4	1.0012e4	1.4398e4	9.0032e4	291.91	0.004	0.937	1.1574e13	4066	206	4	2.232e14	2.644e13	2.643e13	1.551e12	0
655000000	1.7985e-4	1.0411e4	1.4330e4	9.0594e4	292.08	0.004	0.936	1.1748e13	4096	210	4	2.330e14	2.492e13	2.491e13	1.619e12	0
656000000	2.2588e-4	1.1063e4	1.3580e4	9.1507e4	292.28	0.004	0.937	1.1866e13	4098	218	4	2.278e14	2.530e13	2.530e13	1.663e12	0
657000000	1.3138e-4	1.1873e4	1.6289e4	9.2621e4	292.85	0.004	0.937	1.1550e13	3737	205	4	2.185e14	2.416e13	2.417e13	1.693e12	0
658000000	1.0373e-4	1.2021e4	1.5111e4	9.2823e4	293.03	0.003	0.938	1.1380e13	3927	211	4	2.166e14	1.808e13	1.807e13	1.511e12	0
659000000	1.3963e-4	1.1431e4	1.3299e4	9.2011e4	292.63	0.004	0.936	1.1174e13	4212	203	4	2.129e14	2.031e13	2.030e13	1.431e12	0
660000000	1.8757e-4	1.1032e4	1.2325e4	9.1461e4	292.35	0.004	0.936	1.1017e13	4471	205	4	2.105e14	2.154e13	2.153e13	1.422e12	0
661000000	1.4732e-4	1.0946e4	1.3702e4	9.1338e4	292.37	0.004	0.937	1.0962e13	4548	205	4	2.103e14	1.975e13	1.976e13	1.453e12	0
662000000	1.5112e-4	1.0840e4	1.2745e4	9.1190e4	292.41	0.004	0.935	1.0780e13	4629	205	4	2.047e14	1.904e13	1.904e13	1.382e12	0
663000000	9.1965e-5	1.0252e4	1.3914e4	9.0363e4	292.01	0.004	0.937	1.0674e13	4390	204	4	2.032e14	1.685e13	1.683e13	1.363e12	0
664000000	1.7144e-4	1.1192e4	1.1529e4	9.1681e4	292.38	0.004	0.936	1.0630e13	4629	200	4	2.023e14	1.775e13	1.773e13	1.315e12	0
665000000	2.2536e-4	1.1535e4	1.1264e4	9.2163e4	292.49	0.004	0.937	1.0555e13	4660	201	4	2.007e14	2.037e13	2.036e13	1.376e12	0
666000000	1.1111e-4	1.1316e4	1.3828e4	9.1848e4	292.57	0.004	0.937	1.0408e13	4533	212	4	1.958e14	1.526e13	1.526e13	1.379e12	0
667000000	1.8701e-4	1.1350e4	1.0960e4	9.1903e4	292.47	0.005	0.937	1.0198e13	4756	205	4	1.958e14	1.720e13	1.717e13	1.303e12	0
668000000	1.8862e-4	1.1383e4	1.4027e4	9.1948e4	292.26	0.005	0.938	1.0142e13	4844	202	4	1.962e14	2.002e13	2.009e13	1.371e12	0
669000000	5.4475e-6	1.1866e4	1.7460e4	9.2600e4	293.08	0.006	0.937	9.7763e12	4221	202	4	1.858e14	4.789e12	4.788e12	1.138e12	0
670000000	1.7800e-4	1.2173e4	9.9150e3	9.3040e4	292.65	0.006	0.938	9.7414e12	4687	201	4	1.873e14	1.816e13	1.810e13	1.215e12	0
671000000	3.3384e-4	1.2089e4	8.7304e3	9.2939e4	292.38	0.006	0.938	9.5748e12	4979	202	4	1.865e14	2.036e13	2.036e13	1.212e12	0
672000000	0.0000e0	1.2404e4	0.0000e0	9.3340e4	290.79	0.007	0.938	7.4006e12	3338	189	4	1.166e14	0.000e0	3.724e6	2.577e5	0
673000000	1.1911e-4	1.3557e4	6.4140e3	9.4932e4	291.26	0.007	0.938	7.5532e12	3570	190	4	1.573e14	1.472e13	1.462e13	8.920e11	0
674000000	1.9230e-4	1.4392e4	7.6316e3	9.6076e4	293.28	0.007	0.936	8.0917e12	4116	205	4	1.669e14	1.728e13	1.729e13	9.593e11	0
675000000	1.2210e-4	1.3442e4	1.1416e4	9.4776e4	293.10	0.007	0.936	8.3992e12	4430	203	4	1.736e14	1.295e13	1.299e13	1.064e12	0
676000000	1.9478e-4	1.3684e4	9.3256e3	9.5114e4	293.01	0.007	0.936	8.6179e12	4651	202	4	1.717e14	1.420e13	1.417e13	1.126e12	0
677000000	4.5537e-5	1.4360e4	1.2660e4	9.6019e4	293.77	0.006	0.935	8.7158e12	4177	194	4	1.706e14	8.921e12	8.934e12	1.067e12	0
678000000	3.3082e-4	1.4071e4	6.9492e3	9.5654e4	293.12	0.007	0.934	8.7606e12	4732	198	4	1.727e14	1.650e13	1.645e13	1.061e12	0
679000000	6.5247e-5	1.3680e4	1.3322e4	9.5095e4	293.53	0.006	0.934	8.8917e12	4475	206	4	1.763e14	1.038e13	1.040e13	1.146e12	0
680000000	1.5485e-4	1.3625e4	9.1093e3	9.5029e4	293.28	0.006	0.934	8.8341e12	4792	192	4	1.744e14	1.283e13	1.280e13	1.063e12	0
681000000	1.8010e-4	1.3345e4	1.1493e4	9.4649e4	293.00	0.006	0.933	8.7511e12	4952	203	4	1.722e14	1.550e13	1.556e13	1.131e12	0
682000000	5.0273e-5	1.3541e4	9.9369e3	9.4903e4	293.41	0.006	0.933	8.4596e12	4713	197	4	1.681e14	6.570e12	6.553e12	8.839e11	0
683000000	2.8499e-4	1.3546e4	7.3272e3	9.4934e4	293.10	0.006	0.932	8.6441e12	4989	192	4	1.723e14	1.548e13	1.546e13	1.010e12	0
684000000	1.2472e-4	1.2514e4	1.2156e4	9.3505e4	292.94	0.006	0.930	8.7987e12	4896	196	4	1.748e14	1.166e13	1.170e13	1.079e12	0
685000000	1.7089e-4	1.2371e4	1.2453e4	9.3312e4	292.45	0.007	0.929	8.8726e12	4804	186	4	1.737e14	1.557e13	1.561e13	1.149e12	0
686000000	1.9956e-5	1.3045e4	1.3054e4	9.4224e4	293.42	0.007	0.928	8.4963e12	4470	188	4	1.636e14	6.343e12	6.336e12	9.843e11	0
687000000	2.8193e-4	1.2711e4	9.1281e3	9.3791e4	292.38	0.008	0.927	8.2759e12	4905	184	4	1.588e14	1.592e13	1.609e13	9.332e11	0
688000000	2.2702e-6	1.3098e4	5.2606e4	9.4297e4	291.24	0.008	0.928	6.2381e12	3765	191	4	1.132e14	9.799e12	9.797e12	5.391e11	0
689000000	7.0968e-5	1.3234e4	4.6203e3	9.4486e4	292.51	0.007	0.928	6.2036e12	3775	204	4	1.253e14	6.703e12	6.645e12	7.319e11	0
690000000	1.6402e-4	1.3314e4	8.1078e3	9.4605e4	292.90	0.006	0.928	6.5950e12	4290	202	4	1.403e14	1.078e13	1.083e13	7.989e11	0
691000000	1.4946e-4	1.2793e4	8.2227e3	9.3890e4	292.87	0.006	0.927	7.1715e12	4385	203	4	1.522e14	1.012e13	1.010e13	9.180e11	0
692000000	1.6990e-4	1.2584e4	8.6940e3	9.3605e4	292.85	0.006	0.925	7.3951e12	4601	199	4	1.505e14	1.098e13	1.099e13	9.299e11	0
693000000	1.5267e-4	1.2221e4	9.7350e3	9.3103e4	292.60	0.006	0.924	7.5203e12	4550	191	4	1.495e14	1.160e13	1.159e13	9.843e11	0
694000000	1.8208e-4	1.2295e4	7.7835e3	9.3208e4	292.75	0.006	0.924	7.5939e12	4814	197	4	1.507e14	1.132e13	1.129e13	9.534e11	0
695000000	1.2426e-4	1.1782e4	1.1325e4	9.2495e4	292.50	0.006	0.931	7.6303e12	4736	201	4	1.501e14	1.147e13	1.150e13	1.006e12	0
696000000	2.5038e-4	1.2013e4	8.0155e3	9.2826e4	292.39	0.006	0.930	7.6504e12	4699	196	4	1.510e14	1.356e13	1.351e13	9.769e11	0
697000000	1.3446e-4	1.2647e4	9.2347e3	9.3688e4	292.79	0.006	0.954	7.6636e12	4760	197	4	1.505e14	1.011e13	1.012e13	9.369e11	0
698000000	2.0951e-4	1.4230e4	8.0433e3	9.5857e4	293.40	0.006	0.954	7.6416e12	4580	196	4	1.489e14	1.238e13	1.238e13	9.682e11	0
699000000	1.3687e-4	1.4803e4	9.3386e3	9.6627e4	293.64	0.006	0.957	7.5875e12	4697	198	4	1.480e14	1.067e13	1.066e13	9.869e11	0
700000000	2.2515e-4	1.5610e4	7.7003e3	9.7724e4	293.84	0.005	0.957	7.5033e12	5045	198	4	1.465e14	1.255e13	1.252e13	9.652e11	0
701000000	7.5401e-5	1.6201e4	1.1709e4	9.8504e4	294.24	0.005	0.956	7.1989e12	4807	187	4	1.406e14	8.807e12	8.838e12	9.334e11	0
702000000	1.4121e-4	1.7529e4	1.1081e4	1.0028e5	294.83	0.005	0.958	6.7880e12	3663	177	4	1.269e14	1.350e13	1.340e13	7.945e11	0
703000000	1.6966e-4	1.8941e4	5.9470e3	1.0216e5	294.80	0.005	0.958	6.5128e12	4642	191	4	1.247e14	9.342e12	9.308e12	7.984e11	0
704000000	2.4991e-6	2.0406e4	2.1726e4	1.0406e5	295.61	0.006	0.958	6.4081e12	3903	184	4	1.152e14	2.214e12	2.282e12	4.842e11	0
705000000	0.0000e0	2.1985e4	2.2546e-15	1.0612e5	296.42	0.006	0.959	5.5572e12	3086	191	4	9.879e13	0.000e0	1.965e10	4.844e9	0
706000000	2.0125e-4	2.3969e4	4.7398e3	1.0870e5	295.30	0.006	0.958	5.5573e12	3712	189	4	1.149e14	8.096e12	7.918e12	7.428e11	0
707000000	3.0797e-5	2.4421e4	1.7186e4	1.0926e5	296.41	0.006	0.957	5.8003e12	3830	185	4	1.149e14	7.546e12	7.659e12	7.084e11	0
708000000	3.7537e-6	2.4901e4	2.4451e4	1.0987e5	297.69	0.005	0.955	5.0807e12	2758	188	4	8.299e13	4.529e12	4.528e12	5.363e11	0
709000000	2.1051e-4	2.4878e4	4.5309e3	1.0986e5	295.97	0.005	0.954	5.3800e12	3813	197	4	1.211e14	8.002e12	7.949e12	6.904e11	0
710000000	4.4875e-6	2.5485e4	9.4588e3	1.1061e5	297.22	0.005	0.953	5.7609e12	3023	188	4	1.160e14	1.796e12	1.814e12	5.689e11	0
711000000	2.5094e-4	2.5192e4	5.4438e3	1.1027e5	296.43	0.005	0.955	5.9836e12	4133	185	4	1.221e14	1.044e13	1.047e13	7.536e11	0
712000000	3.9630e-7	2.5138e4	8.7957e3	1.1017e5	297.13	0.005	0.954	5.9911e12	3259	184	4	1.152e14	7.517e11	7.527e11	6.264e11	0
713000000	2.2764e-4	2.5284e4	6.0471e3	1.1038e5	296.52	0.005	0.954	6.0751e12	4233	189	4	1.248e14	1.076e13	1.079e13	7.951e11	0
714000000	3.4554e-6	2.5073e4	8.0063e3	1.1009e5	297.11	0.005	0.954	6.1701e12	3550	192	4	1.260e14	1.551e12	1.550e12	6.147e11	0
715000000	1.6706e-4	2.4712e4	5.9549e3	1.0964e5	296.58	0.005	0.953	5.8739e12	4282	189	4	1.173e14	9.250e12	9.240e12	7.659e11	0
716000000	8.0204e-5	2.4061e4	7.6467e3	1.0880e5	296.64	0.005	0.954	5.9734e12	4131	198	4	1.184e14	6.887e12	6.885e12	7.813e11	0
717000000	1.0407e-4	2.3589e4	9.5161e3	1.0820e5	296.33	0.004	0.954	6.0128e12	4289	200	4	1.193e14	9.485e12	9.539e12	8.325e11	0
718000000	9.8569e-5	2.4141e4	1.1486e4	1.0891e5	296.81	0.005	0.954	5.6186e12	3647	197	4	1.080e14	1.111e13	1.105e13	7.620e11	0
719000000	1.6453e-5	2.4344e4	8.2517e3	1.0916e5	296.82	0.005	0.953	5.5537e12	3955	197	4	1.121e14	4.369e12	4.359e12	6.912e11	0
720000000	1.9496e-4	2.4117e4	7.1775e3	1.0889e5	296.05	0.005	0.955	5.7018e12	4382	196	4	1.148e14	1.117e13	1.135e13	7.280e11	0
721000000	1.2569e-6	2.5090e4	2.8937e4	1.1011e5	295.25	0.006	0.955	4.6241e12	2970	195	4	9.765e13	3.946e12	3.945e12	5.871e11	0
722000000	3.2466e-5	2.5156e4	6.3465e3	1.1020e5	296.81	0.006	0.953	4.8119e12	3023	215	4	1.025e14	3.465e12	3.477e12	5.314e11	0
723000000	2.5647e-4	2.4861e4	5.2327e3	1.0985e5	296.31	0.006	0.952	5.1721e12	4097	209	4	1.091e14	9.878e12	9.916e12	6.786e11	0
724000000	4.6705e-5	2.4735e4	6.2372e3	1.0966e5	295.22	0.006	0.952	5.4449e12	2740	190	4	1.126e14	4.253e12	4.211e12	7.826e11	0
725000000	5.5424e-5	2.4171e4	9.5650e3	1.0894e5	296.55	0.006	0.952	5.5232e12	3417	219	4	1.144e14	5.081e12	5.142e12	5.994e11	0
726000000	1.7300e-4	2.3630e4	6.0129e3	1.0826e5	296.22	0.006	0.951	5.5836e12	3800	204	4	1.105e14	8.871e12	8.779e12	7.748e11	0
727000000	3.5499e-5	2.3069e4	1.2699e4	1.0752e5	296.46	0.007	0.950	5.6687e12	3372	194	4	1.148e14	6.031e12	6.077e12	7.258e11	0
728000000	3.5957e-5	2.2853e4	1.1512e4	1.0724e5	296.70	0.007	0.949	5.5022e12	2865	198	4	1.090e14	6.043e12	6.074e12	5.861e11	0
729000000	2.0861e-4	2.2672e4	4.8664e3	1.0703e5	295.86	0.007	0.948	5.5744e12	3795	204	4	1.120e14	8.508e12	8.466e12	7.503e11	0
730000000	2.2647e-5	2.1765e4	1.2626e4	1.0583e5	296.11	0.007	0.947	5.4734e12	3217	201	4	1.101e14	4.969e12	4.998e12	7.772e11	0
731000000	1.3217e-4	2.1802e4	5.3900e3	1.0589e5	295.80	0.007	0.948	5.5016e12	3882	195	4	1.101e14	7.767e12	7.682e12	7.478e11	0
732000000	3.0202e-5	2.1748e4	1.0186e4	1.0581e5	296.30	0.008	0.946	5.3651e12	3207	180	4	1.073e14	4.534e12	4.559e12	6.334e11	0
733000000	1.1134e-4	2.1069e4	9.5153e3	1.0494e5	295.52	0.009	0.947	5.4425e12	3813	180	4	1.084e14	9.451e12	9.538e12	7.462e11	0
734000000	7.8706e-6	2.1151e4	2.4831e4	1.0503e5	294.25	0.009	0.945	4.7223e12	3053	188	4	8.629e13	6.379e12	6.372e12	4.438e11	0
735000000	1.3839e-4	2.0499e4	6.4280e3	1.0420e5	295.05	0.009	0.946	4.8070e12	3324	205	4	9.602e13	7.379e12	7.342e12	5.458e11	0
736000000	8.5481e-5	2.0415e4	8.5160e3	1.0408e5	295.37	0.009	0.945	4.9885e12	3733	221	4	1.025e14	7.350e12	7.384e12	7.032e11	0
737000000	1.1113e-4	2.0071e4	4.7102e3	1.0363e5	295.32	0.009	0.945	5.1124e12	3514	207	4	1.048e14	6.278e12	6.203e12	6.575e11	0
738000000	4.5634e-5	1.9434e4	1.1998e4	1.0279e5	295.43	0.009	0.945	5.1728e12	3067	200	4	1.030e14	6.704e12	6.736e12	7.108e11	0
739000000	1.6598e-4	1.9014e4	6.5243e3	1.0225e5	294.89	0.009	0.945	5.1929e12	3599	193	4	1.015e14	8.757e12	8.704e12	7.189e11	0
740000000	4.1642e-5	1.8829e4	8.4021e3	1.0199e5	295.27	0.010	0.943	5.1931e12	3278	193	4	1.021e14	4.545e12	4.562e12	6.064e11	0
741000000	5.1819e-5	1.8557e4	1.3166e4	1.0164e5	294.75	0.010	0.943	5.2402e12	3695	190	4	1.042e14	8.167e12	8.258e12	7.444e11	0
742000000	3.8968e-6	1.9310e4	3.2823e4	1.0263e5	296.62	0.009	0.939	4.4290e12	2551	182	4	8.205e13	7.408e12	7.406e12	4.169e11	0
743000000	3.2590e-5	1.8674e4	4.2565e3	1.0179e5	294.73	0.009	0.939	4.3443e12	2951	207	4	9.011e13	2.236e12	2.264e12	4.188e11	0
744000000	1.3319e-4	1.8670e4	7.2059e3	1.0179e5	294.74	0.009	0.940	4.4816e12	3501	190	4	8.836e13	8.000e12	8.084e12	5.903e11	0
745000000	1.4051e-6	1.8564e4	2.9463e4	1.0164e5	293.47	0.009	0.940	4.3240e12	2887	192	4	8.496e13	3.117e12	3.116e12	3.606e11	0
746000000	0.0000e0	1.8299e4	5.6810e-23	1.0129e5	295.74	0.010	0.940	4.6397e12	2368	188	4	9.962e13	0.000e0	2.913e8	1.167e10	0
747000000	8.0425e-5	1.7959e4	4.5001e3	1.0085e5	294.50	0.010	0.940	4.6823e12	2858	201	4	9.777e13	4.553e12	4.516e12	6.273e11	0
748000000	1.5573e-4	1.8257e4	5.5313e3	1.0125e5	294.70	0.010	0.939	4.9749e12	3427	188	4	1.026e14	7.531e12	7.442e12	7.124e11	0
749000000	4.2107e-5	1.7969e4	1.3456e4	1.0086e5	294.91	0.010	0.940	5.1907e12	3023	186	4	1.042e14	7.455e12	7.474e12	7.626e11	0
750000000	6.3075e-5	1.8342e4	5.3108e3	1.0135e5	295.05	0.010	0.940	5.2599e12	3142	183	4	1.054e14	4.539e12	4.500e12	5.337e11	0
751000000	6.0348e-5	1.7471e4	1.1421e4	1.0020e5	294.93	0.009	0.940	5.3511e12	3017	170	4	1.058e14	7.625e12	7.656e12	7.353e11	0
752000000	1.4429e-4	1.6036e4	7.4652e3	9.8289e4	294.21	0.010	0.941	5.3590e12	3174	176	4	1.048e14	8.685e12	8.670e12	7.113e11	0
753000000	6.4594e-5	1.5339e4	8.0070e3	9.7344e4	294.19	0.010	0.941	5.2713e12	3220	175	4	1.027e14	5.864e12	5.870e12	6.587e11	0
754000000	8.6767e-5	1.4220e4	8.5574e3	9.5832e4	293.59	0.010	0.941	5.0394e12	3275	180	4	9.720e13	7.018e12	7.045e12	6.902e11	0
755000000	5.5830e-5	1.3556e4	8.3158e3	9.4924e4	293.33	0.008	0.942	4.8793e12	3279	182	4	9.476e13	5.365e12	5.330e12	6.415e11	0
756000000	9.4755e-5	1.3683e4	8.7587e3	9.5102e4	293.46	0.008	0.943	4.9087e12	3509	170	4	9.706e13	7.515e12	7.538e12	6.581e11	0
757000000	1.0142e-4	1.3656e4	6.3637e3	9.5066e4	293.50	0.006	0.941	4.9221e12	3527	175	4	9.716e13	6.700e12	6.646e12	6.854e11	0
758000000	2.2618e-5	1.3924e4	1.4840e4	9.5423e4	293.85	0.006	0.948	4.9308e12	3207	170	4	9.680e13	5.552e12	5.577e12	6.922e11	0
759000000	1.1382e-5	1.5061e4	1.4534e4	9.6964e4	295.20	0.006	0.948	4.6312e12	2660	169	4	9.243e13	4.397e12	4.390e12	2.726e11	0
760000000	8.9948e-5	1.5594e4	8.3518e3	9.7689e4	293.90	0.006	0.954	4.7213e12	2848	184	4	9.654e13	5.749e12	5.861e12	5.320e11	0
761000000	2.9208e-5	1.6335e4	1.2480e4	9.8678e4	293.01	0.006	0.953	4.7038e12	2597	184	4	9.242e13	5.476e12	5.452e12	5.867e11	0
762000000	2.5724e-5	1.6336e4	1.4440e4	9.8680e4	294.32	0.007	0.955	4.7610e12	2821	186	4	9.491e13	5.347e12	5.432e12	6.256e11	0
763000000	3.4456e-5	1.7037e4	1.2872e4	9.9617e4	295.43	0.007	0.955	4.5840e12	2380	170	4	8.892e13	6.712e12	6.697e12	4.695e11	0
764000000	1.0597e-4	1.7745e4	4.8420e3	1.0057e5	294.61	0.006	0.957	4.6482e12	2974	187	4	9.319e13	5.255e12	5.214e12	6.608e11	0
765000000	2.6417e-6	1.8577e4	1.5556e4	1.0166e5	295.59	0.006	0.958	4.6556e12	2501	171	4	9.024e13	2.176e12	2.191e12	6.338e11	0
766000000	6.0473e-6	1.9907e4	9.5539e3	1.0341e5	296.22	0.005	0.960	4.5058e12	2288	186	4	8.687e13	2.062e12	2.072e12	3.647e11	0
767000000	1.9766e-4	2.0513e4	6.3046e3	1.0422e5	295.53	0.005	0.960	4.3293e12	3068	183	4	8.656e13	9.096e12	9.119e12	5.892e11	0
768000000	5.3353e-8	2.1205e4	2.6496e4	1.0510e5	294.53	0.006	0.958	3.7240e12	2344	187	4	7.724e13	8.316e11	8.315e11	4.387e11	0
769000000	2.7525e-5	2.1727e4	8.2749e3	1.0578e5	296.36	0.005	0.959	3.8077e12	2340	196	4	8.048e13	4.639e12	4.616e12	4.783e11	0
770000000	1.8032e-4	2.1919e4	2.7467e3	1.0605e5	295.85	0.006	0.958	4.0380e12	2612	189	4	8.434e13	4.330e12	4.332e12	4.081e11	0
771000000	3.4267e-5	2.1615e4	9.0658e3	1.0564e5	296.26	0.006	0.970	4.1300e12	2398	173	4	8.278e13	4.469e12	4.480e12	5.610e11	0
772000000	9.4919e-5	2.2807e4	6.6921e3	1.0719e5	296.27	0.006	0.970	4.1458e12	3172	171	4	8.223e13	6.352e12	6.311e12	5.751e11	0
773000000	1.0211e-5	2.4248e4	1.1925e4	1.0903e5	297.20	0.006	0.971	4.1100e12	2441	170	4	7.873e13	3.396e12	3.395e12	5.140e11	0
774000000	1.2702e-4	2.5839e4	7.9789e3	1.1108e5	297.24	0.007	0.971	4.0492e12	2467	178	4	7.938e13	8.738e12	8.732e12	5.439e11	0
775000000	1.1311e-6	2.7480e4	1.6179e4	1.1315e5	296.07	0.007	0.971	3.8746e12	2331	182	4	7.780e13	1.658e12	1.657e12	4.748e11	0
776000000	2.6676e-5	2.8857e4	4.5948e3	1.1488e5	297.94	0.008	0.971	3.7688e12	2333	177	4	7.738e13	2.577e12	2.557e12	3.390e11	0
777000000	3.2018e-5	3.0312e4	9.2795e3	1.1670e5	296.66	0.008	0.971	3.8394e12	2645	189	4	7.782e13	4.932e12	4.901e12	5.513e11	0
778000000	1.6528e-6	3.2113e4	1.4779e4	1.1894e5	297.09	0.008	0.972	3.5085e12	2090	180	4	7.433e13	1.860e12	1.858e12	3.259e11	0
779000000	0.0000e0	3.3260e4	4.5497e-14	1.2036e5	298.31	0.007	0.973	3.5665e12	2212	171	4	7.380e13	6.162e8	3.758e10	1.501e9	0
780000000	1.4859e-6	3.4241e4	1.5864e4	1.2157e5	299.13	0.007	0.973	3.5877e12	2216	178	4	6.976e13	1.828e12	1.853e12	4.563e11	0
781000000	2.2582e-6	3.5837e4	1.5091e4	1.2353e5	297.93	0.006	0.974	3.3222e12	2058	179	4	6.920e13	2.198e12	2.196e12	3.209e11	0
782000000	0.0000e0	3.6688e4	4.4794e-52	1.2457e5	299.07	0.006	0.972	3.4572e12	2151	175	4	7.300e13	0.000e0	6.750e10	8.873e8	0
783000000	9.1137e-8	3.7508e4	2.5471e4	1.2557e5	300.74	0.006	0.971	3.2732e12	2316	175	4	5.098e13	9.531e11	9.551e11	1.836e11	0
784000000	3.9328e-5	3.7585e4	6.6736e3	1.2567e5	299.87	0.006	0.971	3.1576e12	2190	185	4	6.559e13	4.362e12	4.358e12	3.628e11	0
785000000	1.0570e-4	3.8084e4	5.1373e3	1.2629e5	299.48	0.006	0.972	3.2606e12	2432	203	4	6.663e13	5.718e12	5.629e12	4.554e11	0
786000000	3.2363e-6	3.8254e4	1.9882e4	1.2648e5	300.32	0.007	0.971	3.2236e12	2394	206	4	5.323e13	3.377e12	3.381e12	3.249e11	0
787000000	3.1221e-6	3.8738e4	1.0355e4	1.2707e5	300.50	0.007	0.972	3.0297e12	2328	200	4	6.152e13	1.903e12	1.902e12	2.641e11	0
788000000	4.6911e-6	3.9050e4	7.5195e3	1.2745e5	300.31	0.007	0.971	3.2262e12	2174	174	4	6.771e13	1.714e12	1.717e12	3.615e11	0
789000000	0.0000e0	3.9067e4	5.3831e-34	1.2747e5	299.60	0.008	0.970	3.4793e12	1916	159	4	7.142e13	0.000e0	3.302e10	1.395e9	0
790000000	0.0000e0	3.9220e4	7.1175e4	1.2766e5	300.56	0.008	0.970	3.4644e12	1849	160	4	8.509e13	3.981e12	3.981e12	4.017e11	0
791000000	7.5899e-7	3.8184e4	8.4993e4	1.2640e5	302.24	0.008	0.968	4.1271e12	1946	146	4	8.485e13	9.279e12	9.278e12	7.123e11	0
792000000	1.2897e-6	3.7354e4	8.3289e4	1.2539e5	301.84	0.009	0.967	4.5172e12	2066	137	4	9.277e13	1.129e13	1.129e13	7.572e11	0
793000000	1.1848e-5	3.6682e4	2.7244e4	1.2457e5	300.82	0.008	0.970	5.0123e12	1973	128	4	1.038e14	9.989e12	9.988e12	6.632e11	0
794000000	6.1707e-6	3.6308e4	7.3139e3	1.2411e5	299.90	0.008	0.969	5.5377e12	1726	137	4	1.190e14	2.469e12	2.473e12	5.763e11	0
795000000	7.1985e-5	3.5963e4	7.8473e3	1.2369e5	298.04	0.008	0.970	5.8768e12	1839	145	4	1.185e14	7.879e12	7.808e12	7.391e11	0
796000000	2.0264e-4	3.6556e4	4.3632e3	1.2444e5	298.13	0.008	0.969	6.2687e12	1737	145	4	1.251e14	1.122e13	1.102e13	9.780e11	0
797000000	2.1866e-6	3.7322e4	5.3612e4	1.2535e5	300.78	0.008	0.969	6.5880e12	1530	134	4	1.232e14	1.107e13	1.107e13	7.932e11	0
798000000	3.3585e-7	3.6404e4	5.6246e4	1.2423e5	301.28	0.008	0.968	5.9397e12	1574	132	4	1.202e14	1.197e13	1.197e13	8.420e11	0
799000000	3.3966e-6	3.6016e4	4.1924e4	1.2375e5	301.08	0.008	0.969	6.3100e12	1769	138	4	1.127e14	1.686e13	1.686e13	9.975e11	0
800000000	5.0571e-6	3.5970e4	3.2311e4	1.2370e5	300.80	0.010	0.968	6.6637e12	1793	136	4	1.227e14	1.711e13	1.711e13	1.023e12	0
801000000	5.6386e-6	3.5996e4	2.5134e4	1.2373e5	300.56	0.010	0.968	6.9696e12	1681	134	4	1.291e14	1.608e13	1.608e13	1.064e12	0
802000000	5.5013e-6	3.6052e4	3.1941e4	1.2380e5	300.84	0.010	0.965	7.8329e12	1598	129	4	1.488e14	1.883e13	1.883e13	1.221e12	0
803000000	1.0223e-5	3.4498e4	2.8737e4	1.2189e5	300.48	0.010	0.966	8.1567e12	1658	135	4	1.547e14	2.429e13	2.429e13	1.406e12	0
804000000	1.1852e-5	3.2870e4	2.6453e4	1.1988e5	300.07	0.009	0.966	8.8258e12	1635	136	4	1.754e14	2.601e13	2.600e13	1.522e12	0
805000000	1.2226e-5	3.1876e4	2.6942e4	1.1865e5	299.86	0.009	0.967	9.4651e12	1745	137	4	1.827e14	2.997e13	2.997e13	1.597e12	0
806000000	8.5159e-7	3.0991e4	5.3643e4	1.1755e5	300.15	0.009	0.966	1.0093e13	1664	142	4	1.899e14	2.698e13	2.698e13	1.865e12	0
807000000	0.0000e0	2.9675e4	6.7167e4	1.1591e5	299.63	0.009	0.965	1.0491e13	1843	142	4	1.970e14	3.402e13	3.402e13	2.006e12	0
808000000	0.0000e0	2.9496e4	1.1493e5	1.1569e5	297.56	0.009	0.963	1.0415e13	2119	146	4	1.929e14	5.322e13	5.322e13	1.731e12	0
809000000	0.0000e0	2.9398e4	2.1174e-131	1.1556e5	297.54	0.009	0.961	1.0048e13	2035	140	4	1.945e14	6.456e10	6.456e10	3.497e9	0
810000000	0.0000e0	2.7674e4	1.8746e4	1.1339e5	299.86	0.009	0.962	1.0185e13	2080	149	4	1.976e14	1.045e13	1.045e13	4.471e11	0
811000000	0.0000e0	2.7237e4	9.4933e4	1.1284e5	296.32	0.009	0.962	1.0096e13	2311	146	4	1.853e14	4.529e13	4.529e13	1.598e12	0
812000000	0.0000e0	2.6885e4	8.2920e-115	1.1239e5	297.96	0.009	0.961	1.0284e13	2210	148	4	2.054e14	8.882e10	8.882e10	5.321e9	0
813000000	0.0000e0	2.5784e4	5.7010e4	1.1100e5	299.24	0.008	0.961	1.0268e13	2367	148	4	1.972e14	4.271e13	4.271e13	1.593e12	0
814000000	0.0000e0	2.5163e4	0.0000e0	1.1020e5	295.83	0.008	0.962	9.7075e12	2273	157	4	1.626e14	4.320e6	5.575e6	2.645e5	0
815000000	0.0000e0	2.4804e4	1.5625e-6	1.0974e5	299.40	0.008	0.961	9.7849e12	2334	150	4	1.859e14	5.900e11	5.900e11	2.430e10	0
816000000	0.0000e0	2.4501e4	1.4217e-284	1.0936e5	295.65	0.008	0.960	9.5336e12	2557	153	4	1.666e14	7.882e7	8.001e7	2.944e6	0
817000000	0.0000e0	2.4236e4	3.7179e4	1.0902e5	298.73	0.008	0.961	9.5715e12	2592	150	4	1.888e14	3.499e13	3.499e13	1.133e12	0
818000000	0.0000e0	2.3396e4	5.3545e-16	1.0794e5	298.12	0.008	0.960	9.7252e12	2633	165	4	1.857e14	3.778e11	3.778e11	1.872e10	0
819000000	8.5810e-5	2.2702e4	1.4320e4	1.0705e5	296.42	0.009	0.963	9.3019e12	2820	158	4	1.769e14	4.566e13	4.563e13	1.141e12	0
820000000	2.1588e-5	2.2605e4	1.6529e4	1.0692e5	297.37	0.008	0.962	9.7182e12	3038	167	4	2.026e14	3.168e13	3.169e13	1.389e12	0
821000000	2.6852e-5	2.2236e4	1.7212e4	1.0644e5	297.35	0.008	0.962	1.0103e13	3136	172	4	2.047e14	3.113e13	3.112e13	1.487e12	0
822000000	2.2931e-5	2.1535e4	1.7450e4	1.0553e5	297.19	0.008	0.963	1.0098e13	3327	172	4	1.943e14	3.206e13	3.206e13	1.466e12	0
823000000	2.2290e-5	2.0774e4	1.7237e4	1.0454e5	296.97	0.008	0.962	9.9221e12	3461	175	4	1.926e14	2.845e13	2.845e13	1.433e12	0
824000000	2.2044e-5	2.0247e4	1.6731e4	1.0386e5	296.81	0.008	0.961	9.5965e12	3616	173	4	1.852e14	2.763e13	2.763e13	1.390e12	0
825000000	2.5868e-5	1.9616e4	1.6244e4	1.0303e5	296.63	0.008	0.961	9.4610e12	3748	176	4	1.843e14	2.747e13	2.747e13	1.388e12	0
826000000	2.4808e-5	1.8840e4	1.5624e4	1.0201e5	296.39	0.008	0.960	9.2965e12	3876	171	4	1.777e14	2.678e13	2.678e13	1.317e12	0
827000000	2.9892e-5	1.7803e4	1.4942e4	1.0064e5	296.04	0.008	0.960	9.1809e12	3956	165	4	1.762e14	2.626e13	2.626e13	1.298e12	0
828000000	2.7092e-5	1.7086e4	1.4297e4	9.9681e4	295.72	0.007	0.959	8.8583e12	4014	169	4	1.706e14	2.489e13	2.489e13	1.222e12	0
829000000	3.3683e-5	1.7318e4	1.3848e4	9.9992e4	295.79	0.007	0.963	8.7609e12	4178	174	4	1.703e14	2.411e13	2.410e13	1.234e12	0
830000000	4.1104e-5	1.7487e4	1.2927e4	1.0022e5	295.79	0.007	0.964	8.6191e12	4129	173	4	1.664e14	2.297e13	2.297e13	1.201e12	0
831000000	4.9847e-5	1.7638e4	1.2016e4	1.0042e5	295.81	0.008	0.963	8.4659e12	4206	171	4	1.634e14	2.159e13	2.159e13	1.159e12	0
832000000	6.6365e-5	1.7222e4	1.1043e4	9.9867e4	295.65	0.007	0.964	8.3061e12	4285	181	4	1.600e14	2.022e13	2.021e13	1.121e12	0
833000000	7.5589e-5	1.6639e4	1.0325e4	9.9089e4	295.40	0.007	0.963	8.0383e12	4373	178	4	1.538e14	1.965e13	1.964e13	1.064e12	0
834000000	8.5927e-5	1.6042e4	9.4541e3	9.8292e4	295.11	0.007	0.965	7.9080e12	4448	176	4	1.498e14	1.673e13	1.673e13	9.914e11	0
835000000	1.0256e-4	1.6006e4	9.1811e3	9.8245e4	294.96	0.008	0.965	7.5912e12	4587	180	4	1.447e14	1.692e13	1.693e13	9.966e11	0
836000000	8.1162e-5	1.6661e4	9.4960e3	9.9120e4	295.27	0.008	0.965	7.3923e12	4695	183	4	1.399e14	1.487e13	1.487e13	9.776e11	0
837000000	7.3960e-5	1.6827e4	9.3234e3	9.9341e4	295.30	0.008	0.967	7.2165e12	4736	185	4	1.399e14	1.309e13	1.309e13	9.449e11	0
838000000	9.3099e-5	1.7231e4	8.5932e3	9.9881e4	295.37	0.008	0.971	7.0784e12	4799	177	4	1.371e14	1.334e13	1.333e13	9.206e11	0
839000000	1.0952e-4	1.7853e4	8.0802e3	1.0071e5	295.53	0.007	0.973	6.9762e12	4840	178	4	1.361e14	1.297e13	1.297e13	9.036e11	0
840000000	1.0135e-4	1.8459e4	8.1714e3	1.0151e5	295.72	0.007	0.972	6.8623e12	4780	183	4	1.336e14	1.176e13	1.176e13	8.986e11	0
841000000	7.8273e-5	1.9136e4	8.5340e3	1.0240e5	295.95	0.008	0.972	6.7784e12	4845	187	4	1.334e14	1.059e13	1.059e13	8.914e11	0
842000000	8.6295e-5	1.9837e4	8.0686e3	1.0332e5	296.17	0.008	0.971	6.7263e12	4812	182	4	1.322e14	1.068e13	1.068e13	8.719e11	0
843000000	1.0827e-4	2.0173e4	7.4680e3	1.0377e5	296.21	0.006	0.972	6.5937e12	4919	182	4	1.298e14	1.095e13	1.095e13	8.535e11	0
844000000	8.0038e-5	2.0600e4	7.7983e3	1.0432e5	296.44	0.007	0.971	6.4422e12	4911	179	4	1.218e14	9.450e12	9.461e12	8.278e11	0
845000000	1.0990e-4	2.0108e4	7.1700e3	1.0368e5	296.21	0.006	0.971	6.3751e12	5124	176	4	1.248e14	1.014e13	1.014e13	8.240e11	0
846000000	9.4155e-5	2.0397e4	7.7271e3	1.0406e5	296.26	0.006	0.971	6.3280e12	5174	182	4	1.247e14	9.593e12	9.596e12	8.455e11	0
847000000	2.9201e-5	2.1311e4	8.6300e3	1.0524e5	296.57	0.008	0.972	6.0001e12	5058	170	4	1.146e14	6.980e12	6.996e12	7.645e11	0
848000000	3.0005e-5	2.1892e4	8.2937e3	1.0600e5	296.80	0.008	0.972	5.8473e12	5123	180	4	1.177e14	7.344e12	7.338e12	7.529e11	0
849000000	1.4900e-4	2.1919e4	5.3991e3	1.0604e5	296.51	0.008	0.973	5.9028e12	5382	179	4	1.182e14	9.537e12	9.512e12	7.036e11	0
850000000	7.0430e-5	2.1938e4	1.0512e4	1.0606e5	296.52	0.008	0.973	5.9158e12	5447	179	4	1.164e14	9.381e12	9.468e12	7.619e11	0
851000000	0.0000e0	2.2865e4	2.0857e0	1.0725e5	297.26	0.008	0.972	5.5837e12	4381	179	4	1.068e14	2.081e10	5.946e10	9.495e9	0
852000000	2.2078e-5	2.4006e4	7.5267e3	1.0872e5	297.24	0.008	0.976	5.4909e12	4927	173	4	1.090e14	4.640e12	4.637e12	6.883e11	0
853000000	1.3680e-4	2.4806e4	5.1023e3	1.0976e5	297.19	0.008	0.975	5.4737e12	5353	182	4	1.082e14	8.117e12	8.093e12	6.698e11	0
854000000	2.1715e-5	2.5512e4	1.2536e4	1.1065e5	297.62	0.008	0.975	5.4279e12	5025	180	4	1.053e14	5.966e12	6.020e12	7.103e11	0
855000000	2.1126e-5	2.6487e4	8.2075e3	1.1189e5	297.97	0.008	0.975	5.2062e12	4744	175	4	1.044e14	4.311e12	4.379e12	6.117e11	0
856000000	8.9009e-5	2.6942e4	4.9824e3	1.1247e5	297.78	0.008	0.974	5.1925e12	5382	180	4	1.033e14	6.270e12	6.244e12	6.252e11	0
857000000	6.6077e-5	2.6908e4	9.1394e3	1.1243e5	297.71	0.008	0.973	5.1791e12	5488	180	4	1.019e14	7.754e12	7.849e12	6.644e11	0
858000000	3.5363e-5	2.7275e4	1.3235e4	1.1289e5	298.51	0.007	0.974	4.7295e12	4099	184	4	8.865e13	7.653e12	7.666e12	5.779e11	0
859000000	1.2787e-5	2.8432e4	6.3248e3	1.1435e5	298.25	0.008	0.975	4.6868e12	4812	187	4	9.384e13	2.850e12	2.868e12	5.864e11	0
860000000	1.1505e-4	2.9108e4	4.3312e3	1.1521e5	298.17	0.009	0.972	4.7309e12	5359	186	4	9.486e13	6.076e12	6.062e12	5.695e11	0
861000000	2.5392e-5	2.8967e4	9.5937e3	1.1502e5	298.44	0.008	0.972	4.7329e12	5136	178	4	9.287e13	4.720e12	4.767e12	6.063e11	0
862000000	7.5193e-5	2.8812e4	6.6775e3	1.1483e5	298.42	0.007	0.972	4.4918e12	5159	185	4	8.880e13	5.562e12	5.635e12	5.219e11	0
863000000	1.0277e-5	2.8781e4	4.9504e3	1.1478e5	298.26	0.006	0.972	4.4445e12	5249	176	4	8.889e13	2.038e12	2.029e12	5.615e11	0
864000000	5.0310e-5	2.8841e4	7.5560e3	1.1487e5	298.25	0.006	0.970	4.4378e12	5619	175	4	8.772e13	5.480e12	5.546e12	5.700e11	0
865000000	2.1823e-5	2.8286e4	6.3682e3	1.1416e5	298.47	0.006	0.969	4.3392e12	4967	188	4	8.529e13	2.926e12	2.967e12	4.669e11	0
866000000	1.5191e-4	2.7432e4	3.6834e3	1.1310e5	297.85	0.006	0.969	4.2996e12	5533	176	4	8.496e13	6.030e12	5.993e12	5.405e11	0
867000000	0.0000e0	2.6486e4	1.3788e-3	1.1189e5	298.24	0.006	0.969	4.2506e12	4983	170	4	8.342e13	2.751e9	1.296e10	2.088e10	0
868000000	6.1292e-5	2.5968e4	4.3932e3	1.1123e5	297.62	0.006	0.969	4.1578e12	5180	187	4	8.228e13	4.097e12	4.050e12	5.351e11	0
869000000	6.1620e-5	2.5765e4	6.5092e3	1.1098e5	297.61	0.006	0.968	4.1238e12	5622	185	4	8.140e13	5.185e12	5.211e12	5.490e11	0
870000000	4.5112e-5	2.5571e4	5.3506e3	1.1073e5	297.48	0.007	0.969	4.0590e12	5419	178	4	8.021e13	3.966e12	3.938e12	5.611e11	0
871000000	5.8105e-5	2.6312e4	5.1333e3	1.1167e5	297.75	0.007	0.970	4.0115e12	5538	170	4	7.895e13	4.217e12	4.217e12	5.155e11	0
872000000	6.3114e-5	2.6028e4	5.6360e3	1.1131e5	297.62	0.007	0.971	3.9588e12	5569	167	4	7.779e13	4.564e12	4.586e12	5.243e11	0
873000000	1.8991e-5	2.5804e4	5.0760e3	1.1102e5	297.61	0.007	0.969	3.8832e12	5451	174	4	7.671e13	2.381e12	2.366e12	4.816e11	0
874000000	8.8975e-5	2.5989e4	4.8952e3	1.1126e5	297.50	0.008	0.969	3.8401e12	5697	166	4	7.561e13	4.926e12	4.950e12	5.056e11	0
875000000	4.2135e-6	2.5668e4	5.4388e3	1.1085e5	297.63	0.007	0.970	3.7682e12	5437	164	4	7.457e13	1.220e12	1.216e12	4.656e11	0
876000000	1.1749e-4	2.5820e4	3.7425e3	1.1105e5	297.49	0.007	0.969	3.7308e12	5680	166	4	7.350e13	4.646e12	4.649e12	4.656e11	0
877000000	7.6640e-7	2.5075e4	8.2604e3	1.1009e5	297.70	0.007	0.968	3.4957e12	5249	159	4	6.876e13	7.668e11	7.800e11	4.712e11	0
878000000	2.5559e-6	2.5125e4	1.1798e3	1.1015e5	296.23	0.006	0.968	3.3425e12	4129	158	4	6.484e13	4.125e11	4.102e11	4.390e11	0
879000000	3.6890e-5	2.5396e4	6.4411e3	1.1050e5	297.39	0.006	0.969	3.3412e12	5550	173	4	6.646e13	3.842e12	3.870e12	4.704e11	0
880000000	4.4033e-5	2.5663e4	7.0203e3	1.1085e5	297.90	0.007	0.968	3.0870e12	4925	165	4	6.280e13	4.654e12	4.614e12	3.951e11	0
881000000	1.2333e-4	2.5474e4	2.8235e3	1.1061e5	297.43	0.007	0.967	3.1802e12	5539	172	4	6.436e13	4.130e12	4.075e12	3.844e11	0
882000000	1.4597e-5	2.4268e4	9.5620e3	1.0906e5	297.57	0.007	0.967	3.2088e12	5120	167	4	6.333e13	3.216e12	3.237e12	4.149e11	0
883000000	1.3314e-5	2.3735e4	1.0516e4	1.0838e5	297.96	0.007	0.967	3.0050e12	4497	159	4	5.993e13	3.536e12	3.527e12	2.587e11	0
884000000	4.3294e-5	2.3902e4	5.9006e3	1.0859e5	297.43	0.007	0.968	2.6760e12	5138	164	4	5.389e13	4.103e12	4.089e12	3.226e11	0
885000000	1.1021e-4	2.3335e4	2.6052e3	1.0787e5	296.75	0.007	0.968	2.7382e12	5465	168	4	5.516e13	3.540e12	3.500e12	3.538e11	0
886000000	5.7922e-6	2.2984e4	7.9738e3	1.0741e5	297.25	0.007	0.968	2.7985e12	4742	171	4	5.737e13	1.854e12	1.863e12	3.813e11	0
887000000	1.6733e-7	2.2795e4	1.2612e4	1.0716e5	297.63	0.008	0.966	2.7593e12	3746	161	4	5.071e13	6.832e11	6.928e11	3.431e11	0
888000000	0.0000e0	2.3085e4	2.9950e-19	1.0754e5	297.36	0.007	0.966	2.8440e12	3966	156	4	5.916e13	0.000e0	3.310e9	7.120e9	0
889000000	5.1061e-6	2.2771e4	4.2827e3	1.0713e5	296.97	0.008	0.965	2.8150e12	4613	163	4	5.737e13	1.307e12	1.313e12	3.484e11	0
890000000	4.2794e-5	2.2106e4	4.1456e3	1.0628e5	296.36	0.008	0.966	2.8307e12	5290	157	4	5.648e13	2.753e12	2.823e12	3.606e11	0
891000000	8.4449e-6	2.2390e4	1.1169e4	1.0664e5	297.50	0.008	0.966	2.6446e12	4257	160	4	4.985e13	2.947e12	2.940e12	2.599e11	0
892000000	2.5947e-5	2.2190e4	3.6647e3	1.0638e5	296.64	0.008	0.966	2.4633e12	4758	165	4	5.165e13	1.948e12	1.987e12	2.628e11	0
893000000	5.7104e-5	2.1709e4	3.1779e3	1.0576e5	296.36	0.009	0.967	2.5332e12	5460	166	4	5.158e13	2.780e12	2.775e12	3.368e11	0
894000000	1.5094e-5	2.1679e4	5.3808e3	1.0572e5	296.68	0.009	0.967	2.5937e12	5444	162	4	5.313e13	2.239e12	2.243e12	3.447e11	0
895000000	5.1502e-5	2.1864e4	4.0288e3	1.0596e5	296.50	0.009	0.967	2.6627e12	5461	159	4	5.376e13	3.326e12	3.319e12	3.702e11	0
896000000	1.2901e-5	2.2296e4	5.2680e3	1.0652e5	296.89	0.009	0.965	2.6573e12	5337	161	4	5.184e13	2.087e12	2.089e12	3.278e11	0
897000000	4.4667e-5	2.1872e4	3.7670e3	1.0597e5	296.51	0.009	0.964	2.6162e12	5524	157	4	5.070e13	3.062e12	3.058e12	3.203e11	0
898000000	3.3733e-5	2.1787e4	4.4126e3	1.0586e5	296.55	0.009	0.964	2.5715e12	5684	159	4	4.985e13	2.984e12	2.985e12	3.410e11	0
899000000	1.8357e-5	2.1761e4	4.8839e3	1.0583e5	296.65	0.009	0.966	2.5226e12	5670	162	4	4.904e13	2.477e12	2.475e12	3.259e11	0
900000000	2.9995e-5	2.1648e4	4.0101e3	1.0568e5	296.57	0.009	0.966	2.4754e12	5774	161	4	4.811e13	2.704e12	2.703e12	3.072e11	0
901000000	4.8729e-5	2.0986e4	3.4213e3	1.0482e5	296.29	0.009	0.968	2.4288e12	5563	157	4	4.697e13	2.900e12	2.901e12	3.114e11	0
902000000	1.1808e-5	2.0548e4	6.3552e3	1.0425e5	296.29	0.008	0.968	2.3844e12	5764	163	4	4.631e13	2.336e12	2.347e12	3.222e11	0
903000000	1.1167e-6	2.0638e4	5.5312e3	1.0436e5	296.58	0.009	0.966	2.3047e12	5564	150	4	4.511e13	1.013e12	1.013e12	2.651e11	0
904000000	5.8771e-5	2.0003e4	3.2581e3	1.0354e5	296.02	0.009	0.966	2.2731e12	4427	148	4	4.416e13	3.069e12	3.075e12	2.846e11	0
905000000	2.4557e-6	1.9767e4	1.4426e4	1.0322e5	296.59	0.010	0.966	2.2629e12	3708	149	4	4.645e13	2.540e12	2.542e12	3.121e11	0
906000000	4.5866e-6	2.0447e4	9.1868e3	1.0411e5	296.97	0.010	0.972	2.2709e12	3353	143	4	4.666e13	2.076e12	2.079e12	2.526e11	0
907000000	4.8682e-5	2.1081e4	3.4389e3	1.0494e5	296.16	0.011	0.972	2.4099e12	3557	143	4	4.480e13	3.276e12	3.272e12	3.125e11	0
908000000	0.0000e0	2.2462e4	2.9804e4	1.0673e5	298.17	0.010	0.971	2.3607e12	3149	136	4	3.965e13	1.818e12	1.818e12	2.428e11	0
909000000	3.3827e-6	2.2367e4	1.3769e4	1.0661e5	297.67	0.011	0.971	2.1883e12	3589	155	4	4.126e13	3.290e12	3.288e12	2.574e11	0
910000000	1.7186e-5	2.2886e4	9.8643e3	1.0728e5	297.51	0.010	0.970	2.2313e12	3821	150	4	4.259e13	6.702e12	6.696e12	3.082e11	0
911000000	1.9695e-5	2.3416e4	8.0021e3	1.0797e5	297.45	0.010	0.971	2.3734e12	2736	136	4	4.752e13	5.254e12	5.247e12	3.224e11	0
912000000	3.3538e-6	2.3833e4	1.5400e4	1.0850e5	297.53	0.010	0.972	2.6573e12	2487	134	4	5.700e13	3.498e12	3.505e12	4.030e11	0
913000000	1.5280e-6	2.4074e4	2.2736e4	1.0881e5	298.59	0.010	0.971	2.9306e12	2328	136	4	4.391e13	5.715e12	5.715e12	3.423e11	0
914000000	2.9191e-6	2.4000e4	1.8742e4	1.0872e5	298.42	0.009	0.971	3.0816e12	2223	133	4	5.636e13	7.950e12	7.950e12	3.248e11	0
915000000	6.4524e-6	2.4281e4	1.6399e4	1.0908e5	298.29	0.010	0.970	3.3004e12	2163	128	4	6.415e13	8.733e12	8.734e12	4.573e11	0
916000000	6.1326e-6	2.4880e4	1.7407e4	1.0984e5	298.49	0.010	0.970	3.5667e12	2046	129	4	6.716e13	1.072e13	1.072e13	5.722e11	0
917000000	2.4770e-7	2.4330e4	4.1553e4	1.0914e5	299.21	0.009	0.968	3.7016e12	1936	127	4	5.076e13	1.218e13	1.218e13	5.748e11	0
918000000	0.0000e0	2.4052e4	1.7557e4	1.0878e5	297.61	0.010	0.968	3.2232e12	2108	129	4	6.937e13	1.954e13	1.954e13	5.966e11	0
919000000	1.5189e-5	2.3140e4	9.4525e3	1.0761e5	297.64	0.009	0.968	3.9276e12	1960	132	4	8.191e13	2.266e13	2.265e13	7.214e11	0
920000000	1.2965e-5	2.2578e4	1.0430e4	1.0688e5	297.52	0.009	0.968	4.4949e12	1971	136	4	9.728e13	2.943e13	2.943e13	7.022e11	0
921000000	4.6772e-5	2.2546e4	1.1183e4	1.0685e5	297.57	0.009	0.968	5.3178e12	1854	138	4	1.200e14	4.069e13	4.068e13	8.889e11	0
922000000	7.1936e-5	2.2579e4	1.1732e4	1.0689e5	297.70	0.009	0.967	6.1611e12	1792	148	4	1.375e14	4.072e13	4.073e13	1.079e12	0
923000000	1.1303e-4	2.1750e4	1.2392e4	1.0582e5	297.50	0.009	0.968	6.9854e12	1760	142	4	1.472e14	5.038e13	5.037e13	1.219e12	0
924000000	1.0911e-4	2.1323e4	1.3117e4	1.0527e5	297.48	0.009	0.968	7.4609e12	1806	141	4	1.528e14	5.831e13	5.831e13	1.228e12	0
925000000	1.1895e-4	2.0498e4	1.3778e4	1.0419e5	297.22	0.009	0.969	8.0066e12	1780	141	4	1.640e14	5.232e13	5.232e13	1.317e12	0
926000000	1.2580e-4	2.0171e4	1.4371e4	1.0377e5	297.27	0.009	0.969	8.6033e12	1822	138	4	1.792e14	4.816e13	4.816e13	1.422e12	0
927000000	1.1671e-4	1.8986e4	1.4764e4	1.0221e5	296.88	0.009	0.969	9.1564e12	1874	135	4	1.877e14	4.357e13	4.357e13	1.456e12	0
928000000	9.9118e-5	1.8689e4	1.4981e4	1.0181e5	296.85	0.009	0.968	9.6478e12	1986	138	4	1.956e14	3.737e13	3.737e13	1.454e12	0
929000000	1.1214e-4	1.7953e4	1.4434e4	1.0084e5	296.61	0.010	0.968	1.0088e13	2165	149	4	2.042e14	3.033e13	3.032e13	1.459e12	0
930000000	1.3165e-4	1.7376e4	1.2861e4	1.0008e5	296.25	0.010	0.969	1.0382e13	2494	152	4	2.046e14	2.590e13	2.590e13	1.381e12	0
931000000	1.3189e-4	1.7611e4	1.1648e4	1.0039e5	296.31	0.010	0.966	1.0342e13	2827	149	4	1.995e14	2.175e13	2.175e13	1.283e12	0
932000000	1.4387e-4	1.7138e4	1.0484e4	9.9763e4	296.04	0.009	0.965	1.0282e13	2985	147	4	1.959e14	1.929e13	1.930e13	1.193e12	0
933000000	1.4318e-4	1.6970e4	1.0427e4	9.9539e4	296.01	0.009	0.964	1.0202e13	3373	157	4	1.980e14	2.076e13	2.076e13	1.191e12	0
934000000	1.4063e-4	1.6363e4	1.0138e4	9.8727e4	295.83	0.009	0.964	1.0111e13	3579	159	4	1.970e14	1.807e13	1.807e13	1.162e12	0
935000000	1.4717e-4	1.5548e4	9.0898e3	9.7634e4	295.46	0.009	0.965	9.7691e12	3840	155	4	1.859e14	1.620e13	1.621e13	1.062e12	0
936000000	1.5399e-4	1.4933e4	8.6741e3	9.6805e4	295.22	0.009	0.964	9.5505e12	4212	155	4	1.817e14	1.522e13	1.522e13	1.028e12	0
937000000	1.4956e-4	1.4623e4	8.4353e3	9.6385e4	294.96	0.009	0.965	9.3696e12	4378	159	4	1.782e14	1.431e13	1.431e13	9.927e11	0
938000000	9.1469e-5	1.5185e4	9.0502e3	9.7139e4	295.32	0.009	0.969	9.1579e12	4560	161	4	1.766e14	1.197e13	1.198e13	9.660e11	0
939000000	1.1844e-4	1.4879e4	8.0261e3	9.6728e4	295.19	0.008	0.968	8.8244e12	4811	154	4	1.678e14	1.228e13	1.228e13	9.038e11	0
940000000	1.2577e-4	1.4492e4	7.5957e3	9.6205e4	294.92	0.008	0.968	8.5370e12	4934	160	4	1.631e14	1.242e13	1.241e13	8.627e11	0
941000000	8.0995e-5	1.4835e4	7.8547e3	9.6664e4	295.07	0.009	0.968	8.1240e12	5226	154	4	1.543e14	1.216e13	1.216e13	8.071e11	0
942000000	7.7670e-5	1.4865e4	7.5873e3	9.6704e4	295.12	0.009	0.968	7.9477e12	5450	154	4	1.557e14	9.811e12	9.808e12	7.784e11	0
943000000	1.0856e-4	1.4726e4	6.7401e3	9.6521e4	294.94	0.009	0.967	7.6330e12	5460	159	4	1.453e14	1.058e13	1.057e13	7.451e11	0
944000000	1.0703e-4	1.5008e4	6.6648e3	9.6902e4	295.04	0.008	0.967	7.3662e12	5618	155	4	1.400e14	1.028e13	1.028e13	7.311e11	0
945000000	8.7625e-5	1.5257e4	6.8432e3	9.7236e4	295.15	0.010	0.968	7.1335e12	5706	155	4	1.357e14	9.404e12	9.405e12	7.175e11	0
946000000	9.7605e-5	1.5252e4	6.3551e3	9.7230e4	295.14	0.010	0.966	6.9233e12	5805	157	4	1.329e14	9.684e12	9.681e12	6.866e11	0
947000000	1.2714e-4	1.4871e4	5.8162e3	9.6718e4	294.91	0.010	0.966	6.7469e12	5853	156	4	1.284e14	9.776e12	9.770e12	6.669e11	0
948000000	1.2971e-4	1.4739e4	5.6228e3	9.6540e4	294.87	0.010	0.966	6.3772e12	5941	159	4	1.204e14	9.088e12	9.089e12	6.428e11	0
949000000	1.2308e-4	1.4373e4	5.4381e3	9.6043e4	294.72	0.010	0.965	6.1452e12	5739	157	4	1.157e14	8.346e12	8.347e12	6.110e11	0
950000000	1.4840e-4	1.4237e4	5.2535e3	9.5861e4	294.55	0.011	0.965	5.9218e12	5562	152	4	1.125e14	8.860e12	8.848e12	6.209e11	0
951000000	6.7793e-5	1.4747e4	6.0594e3	9.6545e4	294.81	0.011	0.964	5.6053e12	5630	153	4	1.070e14	6.473e12	6.484e12	5.896e11	0
952000000	3.9519e-5	1.5216e4	6.2108e3	9.7176e4	295.05	0.012	0.968	5.3101e12	5612	158	4	1.016e14	6.615e12	6.621e12	5.720e11	0
953000000	9.3453e-5	1.5125e4	4.8334e3	9.7058e4	294.90	0.012	0.967	5.0852e12	5769	156	4	9.657e13	6.705e12	6.692e12	5.230e11	0
954000000	2.0050e-4	1.4911e4	3.9358e3	9.6779e4	294.63	0.012	0.966	4.9765e12	5801	157	4	9.442e13	8.097e12	8.084e12	5.155e11	0
955000000	1.4190e-4	1.5377e4	4.7258e3	9.7402e4	294.77	0.013	0.967	4.7993e12	5871	158	4	9.032e13	7.137e12	7.157e12	5.200e11	0
956000000	1.1569e-5	1.6094e4	6.4803e3	9.8353e4	295.34	0.013	0.967	4.5105e12	5292	159	4	8.616e13	3.393e12	3.392e12	5.122e11	0
957000000	7.5804e-5	1.6502e4	4.6043e3	9.8907e4	295.31	0.013	0.965	4.4166e12	5516	163	4	8.604e13	5.599e12	5.584e12	4.874e11	0
958000000	1.8706e-4	1.6600e4	3.6140e3	9.9048e4	295.12	0.014	0.966	4.3804e12	5742	161	4	8.571e13	7.071e12	7.052e12	4.764e11	0
959000000	1.2599e-4	1.6939e4	4.8007e3	9.9495e4	295.34	0.014	0.966	4.3237e12	5694	158	4	8.333e13	6.268e12	6.296e12	5.052e11	0
960000000	6.1583e-5	1.7212e4	4.9771e3	9.9853e4	295.51	0.014	0.964	4.2265e12	5416	158	4	8.126e13	4.530e12	4.524e12	5.034e11	0
961000000	1.2347e-4	1.7708e4	3.9195e3	1.0052e5	295.56	0.014	0.964	4.0597e12	5543	155	4	7.903e13	5.502e12	5.488e12	4.690e11	0
962000000	1.2607e-4	1.7934e4	4.0531e3	1.0082e5	295.58	0.015	0.962	3.9529e12	5570	152	4	7.426e13	5.197e12	5.222e12	4.544e11	0
963000000	1.0189e-4	1.8027e4	4.1263e3	1.0094e5	295.69	0.015	0.962	3.8439e12	5476	150	4	7.572e13	4.878e12	4.890e12	4.569e11	0
964000000	1.2997e-4	1.8096e4	3.8047e3	1.0103e5	295.62	0.015	0.961	3.7877e12	5471	162	4	7.140e13	5.129e12	5.114e12	4.614e11	0
965000000	1.2730e-4	1.8376e4	3.8585e3	1.0140e5	295.79	0.015	0.961	3.7337e12	5378	156	4	7.319e13	4.904e12	4.906e12	4.493e11	0
966000000	1.3695e-4	1.8113e4	3.9476e3	1.0106e5	295.71	0.014	0.962	3.6483e12	5528	152	4	6.863e13	5.155e12	5.151e12	4.667e11	0
967000000	7.9710e-5	1.7923e4	4.0348e3	1.0080e5	295.74	0.014	0.961	3.5895e12	5502	153	4	7.052e13	3.863e12	3.854e12	4.374e11	0
968000000	1.6461e-4	1.7799e4	3.6204e3	1.0064e5	295.52	0.014	0.960	3.5073e12	5535	161	4	6.581e13	5.246e12	5.247e12	4.375e11	0
969000000	1.0292e-4	1.7782e4	3.4065e3	1.0061e5	295.66	0.015	0.958	3.4630e12	5579	152	4	6.840e13	3.841e12	3.827e12	3.978e11	0
970000000	1.6504e-4	1.7291e4	4.0434e3	9.9968e4	295.27	0.015	0.958	3.3923e12	5514	158	4	6.364e13	5.316e12	5.395e12	4.040e11	0
971000000	1.1099e-5	1.7246e4	3.5454e3	9.9892e4	295.65	0.015	0.957	3.2781e12	5272	154	4	6.354e13	1.249e12	1.240e12	3.276e11	0
972000000	2.9908e-4	1.6591e4	2.6379e3	9.9048e4	295.03	0.014	0.960	3.2936e12	5552	153	4	6.488e13	5.577e12	5.589e12	3.785e11	0
973000000	1.2299e-4	1.6426e4	3.5574e3	9.8809e4	295.17	0.014	0.959	3.2638e12	5492	146	4	6.136e13	4.287e12	4.274e12	4.386e11	0
974000000	1.6809e-4	1.6470e4	3.7490e3	9.8874e4	295.09	0.015	0.961	3.2363e12	5475	148	4	6.409e13	5.110e12	5.118e12	4.288e11	0
975000000	1.4436e-4	1.6563e4	2.7267e3	9.8995e4	295.15	0.015	0.965	3.1727e12	5409	149	4	5.982e13	4.495e12	4.438e12	4.470e11	0
976000000	2.0127e-4	1.6884e4	3.2347e3	9.9429e4	295.21	0.016	0.965	3.1436e12	5524	146	4	5.911e13	4.778e12	4.787e12	3.863e11	0
977000000	1.7739e-4	1.6991e4	3.5260e3	9.9570e4	295.27	0.014	0.964	3.1195e12	5518	144	4	6.205e13	5.010e12	5.012e12	4.226e11	0
978000000	1.2318e-4	1.7427e4	4.3368e3	1.0015e5	295.36	0.014	0.966	3.0681e12	5516	153	4	5.781e13	4.776e12	4.794e12	4.289e11	0
979000000	9.9690e-5	1.8434e4	2.2849e3	1.0148e5	295.88	0.014	0.966	3.0431e12	5219	151	4	6.049e13	2.884e12	2.843e12	3.242e11	0
980000000	3.2963e-4	1.8187e4	2.3803e3	1.0117e5	295.55	0.014	0.966	3.0064e12	5590	143	4	5.667e13	5.221e12	5.241e12	3.491e11	0
981000000	1.1503e-4	1.8260e4	4.1305e3	1.0125e5	295.70	0.014	0.966	2.9959e12	5522	143	4	5.966e13	4.378e12	4.397e12	4.222e11	0
982000000	9.7473e-5	1.9081e4	3.5624e3	1.0233e5	295.97	0.014	0.968	2.9403e12	5335	145	4	5.573e13	3.625e12	3.580e12	4.228e11	0
983000000	1.6652e-4	1.9888e4	3.1415e3	1.0340e5	296.20	0.014	0.967	2.9089e12	5479	146	4	5.671e13	4.039e12	4.052e12	3.585e11	0
984000000	1.7842e-4	2.0084e4	2.5303e3	1.0366e5	296.27	0.014	0.964	2.9126e12	5617	144	4	5.834e13	4.372e12	4.337e12	3.880e11	0
985000000	1.1913e-4	2.0272e4	4.9649e3	1.0390e5	296.23	0.014	0.965	2.9417e12	5743	145	4	5.796e13	5.143e12	5.273e12	4.014e11	0
986000000	0.0000e0	2.1177e4	1.0555e4	1.0507e5	295.64	0.013	0.970	1.8425e12	4893	143	4	3.117e13	4.949e12	4.949e12	2.748e11	0
987000000	0.0000e0	2.1949e4	0.0000e0	1.0607e5	295.87	0.012	0.971	1.7792e12	4734	133	4	3.402e13	6.732e4	2.302e6	7.986e4	0
988000000	0.0000e0	2.2676e4	0.0000e0	1.0701e5	296.03	0.012	0.975	1.8022e12	4414	131	4	3.951e13	0.000e0	1.559e6	6.046e4	0
989000000	1.2002e-7	2.4149e4	1.7622e3	1.0890e5	297.40	0.013	0.974	1.9670e12	4893	139	4	4.433e13	1.635e11	1.646e11	1.691e11	0
990000000	2.8920e-5	2.5345e4	7.5869e3	1.1044e5	296.75	0.014	0.972	2.1727e12	3606	135	4	4.652e13	3.503e12	3.571e12	3.154e11	0
991000000	0.0000e0	2.6302e4	0.0000e0	1.1165e5	297.01	0.012	0.974	1.8364e12	3481	137	4	4.324e13	0.000e0	1.395e6	3.774e4	0
992000000	0.0000e0	2.7297e4	0.0000e0	1.1291e5	297.22	0.012	0.975	1.6725e12	2399	131	4	3.389e13	0.000e0	8.341e5	5.072e3	0
993000000	0.0000e0	2.8818e4	2.5293e4	1.1483e5	300.03	0.012	0.977	1.8227e12	2736	135	4	3.047e13	4.642e11	4.673e11	2.331e11	0
994000000	2.5719e-5	3.0331e4	1.5061e3	1.1673e5	297.93	0.012	0.976	2.0045e12	3019	144	4	4.774e13	1.328e12	1.304e12	3.428e11	0
995000000	6.5488e-5	3.1290e4	2.7415e3	1.1793e5	299.06	0.012	0.975	2.3934e12	1997	129	4	5.407e13	2.874e12	2.812e12	4.207e11	0
996000000	1.5213e-6	3.1612e4	1.7275e4	1.1832e5	299.85	0.011	0.974	2.5173e12	1946	126	4	5.376e13	2.234e12	2.233e12	4.355e11	0
997000000	0.0000e0	3.2244e4	0.0000e0	1.1911e5	298.37	0.012	0.974	2.4247e12	1874	130	4	4.122e13	0.000e0	7.124e5	3.800e5	0
998000000	2.1186e-6	3.2831e4	6.4211e3	1.1983e5	300.01	0.013	0.972	2.7871e12	1855	123	4	6.224e13	1.816e12	1.815e12	4.000e11	0
999000000	2.2325e-4	3.3642e4	8.3121e2	1.2086e5	299.00	0.014	0.975	3.0449e12	1844	135	4	6.711e13	4.734e12	4.518e12	5.242e11	0
1000000000	2.3174e-4	3.4977e4	3.9166e3	1.2250e5	299.95	0.014	0.974	4.3163e12	1788	131	4	1.222e14	8.476e12	8.474e12	5.568e11	0
1001000000	3.5013e-5	3.5368e4	1.3184e4	1.2296e5	299.04	0.013	0.974	4.9439e12	1925	137	4	8.886e13	8.360e12	8.326e12	5.744e11	0
1002000000	1.0389e-4	3.5621e4	6.4208e3	1.2328e5	300.46	0.013	0.973	4.7723e12	1958	125	4	8.060e13	7.814e12	7.798e12	4.869e11	0
1003000000	6.9384e-7	3.5705e4	1.2868e4	1.2337e5	300.76	0.013	0.974	4.6432e12	1857	126	4	8.762e13	2.191e12	2.245e12	4.478e11	0
1004000000	0.0000e0	3.5973e4	2.0635e0	1.2370e5	300.69	0.012	0.974	4.4770e12	1917	129	4	8.354e13	1.005e11	1.133e11	2.640e10	0
1005000000	1.5335e-4	3.6428e4	2.8580e3	1.2427e5	299.30	0.012	0.974	4.3675e12	1953	133	4	8.693e13	7.562e12	7.411e12	5.490e11	0
1006000000	2.9486e-5	3.5944e4	4.8777e3	1.2367e5	300.47	0.013	0.974	4.3128e12	1876	130	4	9.219e13	3.668e12	3.646e12	4.761e11	0
1007000000	2.5067e-4	3.5972e4	3.7627e3	1.2373e5	300.14	0.014	0.974	4.5572e12	1854	132	4	9.310e13	8.363e12	8.361e12	5.104e11	0
1008000000	7.5098e-5	3.6220e4	5.8067e3	1.2401e5	300.62	0.012	0.975	4.7492e12	1844	132	4	9.770e13	5.881e12	5.873e12	6.124e11	0
1009000000	2.1364e-4	3.6275e4	4.5146e3	1.2409e5	300.46	0.012	0.974	4.9176e12	1857	133	4	9.925e13	8.902e12	8.877e12	6.234e11	0
1010000000	1.5704e-4	3.5829e4	5.6126e3	1.2354e5	300.52	0.012	0.973	5.0522e12	1889	133	4	1.017e14	8.258e12	8.273e12	6.408e11	0
1011000000	1.8909e-4	3.5328e4	5.6271e3	1.2293e5	300.30	0.012	0.972	4.9853e12	1926	143	4	9.985e13	9.503e12	9.527e12	6.658e11	0
1012000000	1.1669e-4	3.5442e4	5.4021e3	1.2306e5	300.46	0.012	0.970	5.0822e12	2011	143	4	1.017e14	7.280e12	7.252e12	6.489e11	0
1013000000	3.1540e-4	3.5413e4	4.1960e3	1.2305e5	300.26	0.013	0.970	5.2128e12	2025	146	4	1.048e14	1.043e13	1.041e13	6.443e11	0
1014000000	1.8651e-4	3.4536e4	5.8054e3	1.2196e5	300.21	0.013	0.969	5.3491e12	1915	143	4	1.068e14	9.262e12	9.300e12	6.742e11	0
1015000000	2.1184e-4	3.3880e4	4.4621e3	1.2115e5	300.05	0.014	0.970	5.4467e12	1924	142	4	1.080e14	9.211e12	9.151e12	6.883e11	0
1016000000	2.9121e-4	3.3429e4	4.9065e3	1.2061e5	299.84	0.014	0.972	5.5543e12	1940	135	4	1.103e14	1.075e13	1.082e13	6.587e11	0
1017000000	1.5831e-4	3.3264e4	5.1347e3	1.2039e5	299.99	0.014	0.971	5.6167e12	1981	142	4	1.113e14	8.483e12	8.440e12	7.146e11	0
1018000000	2.7328e-4	3.3653e4	4.9792e3	1.2088e5	299.80	0.015	0.972	5.6629e12	1921	146	4	1.115e14	1.097e13	1.102e13	6.947e11	0
1019000000	9.6584e-5	3.4461e4	5.1637e3	1.2185e5	300.25	0.015	0.971	5.6738e12	2123	144	4	1.124e14	6.479e12	6.444e12	6.595e11	0
1020000000	4.4434e-4	3.4626e4	3.8163e3	1.2210e5	299.92	0.015	0.971	5.7366e12	2182	148	4	1.132e14	1.201e13	1.209e13	6.464e11	0
1021000000	1.1043e-4	3.4249e4	4.9017e3	1.2160e5	300.23	0.015	0.971	5.5507e12	2306	151	4	1.101e14	6.843e12	6.794e12	7.017e11	0
1022000000	3.9256e-4	3.4036e4	3.7787e3	1.2137e5	299.72	0.016	0.970	5.5171e12	2583	137	4	1.070e14	1.059e13	1.074e13	5.898e11	0
1023000000	1.6454e-5	3.4068e4	5.6516e3	1.2136e5	300.28	0.015	0.970	5.3955e12	3230	147	4	1.059e14	2.920e12	2.905e12	6.197e11	0
1024000000	4.5761e-4	3.4125e4	3.0852e3	1.2148e5	299.77	0.016	0.969	5.4010e12	3734	151	4	1.065e14	1.112e13	1.104e13	6.357e11	0
1025000000	1.4826e-4	3.3817e4	5.6011e3	1.2107e5	299.97	0.015	0.970	5.3861e12	3909	163	4	1.049e14	7.600e12	7.668e12	6.354e11	0
1026000000	7.1939e-5	3.3570e4	4.2953e3	1.2075e5	300.00	0.016	0.969	5.3142e12	4277	155	4	1.038e14	4.729e12	4.696e12	5.725e11	0
1027000000	3.3768e-4	3.3392e4	4.1304e3	1.2057e5	299.53	0.016	0.968	5.2753e12	4688	154	4	1.024e14	1.047e13	1.066e13	5.865e11	0
1028000000	0.0000e0	3.4323e4	6.2671e-48	1.2167e5	300.94	0.016	0.970	4.9264e12	3407	158	4	9.475e13	0.000e0	3.657e10	1.958e9	0
1029000000	0.0000e0	3.4957e4	9.2706e-11	1.2245e5	300.47	0.016	0.969	4.8724e12	4572	172	4	9.572e13	7.339e9	8.792e9	1.764e10	0
1030000000	4.2332e-5	3.5261e4	3.8978e3	1.2283e5	300.30	0.016	0.968	4.8261e12	4940	167	4	9.562e13	3.136e12	3.131e12	4.874e11	0
1031000000	3.9833e-4	3.5304e4	2.4988e3	1.2293e5	299.97	0.017	0.967	4.8260e12	5554	169	4	9.471e13	8.546e12	8.521e12	5.227e11	0
1032000000	9.6914e-5	3.4840e4	5.6964e3	1.2232e5	300.15	0.016	0.967	4.7836e12	5517	172	4	9.272e13	5.328e12	5.415e12	5.077e11	0
1033000000	5.2990e-5	3.4544e4	4.0882e3	1.2195e5	300.11	0.017	0.966	4.6501e12	5566	166	4	9.134e13	3.835e12	3.802e12	5.335e11	0
1034000000	2.6726e-4	3.4821e4	3.2539e3	1.2232e5	299.90	0.017	0.966	4.6082e12	5894	171	4	8.939e13	7.609e12	7.615e12	5.326e11	0
1035000000	4.0581e-5	3.4912e4	4.1683e3	1.2240e5	300.28	0.015	0.966	4.5245e12	5774	173	4	8.756e13	3.257e12	3.246e12	4.966e11	0
1036000000	1.9897e-4	3.4462e4	4.0321e3	1.2187e5	299.84	0.015	0.966	4.4106e12	5925	166	4	8.488e13	7.144e12	7.232e12	5.001e11	0
1037000000	1.3102e-4	3.4038e4	8.6287e3	1.2134e5	299.96	0.014	0.965	4.2338e12	5201	166	4	8.411e13	1.053e13	1.053e13	6.262e11	0
1038000000	1.2960e-6	3.3709e4	3.1984e3	1.2092e5	300.13	0.013	0.966	4.1769e12	5465	185	4	8.181e13	1.240e10	1.750e11	3.330e9	0
1039000000	2.6836e-8	3.3465e4	2.0721e4	1.2062e5	300.26	0.013	0.965	3.5396e12	5380	177	4	6.763e13	1.961e12	2.102e12	2.763e11	0
1040000000	0.0000e0	3.2505e4	7.2983e-100	1.1943e5	300.54	0.014	0.965	3.0404e12	4953	176	4	5.499e13	0.000e0	1.974e9	1.351e9	0
1041000000	6.2018e-5	3.2251e4	2.4908e2	1.1912e5	298.60	0.014	0.964	2.8583e12	4953	181	4	5.398e13	1.982e12	1.923e12	5.511e11	0
1042000000	1.6003e-4	3.2154e4	5.3920e3	1.1901e5	299.10	0.014	0.963	2.8585e12	5638	171	4	5.860e13	7.664e12	7.570e12	4.722e11	0
1043000000	5.7291e-6	3.1439e4	1.0796e4	1.1811e5	299.59	0.014	0.962	2.8931e12	5512	169	4	5.863e13	5.725e11	8.215e11	6.298e10	0
1044000000	6.2632e-5	3.0423e4	6.0598e3	1.1685e5	298.27	0.014	0.962	2.9658e12	5316	177	4	5.995e13	4.950e12	4.891e12	4.791e11	0
1045000000	0.0000e0	2.9513e4	7.3350e-95	1.1570e5	299.70	0.014	0.961	3.1213e12	4541	167	4	6.532e13	0.000e0	3.005e10	1.086e9	0
1046000000	1.4993e-4	2.9126e4	1.3483e3	1.1523e5	297.97	0.015	0.959	3.2288e12	4822	170	4	6.415e13	3.495e12	3.355e12	6.214e11	0
1047000000	2.3538e-4	2.8313e4	4.2883e3	1.1422e5	298.76	0.014	0.959	3.2952e12	5504	178	4	6.731e13	7.819e12	7.729e12	4.944e11	0
1048000000	1.4729e-4	2.7263e4	3.2844e3	1.1289e5	298.56	0.014	0.961	3.3453e12	5763	180	4	6.680e13	4.531e12	4.546e12	3.986e11	0
1049000000	1.2175e-4	2.6419e4	3.1425e3	1.1181e5	298.39	0.014	0.961	3.3845e12	5725	173	4	6.694e13	4.362e12	4.322e12	4.544e11	0
1050000000	6.0746e-5	2.5725e4	5.2604e3	1.1093e5	298.21	0.014	0.960	3.2554e12	5652	172	4	6.327e13	3.984e12	4.029e12	4.386e11	0
1051000000	1.5407e-4	2.5402e4	2.4046e3	1.1052e5	298.17	0.014	0.960	3.1971e12	5472	163	4	6.222e13	4.472e12	4.375e12	4.211e11	0
1052000000	1.0070e-4	2.3496e4	3.9291e3	1.0808e5	297.76	0.013	0.960	3.1585e12	5670	163	4	6.113e13	3.660e12	3.696e12	3.586e11	0
1053000000	1.1190e-4	2.1678e4	3.2651e3	1.0573e5	297.26	0.013	0.960	3.1016e12	5315	167	4	5.970e13	3.516e12	3.524e12	3.620e11	0
1054000000	8.6021e-5	2.0115e4	3.8744e3	1.0369e5	296.83	0.013	0.960	3.0437e12	5149	155	4	5.824e13	3.163e12	3.197e12	3.359e11	0
1055000000	1.6302e-4	1.8855e4	2.9202e3	1.0204e5	296.43	0.012	0.962	2.9515e12	5002	158	4	5.714e13	4.179e12	4.134e12	3.795e11	0
1056000000	9.4391e-5	1.7564e4	4.0284e3	1.0032e5	296.07	0.011	0.962	2.9203e12	4945	163	4	5.589e13	3.557e12	3.600e12	3.478e11	0
1057000000	5.3464e-5	1.6790e4	4.2904e3	9.9290e4	295.77	0.012	0.962	2.6368e12	4893	164	4	4.994e13	2.909e12	2.925e12	3.443e11	0
1058000000	1.3492e-4	1.6265e4	2.6539e3	9.8595e4	295.55	0.012	0.961	2.5974e12	5033	159	4	4.898e13	3.312e12	3.280e12	3.191e11	0
1059000000	1.2297e-4	1.5360e4	2.9399e3	9.7378e4	295.26	0.012	0.961	2.5397e12	5019	159	4	4.830e13	3.286e12	3.284e12	3.106e11	0
1060000000	7.0013e-5	1.4609e4	3.9561e3	9.6357e4	295.05	0.012	0.961	2.5077e12	4994	163	4	4.796e13	2.733e12	2.775e12	2.897e11	0
1061000000	1.1737e-4	1.4178e4	3.1074e3	9.5778e4	294.87	0.011	0.962	2.4711e12	4943	156	4	4.704e13	3.359e12	3.344e12	3.250e11	0
1062000000	8.2731e-5	1.3568e4	3.2449e3	9.4944e4	294.68	0.010	0.961	2.1597e12	5066	167	4	4.089e13	2.734e12	2.755e12	2.943e11	0
1063000000	4.9348e-5	1.2931e4	3.2138e3	9.4069e4	294.41	0.010	0.961	2.1045e12	4963	157	4	3.919e13	2.084e12	2.068e12	2.752e11	0
1064000000	6.6262e-5	1.2436e4	2.9488e3	9.3390e4	294.19	0.010	0.961	2.0569e12	5172	162	4	3.945e13	2.193e12	2.206e12	2.440e11	0
1065000000	1.0026e-4	1.1907e4	2.6483e3	9.2665e4	294.07	0.010	0.960	2.0327e12	5176	167	4	3.938e13	2.501e12	2.503e12	2.545e11	0
1066000000	5.3791e-5	1.1217e4	3.1497e3	9.1705e4	293.78	0.009	0.959	1.9888e12	5176	162	4	3.769e13	2.058e12	2.064e12	2.619e11	0
1067000000	8.4016e-5	1.0711e4	2.4499e3	9.1004e4	293.54	0.009	0.961	1.9445e12	5157	159	4	3.709e13	2.212e12	2.199e12	2.468e11	0
1068000000	6.8009e-5	1.0161e4	2.9753e3	9.0232e4	293.27	0.009	0.961	1.9033e12	5187	157	4	3.641e13	2.142e12	2.152e12	2.445e11	0
1069000000	9.7509e-5	9.9044e3	2.9842e3	8.9875e4	293.13	0.009	0.961	1.8902e12	5157	159	4	3.613e13	2.701e12	2.702e12	2.671e11	0
1070000000	5.6215e-5	9.7482e3	2.5454e3	8.9652e4	293.14	0.009	0.961	1.8623e12	5231	162	4	3.591e13	1.961e12	1.931e12	2.709e11	0
1071000000	7.3154e-5	9.5566e3	2.4533e3	8.9384e4	293.09	0.009	0.961	1.8430e12	5410	164	4	3.544e13	1.969e12	1.964e12	2.306e11	0
1072000000	3.6756e-5	8.9470e3	2.4626e3	8.8519e4	292.84	0.009	0.961	1.7954e12	5327	157	4	3.408e13	1.309e12	1.308e12	1.965e11	0
1073000000	6.6158e-5	8.4054e3	2.2043e3	8.7753e4	292.44	0.009	0.960	1.7435e12	5366	159	4	3.266e13	1.669e12	1.664e12	2.079e11	0
1074000000	1.2986e-5	8.0156e3	3.3521e3	8.7193e4	292.35	0.009	0.962	1.6203e12	5437	154	4	3.012e13	1.696e12	1.693e12	2.305e11	0
1075000000	9.6670e-5	7.9023e3	2.2003e3	8.7038e4	291.96	0.009	0.962	1.6291e12	5335	154	4	3.179e13	1.960e12	1.964e12	1.930e11	0
1076000000	6.9975e-5	7.8641e3	2.9603e3	8.6981e4	292.04	0.009	0.963	1.6478e12	5450	155	4	3.248e13	2.118e12	2.110e12	2.364e11	0
1077000000	7.4274e-5	8.0018e3	2.8639e3	8.7179e4	292.19	0.008	0.964	1.6536e12	5523	151	4	3.263e13	2.176e12	2.161e12	2.482e11	0
1078000000	6.3806e-5	8.1465e3	2.4653e3	8.7384e4	292.27	0.009	0.963	1.6346e12	5491	154	4	3.241e13	1.935e12	1.914e12	2.483e11	0
1079000000	4.6546e-5	8.3131e3	2.9024e3	8.7620e4	292.45	0.009	0.963	1.6342e12	5469	156	4	3.201e13	1.693e12	1.693e12	2.275e11	0
1080000000	6.5797e-5	8.2729e3	2.8246e3	8.7565e4	292.43	0.008	0.963	1.6209e12	5539	154	4	3.154e13	1.924e12	1.928e12	2.233e11	0
1081000000	4.8269e-5	8.1746e3	3.0155e3	8.7423e4	292.38	0.008	0.963	1.6047e12	5604	155	4	3.120e13	1.784e12	1.783e12	2.382e11	0
1082000000	4.9349e-5	8.1275e3	2.3511e3	8.7356e4	292.44	0.007	0.963	1.5860e12	5678	160	4	3.092e13	1.501e12	1.494e12	1.983e11	0
1083000000	1.6957e-5	7.9489e3	5.4125e3	8.7098e4	292.17	0.007	0.967	1.5635e12	5683	156	4	3.027e13	1.458e12	1.506e12	1.869e11	0
1084000000	1.2745e-5	8.6852e3	4.8506e3	8.8146e4	293.50	0.006	0.973	1.4561e12	4772	147	4	2.904e13	1.504e12	1.494e12	1.179e11	0
1085000000	1.2942e-4	8.9648e3	3.2435e3	8.8553e4	292.71	0.006	0.974	1.4620e12	5367	150	4	2.952e13	3.152e12	3.164e12	2.094e11	0
1086000000	3.4411e-5	9.8228e3	3.4155e3	8.9755e4	292.40	0.006	0.973	1.4631e12	5241	154	4	2.913e13	1.642e12	1.615e12	2.251e11	0
1087000000	5.5803e-5	9.8031e3	2.4902e3	8.9729e4	293.29	0.005	0.973	1.4741e12	5337	156	4	2.936e13	1.655e12	1.631e12	2.191e11	0
1088000000	3.4948e-5	9.7064e3	3.7510e3	8.9591e4	293.25	0.005	0.973	1.4790e12	5640	149	4	2.921e13	1.755e12	1.781e12	2.040e11	0
1089000000	3.3633e-5	9.9954e3	4.1007e3	8.9997e4	292.57	0.004	0.974	1.4210e12	5565	142	4	2.804e13	1.883e12	1.856e12	1.890e11	0
1090000000	2.5884e-5	1.0082e4	2.9711e3	9.0117e4	293.50	0.004	0.974	1.4012e12	5883	140	4	2.869e13	1.314e12	1.300e12	2.036e11	0
1091000000	5.7062e-5	1.0283e4	2.5364e3	9.0403e4	293.60	0.003	0.975	1.4065e12	5973	142	4	2.826e13	1.759e12	1.751e12	2.074e11	0
1092000000	1.5262e-5	1.0347e4	2.5715e3	9.0487e4	293.84	0.002	0.975	1.4040e12	5859	146	4	2.782e13	8.660e11	8.672e11	1.604e11	0
1093000000	2.9774e-5	1.0196e4	4.1988e3	9.0277e4	293.52	0.002	0.975	1.3962e12	6027	150	4	2.741e13	1.430e12	1.504e12	1.454e11	0
1094000000	3.6343e-5	1.0441e4	2.9588e3	9.0621e4	292.94	0.001	0.974	1.3695e12	5491	150	4	2.665e13	1.478e12	1.449e12	2.000e11	0
1095000000	2.0754e-5	1.0113e4	3.3991e3	9.0161e4	293.66	0.001	0.975	1.3604e12	6057	145	4	2.662e13	1.226e12	1.235e12	1.933e11	0
1096000000	2.5259e-5	1.0090e4	2.2274e3	9.0129e4	293.67	0.001	0.975	1.3434e12	6210	144	4	2.626e13	1.069e12	1.056e12	1.806e11	0
1097000000	2.0842e-5	9.9577e3	4.0692e3	8.9943e4	293.58	0.000	0.975	1.3306e12	6268	144	4	2.588e13	1.426e12	1.455e12	1.749e11	0
1098000000	2.9085e-5	1.0064e4	4.1128e3	9.0092e4	293.79	0.000	0.975	1.3002e12	5870	144	4	2.538e13	1.813e12	1.791e12	1.811e11	0
1099000000	5.5796e-5	1.0126e4	2.0813e3	9.0182e4	293.65	0.000	0.975	1.2881e12	6334	146	4	2.519e13	1.588e12	1.567e12	1.883e11	0
1100000000	1.6910e-5	1.0083e4	4.4534e3	9.0119e4	293.69	0.000	0.975	1.2786e12	4838	140	4	2.496e13	1.480e12	1.503e12	1.794e11	0
1101000000	2.9089e-6	1.0131e4	1.3767e4	9.0185e4	294.36	0.000	0.975	1.2674e12	4113	127	4	2.572e13	1.874e12	1.871e12	1.785e11	0
1102000000	8.8960e-9	9.7461e3	4.0457e3	8.9644e4	293.92	0.000	0.975	1.2494e12	3987	143	4	2.699e13	1.810e11	1.821e11	1.350e11	0
1103000000	1.4429e-4	9.4501e3	1.1722e3	8.9240e4	293.08	0.001	0.975	1.3371e12	3703	140	4	2.758e13	1.825e12	1.817e12	1.947e11	0
1104000000	1.3172e-6	9.4968e3	1.3872e4	8.9293e4	293.98	0.002	0.974	1.3836e12	2479	126	4	2.862e13	1.539e12	1.544e12	2.130e11	0
1105000000	2.7351e-6	9.9761e3	6.4250e3	8.9967e4	294.09	0.002	0.975	1.4074e12	2387	125	4	3.016e13	1.073e12	1.074e12	1.983e11	0
1106000000	1.4056e-5	1.0574e4	2.9695e3	9.0805e4	293.95	0.002	0.975	1.5070e12	2384	126	4	3.231e13	1.299e12	1.316e12	2.132e11	0
1107000000	1.8646e-6	1.0750e4	1.7294e4	9.1050e4	294.37	0.002	0.975	1.6235e12	2254	125	4	3.548e13	2.294e12	2.312e12	2.520e11	0
1108000000	1.2532e-5	1.0377e4	6.2393e3	9.0529e4	294.34	0.002	0.975	1.8055e12	2319	126	4	3.773e13	2.944e12	2.949e12	2.876e11	0
1109000000	5.6268e-5	1.0208e4	2.3445e3	9.0298e4	293.71	0.001	0.974	2.1184e12	2291	119	4	4.818e13	4.594e12	4.690e12	2.806e11	0
1110000000	1.3397e-4	1.0125e4	3.1100e3	9.0188e4	293.73	0.001	0.973	2.3641e12	2114	129	4	5.045e13	3.661e12	3.652e12	3.016e11	0
1111000000	6.1178e-5	1.0266e4	3.3796e3	9.0379e4	294.05	0.001	0.971	2.2957e12	2043	131	4	4.707e13	1.714e12	1.732e12	2.113e11	0
1112000000	6.3318e-5	9.9581e3	3.8280e3	8.9947e4	293.77	0.002	0.970	2.1347e12	2055	124	4	4.301e13	2.566e12	2.585e12	2.957e11	0
1113000000	5.7020e-5	9.8226e3	2.9895e3	8.9756e4	293.75	0.002	0.970	2.1774e12	2067	123	4	4.476e13	2.292e12	2.269e12	2.921e11	0
1114000000	8.0121e-5	9.4781e3	3.6359e3	8.9274e4	293.63	0.002	0.970	2.4388e12	2084	119	4	5.565e13	2.962e12	2.973e12	3.319e11	0
1115000000	1.5727e-4	9.1335e3	3.7293e3	8.8795e4	293.24	0.002	0.969	2.6412e12	2157	121	4	5.721e13	4.696e12	4.695e12	3.691e11	0
1116000000	4.2400e-5	9.3218e3	3.4218e3	8.9050e4	293.70	0.002	0.969	2.7801e12	2098	124	4	5.608e13	2.178e12	2.162e12	3.172e11	0
1117000000	5.2089e-5	8.8596e3	5.8472e3	8.8397e4	293.24	0.002	0.969	2.7664e12	2200	121	4	5.200e13	3.154e12	3.238e12	2.890e11	0
1118000000	1.8568e-5	8.7595e3	5.1751e3	8.8252e4	293.52	0.002	0.969	2.6558e12	2068	121	4	5.154e13	1.661e12	1.709e12	2.451e11	0
1119000000	1.3559e-4	8.5628e3	2.9357e3	8.7984e4	293.04	0.002	0.970	2.2149e12	2187	128	4	4.321e13	3.561e12	3.558e12	3.008e11	0
1120000000	7.3183e-5	8.3585e3	3.4615e3	8.7687e4	293.01	0.002	0.970	2.2180e12	2144	138	4	4.338e13	2.772e12	2.772e12	3.000e11	0
1121000000	7.0375e-5	8.3484e3	3.8322e3	8.7673e4	292.85	0.002	0.980	1.9986e12	2093	133	4	3.898e13	2.766e12	2.793e12	2.798e11	0
1122000000	1.7700e-5	8.9117e3	3.3739e3	8.8468e4	293.36	0.002	0.979	1.9873e12	2121	128	4	3.929e13	1.476e12	1.464e12	2.637e11	0
1123000000	1.0639e-4	9.1104e3	3.0349e3	8.8757e4	293.15	0.003	0.978	1.9971e12	2063	129	4	3.910e13	2.823e12	2.872e12	2.336e11	0
1124000000	2.8171e-5	9.4988e3	3.4119e3	8.9298e4	293.59	0.003	0.977	1.9890e12	2093	119	4	3.925e13	1.824e12	1.811e12	2.790e11	0
1125000000	1.1120e-4	9.8058e3	2.7563e3	8.9738e4	293.66	0.003	0.978	1.9969e12	2120	127	4	3.942e13	2.892e12	2.897e12	2.496e11	0
1126000000	7.4222e-5	9.7971e3	3.9531e3	8.9722e4	293.60	0.004	0.978	2.0053e12	2153	124	4	3.950e13	2.943e12	2.977e12	2.639e11	0
1127000000	4.2661e-5	1.0301e4	3.4638e3	9.0426e4	293.93	0.004	0.977	2.0008e12	2195	121	4	3.967e13	2.283e12	2.263e12	3.016e11	0
1128000000	8.1150e-5	1.0858e4	3.0113e3	9.1208e4	294.24	0.003	0.978	2.0093e12	2144	124	4	3.971e13	2.641e12	2.645e12	2.554e11	0
1129000000	1.1471e-4	1.0671e4	3.1773e3	9.0950e4	294.08	0.003	0.978	2.0208e12	2269	133	4	3.996e13	3.169e12	3.193e12	2.579e11	0
1130000000	5.9917e-5	1.0518e4	3.2116e3	9.0732e4	294.11	0.003	0.977	1.9450e12	2244	125	4	3.874e13	2.419e12	2.407e12	2.820e11	0
1131000000	1.1539e-4	1.0472e4	3.0256e3	9.0673e4	293.98	0.003	0.981	1.9572e12	2243	130	4	3.897e13	3.130e12	3.133e12	2.696e11	0
1132000000	8.1724e-5	1.0687e4	3.2497e3	9.0969e4	294.13	0.003	0.982	1.9672e12	2278	134	4	3.916e13	2.844e12	2.836e12	2.866e11	0
1133000000	8.9528e-5	1.1098e4	3.2285e3	9.1543e4	294.31	0.003	0.982	1.9761e12	2342	126	4	3.929e13	2.947e12	2.946e12	2.813e11	0
1134000000	8.2108e-5	1.1552e4	3.2873e3	9.2172e4	294.51	0.003	0.983	1.9853e12	2358	129	4	3.942e13	2.870e12	2.870e12	2.828e11	0
1135000000	8.0691e-5	1.2002e4	2.9914e3	9.2795e4	294.76	0.003	0.983	1.9935e12	2441	129	4	3.952e13	2.640e12	2.638e12	2.611e11	0
1136000000	1.1814e-4	1.2124e4	3.0955e3	9.2966e4	294.64	0.004	0.983	2.0038e12	2450	127	4	3.976e13	3.280e12	3.305e12	2.640e11	0
1137000000	3.3013e-5	1.2480e4	3.1820e3	9.3448e4	295.01	0.004	0.982	2.0027e12	2469	125	4	3.976e13	1.846e12	1.837e12	2.619e11	0
1138000000	1.6302e-4	1.2560e4	2.5925e3	9.3571e4	294.71	0.006	0.979	2.0127e12	2487	126	4	4.003e13	3.490e12	3.514e12	2.524e11	0
1139000000	3.3986e-5	1.3062e4	3.5669e3	9.4248e4	295.16	0.006	0.978	2.0179e12	2519	122	4	3.994e13	2.064e12	2.061e12	2.881e11	0
1140000000	9.9819e-5	1.3650e4	2.7842e3	9.5058e4	295.27	0.006	0.979	2.0229e12	2650	126	4	3.997e13	2.959e12	2.954e12	2.691e11	0
1141000000	8.8149e-5	1.4188e4	3.2652e3	9.5788e4	295.48	0.005	0.980	2.0262e12	2717	131	4	3.980e13	3.039e12	3.059e12	2.731e11	0
1142000000	4.0009e-6	1.4585e4	3.4810e3	9.6318e4	295.92	0.005	0.978	2.0028e12	2976	128	4	3.984e13	9.320e11	9.295e11	2.466e11	0
1143000000	2.0901e-4	1.4311e4	1.9254e3	9.5967e4	295.43	0.005	0.978	1.9061e12	2935	131	4	3.813e13	3.332e12	3.336e12	2.303e11	0
1144000000	7.3788e-5	1.4159e4	2.8996e3	9.5748e4	295.58	0.005	0.977	1.9217e12	2925	131	4	3.823e13	2.481e12	2.489e12	2.580e11	0
1145000000	1.2903e-4	1.3886e4	2.7291e3	9.5381e4	295.30	0.006	0.976	1.9307e12	3146	127	4	3.837e13	3.279e12	3.285e12	2.703e11	0
1146000000	3.8340e-5	1.4039e4	3.0344e3	9.5581e4	295.56	0.006	0.976	1.9326e12	3268	125	4	3.827e13	1.952e12	1.946e12	2.618e11	0
1147000000	1.6493e-4	1.3924e4	2.2302e3	9.5437e4	295.31	0.006	0.976	1.9362e12	3555	134	4	3.835e13	3.314e12	3.306e12	2.586e11	0
1148000000	6.8184e-5	1.4002e4	2.9612e3	9.5533e4	295.45	0.007	0.977	1.9381e12	3732	130	4	3.831e13	2.478e12	2.484e12	2.701e11	0
1149000000	9.7197e-5	1.4158e4	2.4645e3	9.5749e4	295.51	0.006	0.977	1.9354e12	4028	132	4	3.824e13	2.673e12	2.665e12	2.559e11	0
1150000000	1.5606e-4	1.4030e4	2.3293e3	9.5581e4	295.34	0.007	0.975	1.9337e12	4186	134	4	3.814e13	3.259e12	3.266e12	2.586e11	0
1151000000	5.4991e-5	1.4191e4	2.9981e3	9.5789e4	295.55	0.006	0.976	1.9266e12	4379	131	4	3.797e13	2.301e12	2.300e12	2.777e11	0
1152000000	6.8565e-5	1.4393e4	2.5409e3	9.6065e4	295.63	0.007	0.974	1.9157e12	4581	135	4	3.773e13	2.281e12	2.275e12	2.488e11	0
1153000000	1.6702e-4	1.4111e4	2.1758e3	9.5692e4	295.35	0.007	0.974	1.9086e12	4901	135	4	3.754e13	3.235e12	3.244e12	2.478e11	0
1154000000	2.9944e-5	1.4116e4	2.9440e3	9.5685e4	295.58	0.007	0.974	1.8964e12	5067	136	4	3.725e13	1.684e12	1.683e12	2.511e11	0
1155000000	1.4126e-4	1.3982e4	2.1203e3	9.5513e4	295.35	0.007	0.973	1.8813e12	5173	131	4	3.696e13	2.967e12	2.952e12	2.501e11	0
1156000000	7.8906e-5	1.3930e4	2.6299e3	9.5436e4	295.42	0.007	0.973	1.8697e12	5335	134	4	3.668e13	2.419e12	2.426e12	2.523e11	0
1157000000	7.4919e-5	1.3886e4	2.3988e3	9.5376e4	295.44	0.007	0.973	1.8529e12	5493	140	4	3.631e13	2.223e12	2.220e12	2.357e11	0
1158000000	1.4920e-4	1.3568e4	2.1074e3	9.4950e4	295.19	0.007	0.973	1.8377e12	5424	136	4	3.593e13	2.886e12	2.892e12	2.356e11	0
1159000000	3.9918e-5	1.3569e4	3.0709e3	9.4941e4	295.31	0.007	0.973	1.8169e12	5637	137	4	3.553e13	1.956e12	1.955e12	2.593e11	0
1160000000	2.5900e-5	1.3873e4	2.7739e3	9.5354e4	295.52	0.007	0.972	1.7919e12	5786	139	4	3.513e13	1.519e12	1.515e12	2.283e11	0
1161000000	1.3477e-4	1.3670e4	1.9004e3	9.5088e4	295.24	0.007	0.971	1.7791e12	5944	132	4	3.476e13	2.563e12	2.559e12	2.147e11	0
1162000000	6.2649e-5	1.3458e4	3.0292e3	9.4791e4	295.19	0.007	0.970	1.7599e12	6091	131	4	3.426e13	2.283e12	2.319e12	2.221e11	0
1163000000	7.5160e-6	1.3469e4	2.8287e3	9.4801e4	295.43	0.007	0.968	1.7249e12	5969	133	4	3.375e13	9.420e11	9.375e11	2.145e11	0
1164000000	1.7348e-4	1.3036e4	1.7229e3	9.4225e4	295.01	0.007	0.971	1.7100e12	4580	129	4	3.371e13	2.733e12	2.721e12	2.061e11	0
1165000000	1.7668e-4	1.2507e4	4.1756e3	9.3500e4	295.07	0.007	0.971	3.0672e12	3368	145	4	9.766e13	5.413e12	5.406e12	3.578e11	0
1166000000	4.5435e-4	1.2223e4	2.8084e3	9.3135e4	294.63	0.007	0.971	4.5065e12	3022	153	4	7.141e13	6.381e12	6.570e12	3.318e11	0
1167000000	0.0000e0	1.2697e4	0.0000e0	9.3743e4	294.11	0.007	0.971	3.8314e12	2653	173	4	5.359e13	0.000e0	5.165e6	1.489e4	0
1168000000	8.0200e-5	1.2615e4	4.2887e3	9.3638e4	294.17	0.006	0.971	3.3333e12	3624	193	4	5.962e13	3.559e12	3.494e12	3.252e11	0
1169000000	1.2439e-4	1.2169e4	2.6191e3	9.3028e4	294.80	0.006	0.970	3.2739e12	2609	169	4	6.388e13	3.051e12	2.993e12	2.909e11	0
1170000000	2.6310e-4	1.2374e4	2.3111e3	9.3324e4	294.91	0.005	0.968	3.0323e12	2509	159	4	5.877e13	4.112e12	4.125e12	2.741e11	0
1171000000	2.1529e-4	1.2334e4	2.5852e3	9.3265e4	294.94	0.005	0.976	3.0015e12	2536	163	4	5.813e13	3.894e12	3.908e12	2.821e11	0
1172000000	2.8831e-4	1.2427e4	2.5300e3	9.3401e4	294.90	0.006	0.978	3.0214e12	2657	160	4	5.984e13	4.946e12	4.936e12	3.261e11	0
1173000000	2.4507e-4	1.2694e4	2.5702e3	9.3763e4	295.05	0.006	0.977	3.0167e12	2587	164	4	5.891e13	4.591e12	4.585e12	3.233e11	0
1174000000	2.4990e-4	1.2961e4	2.8178e3	9.4130e4	295.09	0.006	0.976	2.9832e12	2653	163	4	5.801e13	4.897e12	4.931e12	3.291e11	0
1175000000	3.6921e-5	1.3393e4	3.3964e3	9.4700e4	295.56	0.006	0.976	2.9212e12	2920	154	4	5.677e13	2.055e12	2.046e12	3.059e11	0
1176000000	2.7669e-4	1.3412e4	1.9438e3	9.4750e4	295.36	0.006	0.975	2.7994e12	3353	159	4	5.231e13	3.554e12	3.571e12	2.353e11	0
1177000000	3.4169e-4	1.3033e4	2.1031e3	9.4237e4	295.08	0.006	0.974	2.7366e12	3844	151	4	5.296e13	4.707e12	4.731e12	2.864e11	0
1178000000	5.2521e-5	1.2943e4	2.8674e3	9.4086e4	295.35	0.005	0.973	2.6678e12	3876	157	4	5.144e13	2.056e12	2.053e12	2.747e11	0
1179000000	2.8503e-4	1.2835e4	2.2103e3	9.3961e4	295.08	0.005	0.972	2.6550e12	4307	158	4	5.300e13	4.443e12	4.442e12	2.944e11	0
1180000000	1.3094e-4	1.3085e4	2.4720e3	9.4288e4	295.33	0.005	0.972	2.6448e12	4453	155	4	5.181e13	3.015e12	3.013e12	2.772e11	0
1181000000	2.8187e-4	1.2832e4	1.8624e3	9.3956e4	295.12	0.005	0.971	2.6026e12	4723	161	4	5.079e13	3.897e12	3.889e12	2.684e11	0
1182000000	3.4330e-4	1.2335e4	1.8215e3	9.3278e4	294.89	0.006	0.970	2.5636e12	4922	161	4	4.978e13	4.402e12	4.394e12	2.804e11	0
1183000000	2.5422e-4	1.1894e4	2.2412e3	9.2662e4	294.70	0.006	0.970	2.5197e12	5183	160	4	4.892e13	3.741e12	3.767e12	2.608e11	0
1184000000	2.1932e-4	1.1964e4	2.3197e3	9.2756e4	294.72	0.006	0.969	2.4722e12	5372	156	4	4.804e13	3.868e12	3.862e12	2.880e11	0
1185000000	1.4518e-4	1.2130e4	2.3856e3	9.2977e4	294.84	0.007	0.969	2.4232e12	5362	164	4	4.708e13	3.193e12	3.179e12	2.837e11	0
1186000000	2.0439e-4	1.2261e4	2.1365e3	9.3164e4	294.83	0.007	0.971	2.3756e12	5530	157	4	4.614e13	3.529e12	3.519e12	2.739e11	0
1187000000	6.4195e-5	1.2273e4	2.3870e3	9.3167e4	294.97	0.007	0.970	2.2585e12	5434	159	4	4.319e13	1.846e12	1.855e12	2.195e11	0
1188000000	2.3711e-4	1.1925e4	1.6140e3	9.2703e4	294.70	0.007	0.971	2.1959e12	5603	153	4	4.188e13	2.801e12	2.808e12	1.975e11	0
1189000000	3.4560e-4	1.1539e4	1.5705e3	9.2180e4	294.45	0.007	0.970	2.1859e12	5616	156	4	4.334e13	3.641e12	3.643e12	2.280e11	0
1190000000	2.3647e-4	1.1445e4	1.8614e3	9.2038e4	294.50	0.007	0.968	2.1731e12	5914	161	4	4.264e13	3.162e12	3.171e12	2.308e11	0
1191000000	2.3706e-4	1.1167e4	1.7505e3	9.1653e4	294.38	0.007	0.968	2.1428e12	5851	161	4	4.176e13	3.191e12	3.181e12	2.328e11	0
1192000000	3.3852e-4	1.0833e4	1.5733e3	9.1197e4	294.21	0.006	0.967	2.1044e12	5811	158	4	4.082e13	3.598e12	3.585e12	2.289e11	0
1193000000	1.9885e-4	1.0348e4	2.1321e3	9.0506e4	293.97	0.006	0.967	2.0603e12	5664	154	4	3.975e13	3.161e12	3.190e12	2.333e11	0
1194000000	6.2973e-5	1.0390e4	2.2881e3	9.0553e4	294.20	0.006	0.967	2.0162e12	5640	158	4	3.927e13	1.924e12	1.901e12	2.394e11	0
1195000000	2.1373e-4	1.0339e4	1.7654e3	9.0495e4	294.01	0.006	0.967	1.9806e12	5850	163	4	3.859e13	2.987e12	2.977e12	2.270e11	0
1196000000	2.4522e-4	1.0270e4	1.9267e3	9.0403e4	294.03	0.006	0.966	1.9652e12	5541	158	4	3.893e13	3.368e12	3.369e12	2.406e11	0
1197000000	3.4952e-5	1.0011e4	3.4865e3	9.0018e4	294.20	0.006	0.967	1.9725e12	3871	158	4	3.849e13	1.693e12	1.713e12	2.390e11	0
1198000000	1.7585e-4	9.7642e3	1.6944e3	8.9686e4	293.86	0.006	0.965	1.9554e12	4095	153	4	3.764e13	2.754e12	2.714e12	2.219e11	0
1199000000	4.4353e-4	9.2338e3	1.6259e3	8.8964e4	293.46	0.006	0.965	2.0714e12	2988	156	4	4.384e13	4.257e12	4.205e12	2.252e11	0
1200000000	4.2154e-4	8.7898e3	2.5159e3	8.8333e4	293.25	0.006	0.965	2.3615e12	2781	159	4	5.550e13	5.658e12	5.772e12	2.752e11	0
1201000000	4.0594e-4	8.7516e3	2.0585e3	8.8277e4	293.52	0.006	0.964	2.7702e12	2602	149	4	7.141e13	6.166e12	6.079e12	3.322e11	0
1202000000	9.5737e-4	8.0551e3	1.7290e3	8.7337e4	292.88	0.006	0.964	3.3680e12	2566	157	4	7.733e13	8.579e12	8.487e12	3.400e11	0
1203000000	1.1249e-3	7.5905e3	1.7566e3	8.6688e4	292.55	0.006	0.965	3.8377e12	2479	160	4	8.387e13	9.953e12	1.001e13	3.696e11	0
1204000000	6.2310e-4	7.6769e3	2.8468e3	8.6765e4	292.80	0.006	0.965	4.0006e12	2463	164	4	8.306e13	9.746e12	9.752e12	4.614e11	0
1205000000	5.7827e-4	7.6177e3	2.6587e3	8.6676e4	292.89	0.006	0.965	4.1752e12	2487	166	4	8.571e13	9.503e12	9.440e12	4.680e11	0
1206000000	8.9372e-4	7.2382e3	2.1448e3	8.6160e4	292.53	0.006	0.966	4.1662e12	2551	166	4	8.350e13	9.841e12	9.882e12	4.042e11	0
1207000000	7.7672e-4	6.8057e3	2.1873e3	8.5525e4	292.33	0.005	0.965	4.2246e12	2440	158	4	8.472e13	1.009e13	1.003e13	4.461e11	0
1208000000	1.1195e-3	6.3351e3	1.5475e3	8.4874e4	291.90	0.005	0.966	4.2721e12	2469	168	4	8.425e13	1.058e13	1.053e13	4.052e11	0
1209000000	1.2426e-3	5.9480e3	1.3460e3	8.4322e4	291.57	0.005	0.966	4.2769e12	2371	173	4	8.354e13	1.036e13	1.032e13	3.789e11	0
1210000000	1.4988e-3	5.6743e3	1.2494e3	8.3946e4	291.26	0.006	0.966	4.2534e12	2412	172	4	8.287e13	1.078e13	1.073e13	3.682e11	0
1211000000	1.4657e-3	5.5828e3	1.1242e3	8.3809e4	291.15	0.006	0.966	4.2249e12	2261	169	4	8.210e13	1.041e13	1.034e13	3.603e11	0
1212000000	1.6682e-3	5.6866e3	1.1363e3	8.3979e4	291.21	0.005	0.966	4.1951e12	2226	167	4	8.150e13	1.076e13	1.080e13	3.550e11	0
1213000000	1.0132e-3	5.6406e3	1.8666e3	8.3852e4	291.33	0.006	0.967	4.1817e12	2207	170	4	8.226e13	1.054e13	1.049e13	4.259e11	0
1214000000	1.1953e-3	5.6526e3	1.6781e3	8.3886e4	291.32	0.006	0.966	4.2127e12	2193	182	4	8.354e13	1.096e13	1.096e13	4.081e11	0
1215000000	1.1111e-3	5.5850e3	1.8438e3	8.3780e4	291.33	0.006	0.966	4.2529e12	2207	179	4	8.447e13	1.128e13	1.124e13	4.387e11	0
1216000000	1.3017e-3	5.3931e3	1.5564e3	8.3516e4	291.10	0.006	0.970	4.3027e12	2231	181	4	8.540e13	1.140e13	1.132e13	4.174e11	0
1217000000	1.6019e-3	5.4539e3	1.1783e3	8.3632e4	291.12	0.006	0.970	4.3361e12	2267	173	4	8.525e13	1.016e13	1.018e13	3.470e11	0
1218000000	1.6519e-3	5.4017e3	1.2671e3	8.3560e4	291.04	0.006	0.970	4.3371e12	2195	183	4	8.495e13	1.152e13	1.150e13	3.925e11	0
1219000000	1.3898e-3	5.3212e3	1.3022e3	8.3418e4	291.05	0.006	0.969	4.3399e12	2234	184	4	8.519e13	1.007e13	1.008e13	3.622e11	0
1220000000	1.6947e-3	5.2984e3	1.2232e3	8.3412e4	291.02	0.005	0.969	4.3533e12	2341	180	4	8.541e13	1.169e13	1.161e13	3.991e11	0
1221000000	1.8752e-3	5.2251e3	1.1028e3	8.3321e4	290.88	0.005	0.968	4.3592e12	2337	175	4	8.555e13	1.170e13	1.160e13	3.871e11	0
1222000000	2.0197e-3	5.4120e3	1.0126e3	8.3609e4	290.99	0.006	0.968	4.3464e12	2410	189	4	8.464e13	1.011e13	1.018e13	3.258e11	0
1223000000	1.2661e-3	5.5975e3	1.3454e3	8.3812e4	291.25	0.007	0.968	4.1215e12	2364	187	4	8.083e13	9.795e12	9.783e12	3.716e11	0
1224000000	1.4009e-3	5.7013e3	1.4265e3	8.3976e4	291.26	0.007	0.967	4.1234e12	2421	179	4	8.104e13	9.963e12	1.002e13	3.609e11	0
1225000000	9.2252e-4	5.8975e3	1.4442e3	8.4219e4	291.60	0.007	0.967	4.1409e12	2444	181	4	8.182e13	8.948e12	8.887e12	3.825e11	0
1226000000	1.5170e-3	5.7533e3	1.3218e3	8.4063e4	291.22	0.008	0.967	4.1515e12	2587	178	4	8.163e13	1.104e13	1.091e13	3.908e11	0
1227000000	1.6496e-3	5.8625e3	1.1387e3	8.4235e4	291.29	0.008	0.967	4.1267e12	2869	184	4	8.017e13	8.828e12	8.893e12	3.065e11	0
1228000000	1.2036e-3	6.1440e3	1.4830e3	8.4604e4	291.62	0.008	0.966	4.0962e12	3019	178	4	7.992e13	9.869e12	9.758e12	3.876e11	0
1229000000	1.5810e-3	6.0162e3	9.7191e2	8.4453e4	291.44	0.008	0.967	4.0635e12	3357	187	4	7.890e13	7.591e12	7.601e12	2.661e11	0
1230000000	1.7066e-3	6.2020e3	1.0093e3	8.4735e4	291.51	0.008	0.967	4.0101e12	3455	188	4	7.754e13	8.306e12	8.329e12	2.844e11	0
1231000000	1.5124e-3	6.4964e3	1.1141e3	8.5145e4	291.79	0.008	0.966	3.9610e12	3685	183	4	7.679e13	9.447e12	9.339e12	3.406e11	0
1232000000	1.8177e-3	6.3565e3	6.3877e2	8.4970e4	291.66	0.008	0.966	3.9068e12	3884	191	4	7.556e13	7.124e12	7.130e12	2.358e11	0
1233000000	1.5536e-3	6.3287e3	1.0466e3	8.4905e4	291.64	0.008	0.966	3.8512e12	4106	193	4	7.491e13	8.900e12	8.909e12	3.184e11	0
1234000000	9.6268e-4	6.3642e3	9.7586e2	8.4902e4	291.82	0.009	0.964	3.9337e12	4230	188	4	7.836e13	5.086e12	5.123e12	2.162e11	0
1235000000	1.5813e-3	6.2744e3	1.1290e3	8.4829e4	291.48	0.010	0.963	3.9741e12	4334	188	4	7.917e13	9.783e12	9.661e12	3.460e11	0
1236000000	1.6369e-3	6.2958e3	1.0581e3	8.4865e4	291.58	0.010	0.963	3.7369e12	4687	192	4	7.366e13	4.135e12	4.262e12	1.435e11	0
1237000000	1.1659e-3	6.2542e3	1.1964e3	8.4761e4	291.65	0.010	0.963	3.7609e12	4291	170	4	7.464e13	5.223e12	5.252e12	2.049e11	0
1238000000	1.4582e-3	6.1165e3	1.1303e3	8.4588e4	291.37	0.010	0.963	3.7670e12	4626	185	4	7.369e13	8.945e12	8.865e12	3.257e11	0
1239000000	1.2912e-3	6.2938e3	1.3684e3	8.4830e4	291.40	0.010	0.964	3.7605e12	4933	185	4	7.330e13	8.702e12	8.923e12	3.204e11	0
1240000000	7.5584e-5	6.7938e3	6.6432e-35	8.5443e4	292.55	0.010	0.962	3.6932e12	4025	166	4	7.076e13	1.456e10	2.147e11	1.100e9	0
1241000000	5.5059e-4	6.7701e3	1.4581e3	8.5453e4	292.20	0.010	0.968	3.6111e12	4980	183	4	6.996e13	5.511e12	5.442e12	2.906e11	0
1242000000	1.1594e-3	6.6552e3	1.2040e3	8.5343e4	291.87	0.010	0.968	3.5510e12	5413	180	4	6.858e13	7.741e12	7.615e12	3.130e11	0
1243000000	1.4097e-3	6.6628e3	5.8676e2	8.5377e4	291.81	0.010	0.967	3.4841e12	5654	176	4	6.702e13	4.798e12	4.816e12	1.767e11	0
1244000000	1.5340e-3	6.9171e3	8.7651e2	8.5756e4	292.02	0.009	0.967	3.4094e12	5587	182	4	6.543e13	7.233e12	7.240e12	2.624e11	0
1245000000	7.5212e-4	7.1560e3	1.6591e3	8.6028e4	292.26	0.010	0.966	3.3337e12	5602	174	4	6.419e13	2.611e12	2.743e12	1.210e11	0
1246000000	8.1039e-5	7.3971e3	2.0305e3	8.6313e4	293.03	0.009	0.965	3.4260e12	5255	170	4	6.985e13	1.083e12	1.116e12	1.220e11	0
1247000000	6.9337e-4	7.1396e3	1.5833e3	8.5999e4	292.37	0.009	0.965	3.3685e12	5944	173	4	6.841e13	6.378e12	6.277e12	3.198e11	0
1248000000	9.2885e-4	7.0314e3	8.6242e2	8.5865e4	292.25	0.009	0.973	3.3048e12	6063	166	4	6.452e13	4.132e12	4.134e12	1.814e11	0
1249000000	1.1808e-3	7.0903e3	1.1030e3	8.5973e4	292.11	0.009	0.973	3.2625e12	6079	172	4	6.300e13	6.905e12	6.848e12	2.713e11	0
1250000000	1.2251e-3	7.1850e3	7.1469e2	8.6114e4	292.26	0.009	0.972	3.1973e12	6183	172	4	6.120e13	4.119e12	4.142e12	1.592e11	0
1251000000	1.3811e-3	7.3731e3	8.7527e2	8.6399e4	292.27	0.009	0.970	3.1403e12	6132	169	4	6.117e13	6.661e12	6.609e12	2.493e11	0
1252000000	1.4573e-3	7.6877e3	8.8474e2	8.6858e4	292.59	0.008	0.971	3.1576e12	6005	171	4	6.209e13	6.664e12	6.685e12	2.422e11	0
1253000000	1.0136e-3	7.7254e3	1.3668e3	8.6871e4	292.13	0.008	0.970	3.0461e12	5670	165	4	6.100e13	6.697e12	6.704e12	2.620e11	0
1254000000	9.4502e-4	7.6699e3	1.2562e3	8.6785e4	292.60	0.008	0.969	3.1959e12	5797	172	4	6.485e13	6.444e12	6.410e12	2.782e11	0
1255000000	1.0605e-3	7.8795e3	7.3584e2	8.7096e4	292.81	0.008	0.970	3.2818e12	6061	172	4	6.544e13	4.813e12	4.808e12	1.940e11	0
1256000000	1.3247e-3	7.9669e3	1.0185e3	8.7246e4	292.76	0.008	0.970	3.2802e12	6211	170	4	6.410e13	7.295e12	7.240e12	2.758e11	0
1257000000	1.1460e-3	7.8493e3	1.1239e3	8.7061e4	292.81	0.007	0.969	3.2468e12	6270	160	4	6.311e13	3.038e12	3.106e12	1.223e11	0
1258000000	7.6617e-4	7.9184e3	1.0089e3	8.7124e4	292.99	0.007	0.969	3.4246e12	6157	167	4	7.158e13	4.052e12	4.077e12	1.917e11	0
1259000000	1.1047e-3	7.9012e3	1.3300e3	8.7131e4	292.78	0.007	0.971	3.5327e12	6202	175	4	7.104e13	7.856e12	7.766e12	3.171e11	0
1260000000	1.1216e-3	7.7423e3	5.6272e-1	8.6905e4	292.83	0.007	0.970	3.1669e12	6388	175	4	6.330e13	5.784e10	1.863e11	2.229e9	0
1261000000	8.4936e-4	7.6495e3	1.6092e3	8.6747e4	292.87	0.007	0.971	3.1638e12	6082	181	4	6.162e13	6.196e12	6.202e12	2.598e11	0
1262000000	8.1120e-4	7.7407e3	1.3850e3	8.6874e4	292.84	0.007	0.970	3.1211e12	6280	187	4	6.022e13	6.191e12	6.126e12	2.865e11	0
1263000000	1.0505e-3	7.6459e3	9.9398e2	8.6760e4	292.71	0.007	0.970	3.0678e12	6565	179	4	5.920e13	5.430e12	5.436e12	2.226e11	0
1264000000	6.6164e-4	8.0413e3	1.6808e1	8.7290e4	293.04	0.007	0.969	2.8039e12	6455	190	4	5.363e13	3.665e10	1.762e11	1.693e9	0
1265000000	7.7208e-4	8.0489e3	1.1411e3	8.7311e4	293.07	0.007	0.969	2.7422e12	6342	172	4	5.248e13	4.680e12	4.685e12	2.137e11	0
1266000000	5.1006e-4	7.9944e3	1.6969e3	8.7209e4	293.11	0.006	0.969	2.6842e12	6618	181	4	5.144e13	3.068e12	3.100e12	1.704e11	0
1267000000	4.1748e-4	8.0017e3	1.3235e3	8.7211e4	293.22	0.006	0.968	2.4391e12	6516	181	4	4.672e13	2.328e12	2.353e12	1.334e11	0
1268000000	6.0161e-4	7.6493e3	1.2496e3	8.6723e4	292.78	0.006	0.966	2.0660e12	6444	180	4	3.960e13	4.209e12	4.191e12	2.148e11	0
1269000000	3.2692e-4	7.4277e3	1.7631e3	8.6380e4	292.68	0.007	0.965	2.0186e12	6288	175	4	3.885e13	3.537e12	3.486e12	2.256e11	0
1270000000	3.9831e-4	7.1810e3	1.8108e3	8.6031e4	292.68	0.007	0.964	2.0386e12	6368	180	4	4.226e13	4.159e12	4.165e12	2.431e11	0
1271000000	4.7419e-4	6.9968e3	1.7595e3	8.5773e4	292.64	0.007	0.964	2.3086e12	4180	191	4	5.011e13	4.941e12	4.928e12	2.649e11	0
1272000000	9.0785e-4	6.8946e3	1.6211e3	8.5666e4	292.36	0.007	0.964	2.5229e12	3926	182	4	5.562e13	7.895e12	7.794e12	3.320e11	0
1273000000	7.9833e-4	6.7224e3	1.5500e-8	8.5406e4	292.33	0.007	0.964	2.7873e12	3852	184	4	5.621e13	2.146e10	3.597e11	8.293e8	0
1274000000	3.7403e-4	6.4339e3	3.2886e3	8.4949e4	292.39	0.008	0.964	2.9985e12	3507	198	4	6.469e13	6.404e12	6.429e12	3.348e11	0
1275000000	5.8584e-4	6.4162e3	1.4104e3	8.4943e4	292.19	0.008	0.965	3.3157e12	3377	191	4	7.242e13	6.601e12	6.557e12	3.415e11	0
1276000000	8.3766e-4	6.4546e3	1.8516e3	8.5022e4	292.08	0.008	0.965	3.5211e12	3415	182	4	7.164e13	8.152e12	8.061e12	3.672e11	0
1277000000	1.0234e-3	6.2226e3	7.3014e2	8.4702e4	292.02	0.008	0.964	3.5807e12	3580	190	4	7.027e13	4.579e12	4.586e12	1.862e11	0
1278000000	1.3196e-3	5.9964e3	1.2419e3	8.4400e4	291.58	0.008	0.964	3.5642e12	3740	196	4	6.889e13	8.433e12	8.371e12	3.164e11	0
1279000000	9.7454e-4	6.1669e3	8.1220e-4	8.4617e4	291.88	0.008	0.963	3.3167e12	3867	194	4	6.380e13	4.587e10	1.937e11	1.844e9	0
1280000000	9.0194e-4	6.2208e3	1.4983e3	8.4688e4	291.93	0.008	0.963	3.2665e12	3625	187	4	6.309e13	7.151e12	7.054e12	3.126e11	0
1281000000	1.1976e-3	5.9181e3	1.2093e3	8.4274e4	291.77	0.007	0.962	3.0506e12	3848	180	4	5.935e13	6.574e12	6.584e12	2.549e11	0
1282000000	7.4888e-4	5.8640e3	1.9268e3	8.4154e4	291.09	0.007	0.962	3.0153e12	3616	177	4	5.755e13	6.931e12	6.909e12	2.978e11	0
1283000000	4.1587e-4	5.9700e3	2.4927e3	8.4278e4	291.99	0.007	0.962	3.1517e12	3588	180	4	6.860e13	3.394e11	4.559e11	1.928e10	0
1284000000	6.7224e-4	5.9097e3	1.6992e3	8.4214e4	291.93	0.006	0.963	3.2471e12	3956	182	4	6.993e13	6.273e12	6.263e12	3.003e11	0
1285000000	7.7839e-4	6.0497e3	1.8693e3	8.4428e4	291.96	0.006	0.963	3.4182e12	4107	181	4	6.980e13	7.678e12	7.637e12	3.561e11	0
1286000000	8.3781e-4	5.8367e3	9.7982e2	8.4123e4	291.91	0.006	0.963	3.3033e12	4310	186	4	6.501e13	3.871e12	3.898e12	1.742e11	0
1287000000	9.6104e-4	5.5484e3	1.5359e3	8.3712e4	291.43	0.006	0.962	3.2728e12	4549	183	4	6.335e13	7.474e12	7.491e12	3.139e11	0
1288000000	4.5864e-4	5.6235e3	2.1052e-25	8.3776e4	291.87	0.005	0.962	3.2143e12	3985	170	4	6.244e13	2.736e10	1.499e11	1.422e9	0
1289000000	8.1678e-4	5.2897e3	1.6000e3	8.3319e4	291.42	0.005	0.964	3.1580e12	4634	182	4	6.101e13	6.820e12	6.752e12	3.088e11	0
1290000000	7.8440e-4	4.9812e3	1.5271e3	8.2863e4	291.25	0.005	0.963	2.7573e12	4936	181	4	5.305e13	4.229e11	5.272e11	1.906e10	0
1291000000	6.8959e-4	4.8097e3	1.4174e3	8.2601e4	291.04	0.004	0.961	2.5477e12	4801	169	4	4.923e13	5.060e12	5.091e12	2.417e11	0
1292000000	2.6563e-4	4.9325e3	1.6000e3	8.2744e4	291.46	0.004	0.961	2.5073e12	4981	178	4	4.875e13	1.666e12	1.692e12	1.184e11	0
1293000000	7.0664e-4	4.5850e3	1.3183e3	8.2270e4	290.87	0.004	0.960	2.4681e12	5002	175	4	4.746e13	5.074e12	4.988e12	2.472e11	0
1294000000	9.8084e-4	4.3067e3	1.1516e3	8.1882e4	290.61	0.004	0.959	2.4419e12	2897	157	4	4.772e13	5.435e12	5.434e12	2.172e11	0
1295000000	7.9486e-4	4.2542e3	1.6629e3	8.1788e4	290.61	0.004	0.960	2.5501e12	2781	163	4	5.499e13	6.161e12	6.246e12	2.597e11	0
1296000000	2.0355e-4	4.2267e3	3.7324e3	8.1694e4	291.14	0.004	0.957	2.7607e12	2665	163	4	5.845e13	4.613e12	4.631e12	2.886e11	0
